dc779e2182404ed2e7d3b184cda0e32f7fab1867,2013-12-03 16:22:18,33787,20252
25d5679024b07060b7ed84c8a10cf972dd80cb8b,2013-11-20 14:32:14,33784,20248
56e3221325bd3361368fed0f360eec84736c1a3c,2013-11-19 22:37:09,33786,20249
ba9eeb52bac3188c79e4978a4927c9f045e715a9,2013-11-17 22:32:20,33794,20257
9280d855e3dde54cfb7b4c2a477c52b34dd11152,2013-11-09 13:57:48,33790,20253
19dcf9f1c5f4c3f162fd44be94963423ed3b5b3d,2013-11-09 13:54:20,33790,20253
d1de6e89117f02adfa0f4ba05b9cf6ba3f2ecfb7,2013-11-07 15:56:50,33792,20259
28d345a231cfae6b4fcc6a0e394a3534269cd168,2013-11-07 13:33:28,33792,20259
cf5349dca4d6dd0f257ba637870fff46cf400aba,2013-11-06 18:47:27,31621,18119
ae33e34b4950291025623b5d71de1e5e3dd8ed51,2013-11-06 18:34:19,31618,18119
01d9f0f9b1e85cb21a2940902bc8ba4280c8bca9,2013-11-04 16:16:42,31610,18116
a653dfe34fd40b163ff69a1ac637612bb3517f92,2013-10-17 23:12:07,31527,18033
34f2f0d33e4b49a0fc1e0fd5653b383faf66e9c3,2013-10-17 23:00:14,31517,18033
02ebc787f0e24b62e06c36c1424c41a1c158e42d,2013-10-15 11:41:29,31492,18012
d13b40e58afc8e2ec9756c14b2c220200c065ab7,2013-10-11 01:52:23,31493,18012
008f3f1813b5674ffe58c177af1a646c67d514fb,2013-10-11 01:28:09,31491,18012
0a4399e3de5cb2ab75a0338669582f18c1fae3ae,2013-10-11 00:57:30,31496,18012
41f815dbc9deca758b96cdda9c449928bbe0a4ee,2013-10-11 00:32:19,31725,18011
ac83197b039a23e269274c47ca58d86815234b79,2013-10-11 00:21:59,31727,18011
a895d2901183d8115f8f7f41aaeff64a02d80813,2013-10-10 20:22:59,31693,17978
d9ac39fa64b712be99cf71ac537e5f25343fd847,2013-10-10 20:14:13,31682,17978
9c47a78f1aece2b78827d3eca359cb4f3431199c,2013-10-10 13:18:45,31672,17971
9d882341d6d42acb051d5b42bd894c55228a6c9f,2013-09-22 18:21:31,31630,17931
30f84f58a5b311527c805a9f9598a0b866557c9c,2013-09-19 20:57:53,31626,17931
98356bd85dbed836f53d4c0eda9fb4b89b6d35f0,2013-09-19 20:53:54,31622,17929
cfe44928636dc19d1a57857137bff2414576e88a,2013-09-12 00:30:28,31607,17917
abcb3cf3ef9b07287b558bab67a5c467892831f2,2013-09-12 00:19:37,31525,17835
881045349555033d721d72fdaeff5e159bfb1ea7,2013-09-11 20:51:10,31524,17837
10b0825dbbd2af84ef50d5f506c3fd3c1cffe68a,2013-09-11 20:44:35,31513,17826
c19827019a10ed2229b3901d54f9765b2532ab45,2013-09-11 18:39:54,31512,17825
22ab3ea78a643bacf36ca4df85b1a32f111ef45e,2013-09-11 18:33:37,31511,17825
6e5683f6062c860e69c1ff896158145e482648c2,2013-09-11 17:49:23,31511,17825
4126a58be67e823f6142b3d91a882d653c4d6e8b,2013-09-11 17:36:31,31534,17837
d68e007eb50532c6597df132adeca676154de965,2013-09-11 17:27:39,31532,17837
42370dd80fb390bafa5c296c3986f61c35952bf4,2013-09-11 17:20:05,31515,17837
2acf58e86233b9c1dce52071160af920e29efa3a,2013-09-11 17:13:52,31501,17823
027e8f638d87d4ac14132ec442c43f808d16b35f,2013-08-06 21:31:29,31523,17822
633591ef526d4283c1b106710989ebca0e3e4d5c,2013-08-06 20:19:58,31523,17822
37b5abc4162ee7f8e008c4a202955811df598e5e,2013-08-01 13:44:26,31523,17822
f305ebae690cff1a0c5da9f387aa6dd55db5873f,2013-07-30 07:23:36,31522,17822
06433f550465366a870657ffbb7a7548136d499f,2013-07-30 07:21:54,31522,17822
20b8cffb1a354cc1a5e95c2cc9133a6e1d53bad0,2013-07-29 06:58:23,31517,17822
ae90da0fff643746e35e0c3b7d1b44c18f65f88c,2013-07-07 18:16:13,31509,17822
f2520913e504cdc17d773f2ca5f452ca090d92fa,2013-07-07 17:59:19,31506,17822
25f39490ee352a19f325823f9d5a29a9a0e00d92,2013-07-05 16:40:44,31471,17792
8c9a6ad8e79b4ecdb8cd39d71efa067e04a3a5c7,2013-07-03 11:50:53,31426,17747
b4455a6fb645a9c04aa9d5aad91c1e60aa4254b2,2013-07-02 16:37:20,31426,17747
0956a81f51c87f7e4b1cb21350d83436f52d55b7,2013-06-26 09:00:16,31427,17747
3a8204d902595f0444153da88daebbdd194a362a,2013-06-24 16:19:05,31331,17680
fd0cb9695d249dfd044ecd6079fa17e7774cc0f8,2013-05-01 18:38:33,31331,17680
6b3e52cd9dfdccf2404d9a62d751dce7cc1f75c9,2013-04-26 15:08:32,31314,17664
921799c31017820b51f7d4cf1cae2677dcbf898c,2013-04-26 05:37:25,31314,17664
dc5de0190e266cde82c295bdd190ef7709f55c5b,2013-04-22 15:22:23,31313,17664
32743e6b60a9b02619cd39f1cbe00d3dd77639a9,2013-04-22 01:02:37,31328,17675
6d72e1be3568dad0556ceb438ab7d45ea29f365f,2013-04-22 00:23:26,31322,17670
2caf748651c5f927d9ce2c47723f307c5578f1ef,2013-04-22 00:23:25,31319,17670
f61bd29d3065f70345215532704280dd0b7c2ffe,2013-04-12 15:54:53,31311,17664
afb9dfc6d87d0929980f4356d1e5d49fc2e1ff7d,2013-04-04 07:06:25,31343,17691
9116ddea6aeaca2d06a2dc9492cd4c44d251a06b,2013-04-03 13:33:20,31312,17668
624a5076ecef00f1f5384d5500f826dd8e7fac40,2013-03-30 21:06:33,31313,17668
4db26764779e942b9c02d114e9836508da800f44,2013-03-29 19:16:00,31313,17668
8e7208e0d8bed32528751e176a96fabdc60b5802,2013-03-29 18:46:17,31301,17659
0e7ac5a619a3b59d0cd3eab1e6640518ab385da0,2013-03-29 13:32:33,31294,17652
7adeeafce48d137d7c2d507b7821170f4b923e68,2013-03-29 03:35:19,31294,17652
42d3588b73fc2158537f0e8006601a12c447ff7a,2013-03-22 12:50:09,31305,17662
c3c48e8784fd5bf4aa0b6371d5a7eb2cf3f92ae4,2013-03-21 01:23:50,31305,17662
31cff06397fa93afbf9b030fdfb56868c8407d50,2013-03-20 14:14:49,31306,17662
12ae2b221c95582f983f2fc684861b836dcc8272,2013-03-20 12:31:40,31303,17662
a50000dc1ac61ad426feae9d2be2ba905896236f,2013-03-20 12:22:04,31298,17662
699fe3271262043bb137bae97bd0003d6d193f27,2013-03-20 12:13:55,31298,17662
9414b9a7c32e3cba1052a42702a86908ba84bc46,2013-03-20 07:11:25,29007,17662
fe251a477da230f26c317a5b72905641ece39fef,2013-03-20 04:01:53,28971,17659
2b8f116dccc85ae51c856c7851f2bafb57a1023f,2013-03-20 03:11:18,28887,17580
d6e283ec3e02c394adddd0a593a07eb4ee240287,2013-03-20 02:50:42,28872,17565
556938a593e45612cba6746466ceb8bf20b4b40c,2013-03-20 02:14:39,28855,17552
5b7d5bb23f7f3081d8c1978eb4b283c2633fc3f0,2013-03-20 00:23:45,28855,17552
f495c3615b5484ed7647cfc4f4ad3e276327e136,2013-03-19 23:51:51,28844,17545
155bd064a94e2c98a8d5c6c78014ae9822813623,2013-03-19 23:41:21,28835,17545
83eb26f971e36e7e90e23a7f3bafc0a38b8bfdf1,2013-03-19 12:07:53,28822,17528
71f4359e07fe78520dc9cc94d8852f75a4c0b544,2013-03-19 11:44:44,28784,17502
46bf8c8197bee37be4380fe7fae4c396fa49949f,2013-03-19 11:37:51,28834,17502
04da5ade56c5fdc536cd7e6d54cbe71a48148d97,2013-03-19 11:22:46,28850,17516
b7096f8f741cba6c4b771af10d36f719f8e4683e,2013-03-19 11:16:34,30234,18900
01a9c30f2672c9e784b415f56224de77d6c84893,2013-03-19 11:15:41,30234,18900
8bf56c6676274c3d717b71b480ce7f6d1811fa89,2013-03-19 11:10:50,30219,18886
9437bb2efffd8bef3758ee26f0222e54d81eab0a,2013-03-19 11:06:37,30167,18886
e6e7fe878b4b3383d6af8b9677a6ab8ef3aeb84d,2013-03-19 10:59:31,30167,18886
a920fed91b0108e3f722ad002e228c6046c1e3b6,2013-03-19 10:45:05,30150,18869
9e206e1fd56672f092ed6018f5448ef65672eb98,2013-03-19 10:23:14,30106,18856
0f1b88bae92b31b610d4000d49d6f33ee8516a91,2013-03-19 10:10:37,30107,18856
ad37b3f9c9641b338fba17c651a838c3e7746a62,2013-03-19 10:05:26,30098,18847
b0bfe5a16eaebf21b39de7d8344b6b3af63561c3,2013-03-19 09:57:07,30098,18847
c828436196edb1626fb1b84eff0d9a1bafd7c943,2013-03-19 09:53:18,30097,18847
2077861a49fbbe05629487ebc75d8b2936fe9def,2013-03-19 06:45:36,30095,18847
932b369c96b1e36f8dd41ae201a85d89c4d65b8c,2013-03-19 01:42:17,30067,18824
4c56e50b1100eff6fdef8df3f7736a836d9c732b,2013-03-15 12:56:29,30066,18824
293fb23921d65c75f18dc9b67fbcaa7bb3b904f5,2013-03-12 13:40:08,30070,18824
b70b00a0af940970a304a76c4de8447f704ad5ba,2013-03-11 15:34:39,30070,18824
17277f0123a3b852e84e929b2f8c0e2194399426,2013-03-11 14:09:56,30045,18808
a69a7e8ed2827ba1306123500f98293e5a42e4f2,2013-03-09 01:13:11,26853,18616
4be1288923d3c73c1d540c02ab238dfc56266e2b,2013-01-25 10:42:14,26852,18616
be45a320e5ccb348c05ccd75824c8b3b3d06632a,2013-01-23 12:56:11,26814,18584
160b27fcddd67c1eda93fa3280d3c42f023229ad,2013-01-23 09:50:38,26817,18584
fbcfea4c5f9c8fba9907a6b9974df9ea3c8e40b3,2013-01-22 17:21:48,26815,18584
87ee87dc3a2f00c5edf9aae5d337a773c8935492,2013-01-17 20:04:13,26812,18584
9b3fa12fad755626501e8f363f07a0f976d90f3d,2013-01-16 02:41:38,26812,18584
f1b2785a89842160e21efc3f1f5b4ebd2c6fa310,2013-01-16 02:17:33,26813,18584
902c3e23426789056859adcde2be726963c59193,2013-01-16 02:16:44,26823,18584
172b4886f93ba86b6bf78296574ec1562292fc97,2013-01-15 20:38:19,26823,18584
836a8cb4d8744fcd71d6ca227dda051a4e5cb325,2013-01-15 20:31:47,26825,18584
179887e11683a7efeea5614c50ed8bea3659af2b,2013-01-15 15:01:32,26835,18584
4d8ca2b837defe8b39b3df1fb9763006d736e372,2013-01-15 14:53:39,26835,18584
56d363c886469eedec237e040e02bb33feb7c2e6,2013-01-12 01:33:45,26797,18547
ce63c8e0c065610dae5bf8c29927dab861cafed8,2013-01-12 01:26:09,26797,18547
0836b563af5d04436a79bdff4dcee24fb1cefdac,2013-01-11 22:24:02,26797,18547
ef5503400ef5741a5c2bbbc664aab755ce2690cd,2013-01-11 22:10:13,26787,18547
915700f35216501dbe1f3af5397e2b2c5ee501fc,2013-01-11 18:03:11,26772,18547
975a44a6f1e3ead1bd5d9d843fdb6273092c4801,2013-01-11 16:20:57,26774,18549
95480b8f1a9a94bfc40e69b49930e7a546096c69,2013-01-10 15:58:00,26766,18542
edb68c7b956a412d7237912ebc7fb6ccd98bc701,2013-01-10 15:49:06,26766,18542
6198ee8bdad4f59234fcbfa8a2bffbbbc5818e98,2013-01-09 00:09:32,26744,18528
ba8f1800bcbd26cfb26133c1fa541e42d511a971,2013-01-08 17:07:21,26744,18528
22b2398aebd3970690c82dca6b33370df4c01769,2013-01-07 20:31:53,26746,18528
3817742f0fed8de1722a9f7c06e8e6e3d3dbba32,2013-01-07 19:45:34,26084,17866
016825e7252635a74c35ecc7342ac7212e6336f8,2013-01-07 16:27:32,26085,17866
317c5b97638652cd4f17816243dab9cf0e3c7ba7,2013-01-07 16:27:32,26072,17853
17bb8bacc06bb97f7ca6020f31d5fd6ca6c3cbfa,2013-01-07 16:27:32,26072,17853
52dc7de74fb91114224a292ae852df6aec58d2ee,2013-01-07 16:27:32,26072,17853
6e3e1370196a7ab7b892bbb52be8897e795a0965,2013-01-06 23:48:01,26071,17853
10cf99a7e608552dd970f42e301b99c4aa07b7de,2013-01-06 00:10:26,26071,17853
a93ed0443f2a2a1d5d7af8c0f8672285c54275ca,2013-01-02 15:30:03,26071,17853
245b2ff84d50578778576bcacba648a9045e49c1,2013-01-01 22:22:17,26078,17853
15959b1224c1cc78303753f3d4afc518e4f6f40a,2012-12-28 23:10:12,26100,17855
c45e3109f76be52195251f0d685770549dd9fdcb,2012-12-28 23:04:23,26108,17864
678bdd0c85f3ebe2d8e0c14b21760243643908f2,2012-12-28 02:21:42,26116,17869
03f1de06d11e959fc8c9c3598afd0bd357e3b2d8,2012-12-27 06:28:11,26116,17869
e12e1d8d45fdf51f72714da7678de930d72aa1e8,2012-12-27 06:16:08,26117,17869
61021d31e2c943c2188f90cabf85ac7b9574554c,2012-12-26 23:11:15,26099,17851
1e8c79dd99170dd493d23331b3b4e0475111dd37,2012-12-26 22:23:07,26110,17851
14d124a5774e3755d5f71f00afa7956dc47eee89,2012-12-26 19:17:37,26110,17851
047d0d6bf4c3b50240c19a025c29422cdcaa6dbd,2012-12-26 18:07:36,26113,17851
54fe48f8e33f32a7febb9b538eae6072cb67bf13,2012-12-26 15:14:22,26112,17850
7fe4138b6513b5d0dd9f49ee6af4dd4bf8958f85,2012-12-26 14:30:24,26107,17850
c396adb2dde5265a6a76e8affc75d5bf47d0ab4a,2012-12-26 06:54:49,26105,17850
a24544bdc4fed7510e2ae0312164f9a8a89b9ee6,2012-12-23 16:11:15,26093,17838
16bcd429c8f83cc445bc133418a2ed5bc97fda98,2012-12-22 20:39:28,26093,17838
e16c762ec50e061b0fd940fb9d90bfe24f51f763,2012-12-21 23:06:09,25887,17632
6868457ff5cda6a5324b5607686915638a371e8e,2012-12-21 21:29:10,25887,17632
ef0db237ca92d050ee71ad8d9fd35e3b2b898967,2012-12-21 18:47:30,25871,17613
b6ca71c594956ffa625e10eaeab547cb520dc3fc,2012-12-21 17:51:09,25871,17613
1c131daef6b03125a427ddc76ff7a2a7680bad5f,2012-12-21 16:19:38,25835,17588
09bd7fe8a8dc9e7ba9b856f0dd8db1a54e9e6998,2012-12-21 16:18:15,25835,17588
812a8465dec715517086491cb9b7283f7d5d8a5a,2012-12-21 16:13:09,25835,17588
d0af33646cc63e27ea4be103d462416fc584f723,2012-12-21 16:07:55,25820,17573
0e20e93b81ac04751025cb212f3ead12e0b26c88,2012-12-21 15:58:46,25818,17572
5ac783bd2d8c2afc07a611704af5b880c360181e,2012-12-21 15:56:57,25805,17560
2eab0fe3b81f8edeac19226251b7941ffe0e178c,2012-12-21 15:51:02,25805,17560
3ffcce8cb82ebbd27bd18c71d836fc999c14365e,2012-12-21 15:46:02,25794,17548
34f852803aa96801321b4319ab863ca2f111779c,2012-12-21 15:23:16,25789,17545
d7179e553d3104cfaf182c4c45d17e79c03d182c,2012-12-20 21:06:17,25737,17502
23a06733211934569295953fa553e95e9bd08ec9,2012-12-20 21:00:31,26447,18212
c0f3f424bb05d8dda3ca8a98bcdd9c32813c4e7d,2012-12-20 20:39:32,26447,18212
9c55b4b3498329eb413bafc737fc1a711fafda98,2012-12-20 20:30:29,26447,18212
14bfb400fc8b4f00b531ec1e490796df2c0760e8,2012-12-20 19:53:33,26484,18258
f29c912dc771b7548d3f69e33e196277039c8fd1,2012-12-19 23:15:51,26488,18255
8178bf1d6b0d903f2eb873c79c2ea95a36ccdaf4,2012-12-19 23:12:20,26488,18255
7fce8d799b9b84e4c8449e84a3439f4a95270bbf,2012-12-19 22:56:33,26495,18261
cc8a5c2d9c2311434d51ed42f783159fd1788c08,2012-12-19 22:51:33,26502,18262
e92c52619f57627728c7d32c0eda30e2a0c9e0bb,2012-12-19 22:35:28,26504,18265
9c5d02ef1522bff35e1ad2a5b0d6f765b6fbe6ae,2012-12-19 22:25:52,26512,18271
5a3ec24cc931731bf5a1385be85382608f3cf6db,2012-12-19 17:09:22,26557,18271
1ec82512aa93708fc82ab8e8c706aaaa7c0a8341,2012-12-19 16:43:56,26554,18271
b76ca8338bf4d962e18aa951380084e0d529caad,2012-12-19 16:17:35,26561,18277
dd4b08154ba1389e14a2dca1e23efec572f210c1,2012-12-19 16:06:13,26555,18277
dd746a83e0b9cd7f1e8ef9cf8605a0f1d34cb11b,2012-12-19 15:58:35,26537,18259
5a4d405f640ac4b843e8c3ffd6eb0ae52d7f9b4a,2012-12-18 22:10:21,26537,18259
828f121c6e73f8ffc24aa381093c5dd22c81f913,2012-12-17 22:15:56,26437,18178
8a4af7212e6b8b1542e75ddb76060a6470983181,2012-12-14 21:01:23,26405,18146
8d243b5e783a722fa6c98d657eed7aa14d81f3b5,2012-12-14 16:14:31,26404,18146
abd938f3cd30a7e3e2ccdc66a617aeff036065cd,2012-12-14 16:08:08,26400,18146
884e4eee55994f9e6f4ff5777d6d30592ff31663,2012-12-14 16:02:09,26398,18146
91eb6c3242a02794ed111b54dba197f3ab9157f4,2012-12-14 15:52:17,26397,18146
399afd827bca1411621c9cacad528d0c763b8f8a,2012-12-14 15:32:45,26397,18146
4e239d48c4b550f5f9ec35b23e98f4598650f3df,2012-12-14 15:28:13,26398,18146
ab8364e40ffbf29d0345f573ac1f3fd8ceca2d2a,2012-12-14 15:13:14,26383,18146
0085732068556667fa8cf3fee473c709fcd407ec,2012-12-14 03:57:23,26377,18146
3efc1eda4fc5279dc3ad18cc2fb34d40154fb301,2012-12-14 01:30:22,26377,18146
3ccde89a97c2b7499813ebe572281459d8a884c4,2012-12-13 23:37:35,26380,18146
328e7218960a8637bcd4a79a988120092df5e431,2012-12-13 23:36:43,26380,18146
aaaefd21d8b0645af6034785e157fce6b8b4d738,2012-12-13 23:31:31,26380,18146
9b97cc3442105c42e79fc3ce78973db2afb30f8b,2012-12-13 23:16:01,26380,18146
5342d3d5d8feb3cc6b3c38a149b4199cf9cde7df,2012-12-13 23:05:06,26376,18146
5ecaa09c26c0de9ac32b37ad48bbfa82fe7e6da9,2012-12-13 22:48:02,26393,18163
18b445e8a0eaf438dd244121e24a2a6041c62052,2012-12-13 22:44:31,26390,18163
abd96d6d7aadf5863dd80ae46124a5defb6ba13b,2012-12-13 20:00:58,26127,18152
bd31613cd73837012d76a9b774de34da216b4980,2012-12-13 20:00:17,26129,18152
daf6892d22d26148aacf00b103d6c308abef8e4d,2012-12-13 18:54:59,26117,18140
50be4423f19909ec683637e0d8a7c6456c4a85ff,2012-12-13 18:23:13,26103,18127
9365dacc30bb85ba8bab3e3ec33a786f0a1476b3,2012-12-13 05:52:32,26103,18127
957595f56f3be1f84d377cc97cae3b683fb3019f,2012-12-13 01:34:10,26087,18127
bd095293e90bdb327d5ae3ce8215eaf3a3adb839,2012-12-12 22:19:35,26095,18126
66e25ef5ca3adfc5e9820afa4b3d70bae85892d6,2012-12-12 22:11:58,26096,18126
f8753b8fea2c7913297c742378823769acdeb2d7,2012-12-12 22:03:12,26118,18126
69b3c1382d8c1c60588da664501b50f1a964ddc0,2012-12-12 21:48:33,26119,18126
6ea96c167d90d0d309fff9fbc6d9bf7013770a43,2012-12-12 21:29:29,26108,18115
02a78ac9ae6c92e9cedc1a5c5c67f32fb8e75a60,2012-12-12 21:24:22,26108,18115
a5299f8058b71b9f770d82b8e120709df2822289,2012-12-12 21:19:07,26098,18105
bcce5f4f6c46717427ee6a9e2f1e9dcec5118f28,2012-12-12 21:17:23,25936,17942
ba7a279f7c65ac4ae0fe787c653d641388093d8f,2012-12-12 21:05:44,25938,17942
36c3e44e1924018bc2df20f46b6aef021e23b55e,2012-12-12 21:02:40,25940,17942
b978df1ac3032196dd5e92ed77fffeec2aad076d,2012-12-12 20:58:22,25941,17942
6459a3994956450501b2016c0cdba6c898ab66e6,2012-12-12 19:09:55,25948,17942
72a24ecf409579571062c43e45c1332c5c510eb0,2012-12-12 18:56:00,25947,17942
4439b214e7b7d855fe6b2b471d8e53119fedc800,2012-12-12 18:29:26,25954,17942
644aecc48717b1f5c00dd3a14633da01957dcb12,2012-12-12 18:25:08,25951,17942
ac94b84c56c03adc0871a72c57bf3b017f251813,2012-12-12 18:05:48,25943,17942
9de1ddd1c187a47b683be300302f116758f49ba9,2012-12-12 16:33:26,25944,17934
aa4c056ef64b78f640b192fca6cd06889696784e,2012-12-12 16:15:17,25949,17936
9ce995df70672ddb4ca99df764d2c84d94149f4e,2012-12-12 16:09:23,25941,17928
89936d8f39319c9085f7626cd683b0aa9229aeec,2012-12-12 16:08:36,25940,17928
4d9776e50e320872bdeed8f312fa241931c1f1f5,2012-12-12 15:52:15,25940,17928
7e7b214269a19960c48486768a5564bc10d00110,2012-12-11 22:10:02,25922,17911
601feb3def3cb0c041a36291d576f20a4cc06786,2012-12-11 19:41:31,25891,17882
049425244696d7f5b67e775d3d3fd0a416b87823,2012-12-11 19:02:37,25891,17882
1191640d84b24fde145eebd10dbd49e2335db506,2012-12-11 18:41:39,25881,17872
5cab60be4faa1e011e030f600bd8505dfe3368fc,2012-12-11 16:20:19,25852,17862
a645760286d9f642ce1f50f9610b1ea138aee957,2012-12-11 04:48:25,25840,17850
5713b5ee96ab73d8e9b9aae730a194c7184fa4a4,2012-12-10 22:04:33,25836,17846
d4d2daf891a189abd19c2090860fdea716be73ba,2012-12-10 21:31:02,25836,17846
104e9baebb15c73dc00a4d6d8fb0d621f1949f57,2012-12-10 20:59:23,25820,17833
ec97a1cef92d8671e7874555a8e806951836b889,2012-12-10 19:10:41,25752,17788
0991608f55cc13e3f9ac39eb82ff2d8a3155ffff,2012-12-10 15:59:54,25742,17780
4da25a48a6544f9781862a7b1096300ae0b334c7,2012-12-10 15:31:28,25734,17776
a389e81e7176d9ff36a29117687e0dfbeb6e1b37,2012-12-10 14:59:55,25734,17776
7dbfecc6c12f962455ad34ed87b8af954d05db82,2012-12-07 22:56:56,25734,17776
5af6879f7d26539f3ac0906936ecadbd07c0cfa8,2012-12-07 22:13:37,25645,17702
f416c5be6d38f9fefed88880799a4bf326923952,2012-12-07 14:57:59,25628,17692
23cc302a5113f2f097528635a9113b2313ed3fcc,2012-12-06 21:48:29,25628,17692
362b91c8e4a1160d90ee915dff3fc2dc0a971c95,2012-12-06 21:12:19,25631,17695
8711f3c781657ec6f640678452f3c5ed49bea70b,2012-12-06 20:43:25,25585,17663
193ba773badb75a1c9bc04a0a473d998e6ef228c,2012-12-06 20:36:19,25585,17663
828f15acc37aedd48eafc72362e7ba7979d384b3,2012-12-04 22:58:01,25585,17663
6d19aba9eee53eb1741f95a7fc45fd88a1632e29,2012-12-04 22:57:08,25596,17674
f918d9d015e544c98fb8982e2144fc1ac698174d,2012-12-03 19:18:49,27263,19339
0b2225655b8d20428f5a9c7288336d47bb24fc4d,2012-12-01 12:46:01,27259,19339
59850645e699cff2e3c20e38cbeef72e6445f070,2012-11-30 23:40:01,27262,19342
e27c86e8f7cc9ea6cb061541d4676a7050e3c5b9,2012-11-28 20:08:56,27193,19294
2274b31ada74c790018c52715864c7d982fbf067,2012-11-28 20:04:25,27194,19295
9fa8a0a2be7f883474c78faf0ed7feffe430a472,2012-11-28 19:46:37,27187,19295
2da7c73901600ea1f24698b8db5ad09a843c634e,2012-11-28 19:39:59,27185,19295
a0aabb405b8c1f5b1a2852bdafca7929f6a69b39,2012-11-28 19:39:01,27184,19295
fbbb2e675e594f023ca17cf3708bfb07601e8ff2,2012-11-28 19:26:49,27061,19193
3de9f3504e52937219777ba265b2463e2e49bfe4,2012-11-28 19:14:21,27076,19197
e7d85efa9c2c5716fe80123981d57ea5adab4eeb,2012-11-28 19:00:06,27075,19197
46f282310731baec47390d1d2c4179da6b7e240f,2012-11-28 18:53:57,27053,19173
ef8bb6683974e662d97142ccd93949181ac65eb6,2012-11-19 22:00:47,27048,19173
6f95a9b6f5a68c30abbfe80aa0a322a0afbbb43e,2012-11-19 21:47:38,27042,19167
0b27091e5a3d2e4b01c3064d1b6655dc977beeb1,2012-11-19 20:30:51,27040,19167
c746c3c5c280c8f32c9a6df83683c4df4fee0b23,2012-11-19 20:29:41,27040,19167
e1a29bd5ff8d5c075ad97427aa5e2e31dde8a36f,2012-11-19 20:00:41,27016,19143
bec41307d3f58fc6eb38775ef89015ab624a560f,2012-11-16 21:59:44,27015,19143
bf82159ad785b3a6b4028b7aa32a0bac28eb02a5,2012-11-16 20:41:17,27012,19143
09ba834f3d6016954334e834426ae58c30603678,2012-11-16 20:35:06,27012,19143
549bc3209b76bfd46d54cdb0c17ef3257f4d7eae,2012-11-16 20:08:02,26993,19143
693d58d9e47243518d251c13d6c4dad2afa81375,2012-11-16 20:03:17,26993,19143
9edadc2c2bc673b91c9dd4383ebe2de60e5a8882,2012-11-16 19:50:49,26994,19143
6fd32ea7b73d4bd179dc2ada84ef494c3652e677,2012-11-16 17:14:49,26922,19143
39ff3870a709917d1410ce96f11d16d9850736db,2012-11-14 22:00:17,26917,19143
30f3273aec5c24fbdaf844147019f04d3ae6bb1b,2012-11-12 15:15:55,26912,19138
ca250f67f696e737716a34e66f5c6556dff6a093,2012-11-07 22:39:13,26912,19138
489b1d4205d1152b9df42407f20b03ab46bf8062,2012-11-07 22:07:57,26911,19138
35054dada664bcbeb13b382780ed550c3e7ed205,2012-11-05 14:30:01,26905,19138
29cb71ce374f46ece06d144ca9653d4b53a3f96a,2012-11-05 14:04:49,26902,19138
92623e5f4ada3ae5643d44e907bc07874a21acdf,2012-10-25 21:22:32,26850,19091
e0c30d632ffb428465053471fd9349df995c3f58,2012-10-24 20:59:58,26810,19049
094dab2d545280fd3a2654f582312b0567c5f7f7,2012-10-17 18:58:29,26808,19049
db26c74d1a281aee2ec9992aba93ac5f2cbb95ea,2012-10-17 11:53:15,26804,19049
d73b6d7da943ece3db532b08a90d999a93a54fc9,2012-10-17 09:37:36,26793,19038
5e103f7aaa34b40fcda1d52d69c2d64be8ecacb6,2012-10-10 18:19:45,26786,19027
162a8337fd7e4bdf07f056a33cc6ea8440b77f23,2012-10-10 17:44:28,26787,19027
7278dfbe7e5b110946a76e4b02ca4e0547c17ef5,2012-10-08 13:33:45,26785,19027
f0586cfa5f2f4825c6354c78988416de9cf608d3,2012-10-03 19:18:46,26780,19022
205307a8569f93c3da7f5e1902943d36752d1efc,2012-10-03 19:00:11,26729,18982
e120642cb7adcae6e1c1c89099e1235e6efb8863,2012-10-03 18:47:35,26700,18968
1f67712b1ac099717ae0ea564500ce36c6d24b4d,2012-10-02 16:01:59,26695,18968
95e1eb5ad7ba1befbfd66ae87f73fca5fa42b775,2012-10-02 14:55:15,26699,18968
2eabf0450c44dc822ac37e53a1cd1ce7474f5b53,2012-10-01 20:20:58,26648,18917
5720e54355b4a58d5dfa527e2318e3d6e4c01280,2012-09-28 19:32:46,26648,18917
d6046cfb5e2d9955e9c8c4a8a97acc0e9ec532c0,2012-09-28 19:21:13,26629,18917
e7e689a2805f970f8be8e8e829b2e792f9bb34b9,2012-09-25 16:22:38,26633,18915
b785a593eb42b479c48c1817ef451904ec93f2cf,2012-09-22 15:35:03,26633,18915
74ba05c8da60f5748efc40f149a7529b8eff6f4e,2012-09-17 17:10:58,26623,18893
5b19d8acced7c4435534999eb27568fe2cf3fd5a,2012-09-14 17:11:08,26614,18893
e736811fd12c8d7c5f290856318afb379a7dd306,2012-09-14 17:07:56,26311,18660
cebc33a661f35b9909abe85536f2e394c5176c07,2012-08-28 17:53:13,26273,18637
4e2da6692bdc33e81dbb7e789e64cae2606a85fb,2012-08-17 13:48:44,26216,18599
9a81468be73ade4bbd6adbf24b2ee76361250e3b,2012-07-27 14:38:52,26215,18599
596b12b56b632432a603b11b32f116390feae9c4,2012-07-26 18:12:41,26217,18600
3d6b20ca7a19c9f4afee5a5e4635dd5fece50940,2012-07-26 17:44:07,26203,18586
86cffe9bc2c4240e1ef22abf3e5da6cb83aa8a52,2012-07-26 15:54:54,26197,18579
8b23c013b07eeb6e80e516f7f665ab43c7e2f326,2012-07-25 15:22:16,26162,18549
f663ba6dcdadf9cf84df581af68990cd6c9681e7,2012-07-16 18:17:22,26168,18549
d8477f4b45a0391f4859687f974d3ece31f30254,2012-06-25 21:55:19,26167,18549
d10b6ddcb7b1010b193167f933a6dbc5241e405f,2012-06-25 18:38:52,26195,18549
c18b7763f877661a440842365467cc57bce1d4e2,2012-06-25 12:33:27,26173,18549
ff561ca206439ae531f42ef160e43f29ce8afaa5,2012-06-25 11:39:48,26161,18539
10b3b38654b5acf39b3f9e12f557db228e561430,2012-06-21 18:21:59,26137,18526
5d3e441b82f372245e65e95365a75fb2bd5c63a5,2012-06-21 18:20:37,26144,18533
2d7aa990618a48c0b12f53995e44fc24a3213d7f,2012-06-21 15:14:06,26136,18525
f3039b695be9832e735f763a074f01c1f3895d39,2012-06-21 12:43:32,26119,18525
352d486ba15e00067184b7c0413ecbd807c941a4,2012-06-19 20:08:11,25907,18525
9ee453f45199a6b443cc4fb94a1bbfcce1375c4f,2012-06-18 14:21:25,25907,18525
bc931c31e4e689aba3cf1334a02e73ea47a9b2bd,2012-06-18 14:14:46,25907,18525
966bb3dbdb7ed1732ba6bb091ea82be03d16f0d3,2012-06-18 13:14:57,25865,18488
9f9028bfab12a2ea7187d0f3840de97108d64951,2012-06-16 15:53:21,25865,18488
b6b9ec72ff3edbe0005e6bd134ae18627c0ed703,2012-06-16 15:33:05,25849,18488
54ec530eeaa1d921eb8423d4df46dcd1ddf0f124,2012-06-16 14:55:03,25842,18481
4286e0c5ecb01c9a2f8ec7383dddc90f3c3f58a4,2012-06-16 14:45:01,25833,18481
45afea1160723f2adcf02f0351dd377cc74eb0c2,2012-06-15 17:11:03,25622,18263
d4d7fb97a5e0392578481212f93c371470e70898,2012-06-13 22:33:24,25624,18263
7bcd6ad514f9d5682a2a5d5e892fc820d8ad1cce,2012-06-08 23:36:51,25519,18185
ee062f6de62d6548fe790c8c6d479ac59bc0237d,2012-06-06 18:46:32,25519,18185
85bd0b5132e0da853eda114bd761d7961b80a146,2012-06-04 17:00:43,25516,18183
2939a2a4123d59b3ad0d2db84992c3916efaa412,2012-06-04 17:00:39,25529,18197
76eeafcc3a321ad20e45e98edbb54b03a0647821,2012-06-04 16:49:29,25531,18199
ba980801ce45609212e5fffbbc013ddf2dc3695c,2012-06-04 16:49:17,25529,18197
ceb68d731447321c7d9b30583052f27b1f365499,2012-06-04 14:52:22,25516,18183
7828d6d22d625144dc29de06dc6bbd74b9ca0489,2012-06-03 19:06:44,25488,18183
626e3f16f76b03aa4468fa2f9ccdeec1e3cd73c8,2012-06-03 17:38:18,25499,18194
c924e05bffc33044808973eaa8a70e506ae5fc66,2012-05-30 15:32:53,25511,18206
6250b6353a5a5cc7edea81654660b744d4722cf4,2012-05-30 11:14:41,25480,18175
b371d56669e59212c2a803a340a4fa88287fa220,2012-05-29 09:59:04,25480,18175
201373a128df04009e0bd828447323cdcd778b4e,2012-05-24 19:04:44,25480,18175
f86674d6a70e6e1cda80bc82c57a918bb619e95e,2012-05-23 21:13:48,25464,18161
020ed1018abb4ffdea85d5365c729a927792deb6,2012-05-15 21:38:44,25441,18186
1a767d6abe4e643369098871d09048858a98173b,2012-05-15 21:34:39,25444,18186
b3425b8411995138d24d61dee6dae3522a35e4be,2012-05-15 21:33:56,25440,18186
080241a4928b1b1e670c46eb26c668e6d12b20bb,2012-05-14 18:42:23,25438,18186
cb50c10b47694c7ccd66e8cd6019a50f5c5328e1,2012-05-14 15:41:05,25438,18186
83a24bb2d5355833e5d3184e9d30033db0ca8c74,2012-05-14 11:53:01,25438,18186
52c54d4c3e2ba18581de09b637568e51bb78a958,2012-05-10 21:38:33,25424,18174
d862436d2eb2bf1cba2baf3de81b7e79c1f813d4,2012-05-08 15:57:02,25423,18174
22606f9b25f584bd96bec972715c0bf1026e0856,2012-05-05 22:11:38,25424,18174
d49c4da2cf07e3f2016a68204f76bce7f3a98980,2012-05-02 15:32:56,25308,18056
06338a7add70893ccbaf7eb2b579164f61494065,2012-04-30 14:19:31,25306,18056
64205fbd1f74731a64fe4cccc71f93b3f5988d55,2012-04-24 15:33:15,25286,18056
bf9e4f6335ee16e65727bcf189826720dbcac227,2012-04-23 21:58:10,25272,18042
8aee79ae41cac82f8a5ee3421e84755519e2068f,2012-04-23 21:56:23,25266,18036
07a00ba45dda38b7081b255049f94090d8ac58f6,2012-04-23 21:15:58,25266,18036
b42cc64878890838622d25afb9bcacc2a319d746,2012-04-23 21:09:57,25257,18027
fd2536899469488cb97b87ddf0a8ac5c3968c5f4,2012-04-23 17:25:15,25235,18027
c986ae233acbbb179f01f930605b09f71c2b5359,2012-04-23 16:19:00,25235,18027
e2042c309f355ca88910a8fc4388844419024cab,2012-04-18 18:56:02,25226,18020
dddd001d3e4478c33af642b3f38bba418bccf52a,2012-04-17 14:20:36,25225,18020
b1441b23ab00d59a750bf280f9886346987328f3,2012-04-17 14:16:11,25225,18020
e1e42571a7ba8f00bba8a264456064ce7a0af3e5,2012-04-16 18:48:01,25207,18020
bdfcd5ef0e7995eb9697207c349f07a1bb7b8be9,2012-04-16 17:24:19,25207,18020
67c3ea86c19860ee331442ddc634dbb8d5c1731a,2012-04-10 14:27:22,25181,18011
2cab3a346ccf73ce6887e1aa1fb7fb1a4c92c4aa,2012-04-09 21:07:06,25181,18011
db4f66ba5283eaa94ca382089d80c41ba0531dec,2012-04-09 20:16:34,25173,18011
8bb15b9ee557bb731090d0d7c97cec114a5f6373,2012-04-09 20:13:24,25173,18011
1bd9b7cb6212ef08afc33e67c84c424ae6be6f55,2012-04-06 14:55:06,25172,18011
af30bcf3ca60c4234df099762344ff4b479260e7,2012-04-04 12:52:54,25166,18005
a2ed079af8f58b8b718369752286216c8e186e6c,2012-04-02 21:35:26,25154,17993
34c058e7566e8bfe311329784fb4695bef02d8f2,2012-04-02 21:25:08,25156,17995
d7b8c8cdc443b476a624d718909c867abdcff5e8,2012-04-02 21:16:46,25159,17995
da97490f0be46afe221443343b7c7bc261a3a186,2012-04-02 14:13:50,25151,17995
a1dea84b34edfef022d42ed1ab4b25c5210ea0fc,2012-03-26 13:29:07,25131,17975
af721fbc83529e1ed73cc3a251391d0595b53968,2012-03-22 16:03:18,25122,17967
f784ae38014d1e3d0489bee205c2a90c0024d1ef,2012-03-21 20:51:38,25122,17967
863814e519e630806096aa3ddeef520afbb263ff,2012-03-21 18:55:29,25120,17967
56e10451d48b66bdcbec4efb87cca0f0da409e60,2012-03-21 16:21:16,24945,17967
4f8d790cda98ada21f193e02d04c7dba6eea6e3f,2012-03-21 16:07:42,24930,17967
9899a81775005cf7d6a0c60f99021f2f469cfa8e,2012-03-21 15:40:26,24910,17967
42ad7a677e02e44fa8e335bc2ce8bfed0079a7cf,2012-03-21 15:23:02,25016,17967
f4a1ebc3744b3384f8081151094ec1673fc6e9cb,2012-03-21 15:18:30,25016,17967
e9e1abfe619a1d878fcd981161218d768f3a5dbf,2012-03-21 14:40:54,24999,17953
de599c169d853ec1d79076c0e9b98dc4ae612a0b,2012-03-19 20:34:53,24966,17936
01fb4149e10b244715bc79a946f7c1ef9a2e9d7f,2012-03-16 20:47:10,24899,17889
ec8dc945c8043e7f2c6d80e5beb41f2a9136f843,2012-03-16 20:44:07,24897,17889
8b619759dff38e9065faba0cc506b4b2a1063ef3,2012-03-16 20:44:02,24897,17889
9414513acb810f8009b9efc8d3f749cbc6579d1f,2012-03-14 14:28:05,24876,17889
64f37ce00e605da1281afc0d98980c9778d1f797,2012-03-12 15:22:44,24876,17889
58b5a22b6edecb0a2decab739169a974fc7d259f,2012-03-12 15:12:24,24874,17889
fdfe0105af1b8ebd685196fcd83d9deb02327c8b,2012-03-07 21:17:18,24858,17883
673d07beaf28d33a6139bceaf2e76b561252a0e1,2012-03-01 15:43:57,24859,17883
dca02ecab7736e708b3abbbb3236d0aa2a910fb7,2012-02-27 19:56:21,24808,17871
5ef4921c549fc0c8ddb69bae69e78ffb64e6ca14,2012-02-27 19:37:50,24808,17871
f930b5f042253ab086d36c54011fab5a23cb1e5f,2012-02-27 19:37:13,24809,17872
83d2918bc71f6ec8e3f64718d445760605908951,2012-02-27 19:32:30,24795,17858
c9599d6ba000d327413d5bbf75fc888f4e7c5888,2012-02-27 19:04:44,24774,17844
c8cbde2e731f209b715a8fb5514ee6839dd9e319,2012-02-17 15:28:51,24762,17844
18fba5772430f667c0d3cfb88d880039381c25fa,2012-02-13 19:39:36,24580,17713
b1e2e699777d54ae9230e0cb0bde96d1bdee361c,2012-02-08 22:13:54,24576,17717
639ce1aec3fe8810517d22bee0f70967c1eb7cb5,2012-02-08 22:11:55,24595,17717
e3ac6f8eaaac6ec602487554e10aa3effbca5e38,2012-02-08 21:58:37,24570,17711
b86cfebdb1dae9f4fe2db5597caafa2aca9041e6,2012-02-06 14:47:34,24536,17705
2eb9c5054c9752898071beef8a91ee993895c4ae,2012-02-03 15:29:03,24534,17705
dfeea846323536059763d12bf3db0a13c1895202,2012-02-03 13:21:48,24496,17670
ec7e422d5e144e5916d7cbe007788cb8477c672f,2012-02-02 22:42:16,24492,17670
0afae7cf239d17a2ddd26b3e065824af749a37de,2012-02-02 22:31:02,24492,17670
a865aa41f13c371d104da9446c3ccb6a16671658,2012-02-02 22:15:28,24487,17670
7c10181c642d8acd84c316cdd11ede0a0eea30ca,2012-02-02 22:10:10,24517,17698
9e3236d2197020432f1fc03a7978b6fefdc093c6,2012-02-02 22:02:28,24512,17698
655bd05bc3fbe394277ffa38b51a5ca17b48d3b6,2012-02-02 21:55:12,24512,17698
4337fc3ff3bc0f50cb08e3ade022007b538e717f,2012-02-02 21:34:09,24473,17698
8a427f30180eab5eeda0decd4478f8eafbb1f349,2012-02-02 21:22:10,24433,17667
738e25dd4dfca85202dd95e876add43a882e9b77,2012-02-02 21:19:19,24433,17667
eb4753862e989e91d526ca4b012e6a891c22c7ad,2012-02-02 20:54:34,24409,17667
aafbcb05e5f8fcda3c4952cd9228e8947902af13,2012-02-02 20:40:06,24391,17655
ad870b256caead95a6d3fd367f791b740b15149b,2012-02-02 19:41:36,24394,17658
799b9b3dd45008c20ec675bbf8a6baf607bce949,2012-02-02 19:13:19,24394,17658
0cbcdc96eb05457e7635aa5d91c8f3f89e0335b3,2012-02-02 19:09:54,24396,17658
9d6517685caab83746c4e6c7a0cfd834e8cf81f6,2012-02-02 14:46:08,24281,17564
6ffd392da4c5277ba466e11c1c643734278e0160,2012-01-31 15:21:54,24270,17558
12a6fa4b0fbc27a6753a5e8df9a1439df1f6ab36,2012-01-30 21:30:07,24251,17558
5ce976bf6a6c795e295190bcc48c39e52f9afe6f,2012-01-30 21:24:40,24247,17558
8ce8753930244075041dd3f9cdd04e9f16bb9bc3,2012-01-30 20:52:23,23971,17558
fb97ef1e86593f374fdf32b03064c2f364d23228,2012-01-30 18:57:00,23964,17551
ef9d40aa82d452459caab3d20ead4bc5967636c5,2012-01-30 18:28:34,23967,17551
4b4f2c1ad650e94a6d83fd7bd66e01311e159d20,2012-01-30 17:18:58,23968,17551
a2ab3b13eb18c5488b2521aa6e21d4c197889442,2012-01-30 16:40:35,23950,17544
ac580caffa214602552194ed57198eb3db5dda81,2012-01-30 16:03:16,23930,17544
00b2551e66a750a9c2680d78af91b52d65237a92,2012-01-30 15:39:59,23929,17544
ecba0ec514b990c4b2480aa09b645d07a6c2bda6,2012-01-30 15:17:24,23924,17544
0bbff7defce86f87928258fe69036fc827002189,2012-01-30 15:13:42,23924,17544
e08ff142852255a8d15bb7d0be90450e42ba0f9d,2012-01-30 14:47:48,23926,17544
8df28fd9e64e3f29ad3df99748e6417a9bb364a1,2012-01-30 14:45:39,23925,17544
028771fcabeb97df4165f13c7a3e05c1c9815072,2012-01-25 19:34:57,23912,17520
9ad7b6a48a5eb2b81abf61cdf3b5a0f0d54ced0a,2012-01-25 19:28:57,23912,17520
e63fdc645644a6df6438c8dd7a933a1e06986341,2012-01-25 19:18:30,23910,17520
da25d46c96c3f29ffb490ef54a9b693b3bbb9da7,2012-01-25 19:17:04,23910,17520
67a60928903ce1e1c0d15541ebec1013ec55b145,2012-01-25 19:03:07,23869,17520
c5ddc6b8f862474acefbd5efeb370bb7bc1eb8ab,2012-01-25 15:24:53,23840,17520
97c72a11e6f5638d03626dc6302433b069a304cf,2012-01-24 17:23:11,23840,17520
ab164c450da4d5c883d5b2b2817fa6a416a4b55a,2012-01-23 23:16:20,23811,17520
71641fbe03aea49d47a3142437af87b753d8c92c,2012-01-23 20:06:31,23802,17514
3e5f7132a84867cc2e4a4a46bfdbba24678366eb,2012-01-23 19:58:28,23802,17514
49804535dc4bfd3bcc0c29a676080059e73059b8,2012-01-23 16:00:09,23802,17514
96a7274cf746b3aba6ca0b13866d5d5293c3ad82,2012-01-23 15:31:53,23802,17514
a9a3499af18f4c88de2b8c80e86eed7fd1cd07d8,2012-01-22 17:55:05,23787,17508
4c1b247adb3365a8e5c7079907f7cde032f62a06,2012-01-22 17:53:23,23787,17508
5962efab596156add57203d397961f3a4b9c1aa2,2012-01-22 17:51:13,23786,17508
efa58fd2d7ee6e67e49393bac77fbaebdef4b373,2012-01-22 17:44:25,23727,17451
f417ddd1ab078e5d615229296b9b53a188f24d53,2012-01-17 21:13:28,23727,17451
cea56e523a3042e280ae81118657542c6b85c8e9,2012-01-17 20:26:26,23723,17451
cdce2ec30f93e85c2c48cfa0bd93b85ee8769254,2012-01-17 19:17:02,23711,17450
b5875ac64c51ed7916f6e6016b3baad50ccda678,2012-01-17 19:13:18,23712,17450
1c053d9f71a822a83214918b8bda9b71a84b0b21,2012-01-17 18:54:42,23700,17439
42d321f236f15ffeabe525a0358cc401467678ab,2012-01-17 16:55:15,23693,17439
09110a66568d452889ab86bf7fc5b326086fb3f6,2012-01-17 16:18:17,23675,17430
66d509f99a24c2c962e8b0618ae6a87e3788afda,2012-01-17 16:16:25,23676,17431
2d02a3cfb626e2a605bb4049ffdae0810aa20e6a,2012-01-17 15:54:03,23646,17431
7ba0275613f2fabf0f40b96694e54b88de582406,2012-01-17 15:29:01,23628,17416
ff176ac61f643b683b5e2a8ce63d4caa38d66af3,2012-01-17 15:17:42,23619,17407
2dce41324775f2ad897693471748edcf03db7c8d,2012-01-13 22:20:15,23599,17393
34e0f7fb26c3c2a13e7dfdc072b33fd7b971c72b,2012-01-13 22:08:48,23587,17387
3f0979f09a49615a8b1bfb08469fc42dda1c4a5f,2012-01-13 21:56:12,23565,17371
9c62b26ef0fe742fab3622ba7948a7b4bb234973,2012-01-13 21:26:05,23564,17371
32e5ab7ae9997ac8d4a98ff7edb8a53d14d6aa57,2012-01-13 21:17:24,23559,17371
4316b04ffa75257e9eec9fe46b3c48535b659936,2012-01-13 21:10:14,23558,17371
5aa4fda9ba9db25c833b7243860de99b4af21073,2012-01-13 21:01:59,23558,17371
51335bf10f0763f0b9cd1bd9b386b0445cfc8185,2012-01-13 20:27:57,23527,17349
b28a24207aa668d579c09515031ea2cf152d4009,2012-01-13 19:30:43,23522,17348
5b43cd9dd1c35b846c9f7c2b63fe3fb359d0b148,2012-01-13 18:47:55,23522,17348
a78be62684c451d38a21ed2bbd0aee88c86d152e,2012-01-13 18:30:53,23509,17336
a8bd142b64fb88b3b2acc69738560c9d586164f5,2012-01-13 18:19:28,23508,17336
7c7f550a70684fdc970427a3c82c576b6e3d8130,2012-01-13 17:28:04,23496,17324
a881ba6f5a1bbb55287dc3ff9348c7bede7d272d,2012-01-13 16:14:07,23495,17324
837f774fd89f9d5a0bdd350c3ab790bd86baab6f,2012-01-13 16:07:38,23489,17324
8c03df50c354b694b45ce266e84ed7fc749ce01b,2012-01-13 15:57:51,23474,17310
d5ff5e32f6a6f6ea643ff5e5a1172778f56f0b83,2012-01-12 23:10:41,23462,17310
328cb666381536eeedd5753a630d97967d138bae,2012-01-12 22:44:45,23462,17310
a49bb4f3e19b34dfcf34afa1050b934d6b6b13b4,2012-01-12 22:09:15,23459,17310
d514f2b4dcb8046ba8330fd4feaae7ba380338f4,2012-01-12 21:46:27,23458,17310
93cb997fc3177e1807ec9c2468a599773937997d,2012-01-12 21:37:18,23458,17310
88e6b32b510503b5ccfc830ac487e834ffa0d324,2012-01-12 21:18:15,23442,17296
4d29dfc3889b55a38e9e67ed22415a0d2ab5a61e,2012-01-12 21:16:34,23442,17296
cee62e6541d744628ca74df857a5a1e54ad21608,2012-01-12 21:05:53,23442,17296
4719659298ca50a8c7a19889d90ed8f5c54687d6,2012-01-12 20:26:46,23442,17296
1d90bb9cfc304e24b3c8ea67b0c770388a1e9bf2,2012-01-12 20:13:22,23222,17076
8cfb243b8e46837c72f64811882d55c5e02cd569,2012-01-11 22:03:30,23210,17065
cb7090db7709c6545e9857a6cc66cda00d729fa2,2012-01-11 21:47:50,23197,17054
d3ae0aa92af623b95a604cac0c9dde6ce004aea1,2012-01-11 20:56:27,23188,17045
3cbd7909f1415b3512b69e41405bcd97ebf78533,2012-01-11 20:46:45,23187,17045
bf1ffbeb67b8f43a89eb558e376b3161173c2d1e,2012-01-11 18:45:16,23186,17045
2312b9072cb1880f7acc08c115cceb2378400b9f,2012-01-11 17:11:10,23197,17037
df716504cbe48543c0e91c1407140c0970c76725,2012-01-11 16:56:01,23178,17018
780ddd393c87aecd69b83ddf49bd73e0c76dd844,2012-01-08 14:55:21,23177,17018
1715c181adde7bdf64a4576512c014d52391d99c,2012-01-06 20:42:43,23178,17018
6b3ff7b0359510917d9ead8c8e16a7457eef05ef,2012-01-06 19:53:43,23197,17036
44bb57a217056d18362e29daa1e1f37d390ed6a1,2012-01-06 19:13:49,23169,17012
d06e8a6854112a7d92b4baea32dee1e57141e65a,2011-12-30 14:00:02,23151,16999
9a56d525b725f065bbe289ae1ff7b78dc8cb12a2,2011-12-30 13:51:50,23151,16999
ee305c469e1080e561a9fb21be8037b83a5ce93d,2011-12-26 17:35:11,23117,16984
cda555acc592431d48520babdc3e1124ae169c1e,2011-12-20 18:46:53,23117,16984
dd83f2057c504df243bcc5a39cb4c5a887bdce6a,2011-12-19 16:20:37,23120,16984
c3852b8cd1c7f77c24dbf4e0da43793c7706591a,2011-12-19 15:54:50,23111,16976
d806f7e1f34e1986a9015e695403ec6dfa353215,2011-12-16 14:59:06,23113,16976
a50b71434b9af008f88f9ad02cc3424b83e13211,2011-12-16 14:43:43,23113,16976
1400eea12a0bb067dc3997774937479fb3ee457f,2011-12-06 21:39:37,23113,16976
1626fa7447818f66a142f46ccade1158d1ff6324,2011-12-06 21:21:20,23113,16976
64d8fd6ca2ba64b55424774b3f066962804cc3bb,2011-12-06 20:29:45,23113,16976
14dd201574e2da45d01bbbaaeb7902924652d2f6,2011-12-05 19:34:15,23128,16976
9fc7443d34683f0a758d7bea0c30f310c0936578,2011-11-23 22:32:04,23077,16947
6687cde1969742948523b8f32d67c066b7826d9d,2011-11-23 21:48:39,23081,16947
41853416a7dfafcd33f9a78d086e91a5c4fd40f0,2011-11-23 20:48:55,23106,16936
1332246b8f3b6672d3c3f19dd21c99765f4f8282,2011-11-23 19:59:14,23106,16936
f5acb6d21455c423e93f88730ea2a6b94f2c56fa,2011-11-23 18:46:53,23034,16916
cfc5b1f3c0fc29ac1b85ededc3668d26a6de23a5,2011-11-23 18:43:37,23034,16916
66800f5c8e016b4d86428126b38c47e60381f4df,2011-11-23 18:30:07,23034,16916
fa96a37e2f75bc17a728630b696b39ba64b39de3,2011-11-21 17:51:29,23015,16897
da9352945cc19c3c461e6a892533a0f83029f370,2011-11-21 17:50:43,23015,16897
61246a7cff74a75a1af736753d664fe86e89a2b1,2011-11-21 14:32:03,23009,16897
4f9cf93c21ab56c03179c1d55bbda4f31481ecaa,2011-11-18 14:37:39,23012,16897
1d41b4526aa08163142326aad611b8c8c177a587,2011-11-14 21:35:09,23015,16897
49b532bdf3181ee4705c217fd515137cbc1b63fe,2011-11-14 20:49:38,23015,16897
06e0826150baeeec91461ef31881a5efb5b29a1b,2011-11-14 18:50:15,23029,16897
7ece4ef2fdf91b057e153c59e8e1c8c5b570cd8d,2011-11-09 02:14:38,22999,16888
eec7d2ac14a205ae57b0d9a74812d9cbbb965822,2011-10-31 19:45:43,22999,16888
3392d5fba95871dcfc88d291715c86fa5a4b0f92,2011-10-31 16:35:02,22980,16888
18be7107c7413d921e948df64b87558ce0fc0648,2011-10-31 15:56:53,22985,16888
5ebbeb0ce255fd51f589544d8117bee1eb99b8ea,2011-10-31 14:59:54,21802,15705
8478567ecb64d8bc26cc2d10f456420f5e6368df,2011-10-29 18:15:33,21783,15686
de740f8ab5980c8e33cb7a742528776398e51efc,2011-10-29 17:12:33,21759,15659
d94cfe506c2b42d574a312337f2bfa846e48fe4c,2011-10-29 16:36:23,21741,15649
32ae11329846093f0deccd02328cf78d48805d68,2011-10-29 15:24:36,21735,15649
41e470321deea9c30c1dd0327dc7ce312ae7c31d,2011-10-05 13:43:53,21584,15498
fa66a222c8ffce83da96265dcdb79b596d7aa84e,2011-10-04 17:34:11,21584,15498
6ed5e45a2b5b1e0d55c2c3b2ff65c4b6d4d7942e,2011-09-14 16:53:35,21560,15477
e8519f7a8e2c25760cd8904247e705619caf8984,2011-09-14 13:36:20,21554,15477
ec17af0ac92ca63c17de1312207b5bf7d883c38e,2011-09-14 00:26:36,21538,15477
78a626dae94913a65771336e60b7a41f5ba52a56,2011-09-02 18:38:59,21520,15477
190bc006d629422453ad52d4e9a3d2d20bdfa8b2,2011-08-30 17:51:38,21524,15477
38d1e96ad6e0f5c47c5bfdfc6fc4096e32db8c46,2011-08-27 20:50:15,21506,15477
cfc98b0f180f9d872ccbb82c240e27df9df4d20d,2011-08-19 01:10:21,19780,13769
b2051a8a732fe23a48fb06df7f558ca9c94fb513,2011-08-18 16:37:52,19806,13769
467dd146ce741616d44f0bc23a8a1649898a0984,2011-08-17 15:09:15,19786,13769
b1822a7b788845cd0741a7676e204aac2561d43d,2011-08-10 13:33:39,19766,13769
29b60e53fa18b6fffb4a21d0d1c8c9fdbde43b6c,2011-08-09 14:39:09,19762,13769
44629daacc1ee556bdf62deb92701f714f321126,2011-08-09 14:28:20,19738,13769
6bb43c1b81c3890548baa23dfefbc7859105e698,2011-08-03 20:41:49,19734,13769
10e71e31198fa05af4a530838c89768f04d19564,2011-08-03 20:11:41,19733,13769
5dc001f3fddd230194768b8285cf8a11aec977ef,2011-08-03 14:12:54,19733,13769
55bbbd462b5880748b1e8132bd0dc1b7c16b19fa,2011-08-02 22:06:51,19710,13769
59dc74cdf2d731825c4554f094827fe1cc88ddd8,2011-08-02 22:00:46,19710,13769
c7e195b4e57bd5dba638e386ca3f500944c7b3c6,2011-07-29 14:52:45,19672,13769
f399b0469176148805687db08ef80e97f71a3d33,2011-07-29 14:06:25,19678,13769
aa0eff941705e9a6cf8a9d77e2620242c47d5836,2011-07-29 14:01:21,19678,13769
f7c23e494e7914e30a165c0fc48abf343813dd6b,2011-07-27 19:23:55,19623,13769
e14894844fc32e84c429143a2893e058dea5b9dc,2011-07-27 17:47:54,19603,13769
9d2811a639b3ddf1867e19a8b791a4b518202c11,2011-07-26 17:31:51,19568,13769
77239753e1b947c0813421218ba702b9c316b46c,2011-07-25 20:52:24,19545,13751
bc3daff710996dfe09b857b3905e62c6b1b1d182,2011-07-22 20:56:46,19526,13751
3f8f4cfbb4b8bf132e09f2c13b58953dd59508be,2011-07-19 20:32:29,19507,13751
6d07d2f0e2a1e93c4c79bf50e0ca5e627f0ffd87,2011-07-05 20:40:23,19489,13751
36dddfbe06606df5a78ebaf62c3f452efd501916,2011-07-05 13:59:15,19496,13758
10230e4d76e21f08a1dee1fe5d28994e2cf5f11d,2011-07-05 13:03:33,19493,13764
fcbedad8cdecc4dfd5c9190ca1aadb67606596ed,2011-07-05 13:00:12,19493,13764
d3c9a9b0d5d6a8e8e2cc0190bf00a8d5c9dfbef7,2011-07-05 12:58:13,19482,13753
cbefdb8a555efdcec6302d5998a9db17ec2e165b,2011-07-02 14:04:05,19482,13753
a30ea0dfda447895e615d700c0f948c8e0ecd5f1,2011-07-02 13:58:07,19481,13753
3a56d366865b1b6fdbf1e6cca566cc2855131a1c,2011-07-02 01:23:39,19481,13753
d2082a54cf428907844a16b37ccb9e5b26a414b9,2011-07-01 22:54:49,19471,13753
c39ddd0c16ef1c7b372dc37cdc7d283d686e01aa,2011-07-01 21:08:59,19465,13747
dc84cc6ac5e6961fb74c5a74b89affd10012b3b6,2011-07-01 18:30:01,19465,13747
799cdadf0f6f128e914af56d66eb28ace67bda1e,2011-07-01 18:13:20,19460,13747
0798d9767224dac51435e149c319a6051dab4843,2011-07-01 17:54:56,19460,13747
2e1f85d8ec5e3f8fc778d8f2600f88e4978a9207,2011-07-01 17:02:23,19457,13747
8f07f966edde1dc5d1ca7ec530d9525389d02b39,2011-07-01 16:46:57,19470,13747
af674c98c51c40cc8f65ee54a5446dae02e7ba4b,2011-07-01 16:36:11,19464,13747
ddf1a833abaf8bb6aeb5d488a7a24a3ca4577006,2011-07-01 15:49:19,19247,13631
e67422ad7ed2645aa0f1f18ff54e762a12929dc5,2011-07-01 14:38:14,19247,13631
cc46300a3b4635c671ad2b1f76ce4fd769c77891,2011-06-30 01:54:31,19224,13612
77caaed5d0c262b5c5d1ea6b6d0cd5e8cad171da,2011-06-30 01:32:58,19225,13612
ba1d9a1efdf31034dcae0a366745f7c2b585fb82,2011-06-30 01:20:33,19224,13612
fa6092be79223ee2297b1a9046d0d0319fa470a2,2011-06-30 01:03:27,19224,13612
2620c6a5ede01368c4d4e6abb6ccd3712e29435c,2011-05-27 17:16:30,19139,13608
d5683052150924757fdb191cfb9a749bc6c5f83c,2011-05-27 17:10:04,19121,13608
ff57b6536dd4f5ff9fa27cc1449a1eba196eb975,2011-05-27 16:17:10,19094,13608
93c82aad55290e67278ebdb9d9cc3d5b66f0d678,2011-05-27 15:44:46,19094,13608
87a81e43e2a051b68002b0b3a0ca6e46e1aeddcd,2011-05-27 14:58:40,19074,13590
482a1153490d1dcd58c202a254917047d659d249,2011-05-27 14:48:07,19074,13590
9accf97e9eb1d9dc1701aea8a17a6959f3560c62,2011-05-27 14:29:14,19069,13590
ed636326dd8ee38ecabec387be7c4ae1f35ce17b,2011-05-27 13:58:18,19038,13564
fb8da91e3e44e95df416e5ecee5926549bfe0abb,2011-05-26 19:49:16,20034,14560
965c2992faa5627ebdbefcfde649b0661765cdd5,2011-04-26 08:36:28,19883,14528
7d881624bd8a7c7f94697d5cce935c54a79e9daa,2011-03-22 20:39:07,19755,14460
8f80fb1fb4ef4843e9edac8a7cb4717e0ac98f5f,2011-03-22 18:22:46,19754,14460
ed5a88d4457079a0b91411b1fc2ee14bef4283b9,2011-03-22 16:35:05,19758,14460
c9a634982a8314e2df5ef2a6d7eded0a66d600ac,2011-03-21 14:32:56,19747,14460
d149451fd46ad42e9e1eae47261d970bde4e8b40,2011-03-21 14:28:22,19653,14366
d97d8bf336186555b0562ee20c5880d7a24c8f79,2011-03-21 00:26:17,19653,14366
0cdc525961d3fa98e810ffae6bcc8e3838e36d93,2011-03-01 21:12:24,19638,14351
a5079aba1c4646ba0b7d50a1a76798841da6ad83,2011-02-07 21:10:08,19565,14351
4489d7f5f123f7541995d188aaf99a350845fd70,2011-02-07 20:02:20,19558,14345
aab49ebded7eeb78f12de654e18285cdfd9e7b12,2011-02-07 20:00:07,19558,14345
c6d2c69d8253de25c079215e069cbfda8c160f52,2011-02-07 19:49:56,19558,14345
c5160fca23c542ab1ec8f23aa60204b168ef61b9,2011-02-07 19:37:07,19546,14333
b86d3f6afcf9ee203f35daf8a0e618930fb4bdba,2011-02-07 19:16:31,19546,14333
1a9404cfe8f56f9b892d72b4fd2381bef6ee4f49,2011-02-07 18:59:52,19534,14322
d04bf67b213bc6145b1d3eb22d828d9126c8cee8,2011-02-07 16:51:28,19521,14313
164ad725c7bf064fb4873eb46a88a8913e837889,2011-02-07 16:50:22,19521,14313
ac8c3dd9db88257b356744ece4f6d12f0ce4997d,2011-02-07 16:10:56,17485,12277
ec6842009cd5e941ba2d4b78b6bb8438c6ca241e,2011-02-07 15:34:42,17467,12264
7d4d527c8c0ac609fdf2d48b6418cd628e758371,2011-02-07 15:28:39,17463,12261
f1e0f6b5c18f7f347eca6c67767381f77490faee,2011-02-07 15:28:13,17463,12261
51f9ce6b26ccfb999ff94a6ff1b7626c3a881ea8,2011-02-06 14:27:38,17458,12261
4c41ea7c7d7cd93f3456e632d8aa612f28ea3fca,2011-02-06 13:48:38,17457,12261
7442f826f1b66364071705378a79480e9ef6a03e,2011-02-06 06:13:52,17457,12261
a2f0468595399ebb2d949a6caa214535d22a26f1,2011-01-22 16:46:07,17441,12248
14000a8bb93b1b0876870b6211bf8fc5113abf37,2011-01-22 16:15:51,17438,12248
289d4e0066570659792591220cfcaf5458153b73,2011-01-11 17:58:15,17292,12151
c93326255598d1108b6609ea95f07d9991c13dc1,2011-01-03 15:02:04,17290,12149
178887e3eeeac0607ea2e5aab1e0e5a4ff328fa6,2010-12-30 19:10:55,17273,12149
4c1bdb46a8aeba6a6fc9803614b074dbca2ec050,2010-12-30 17:28:55,17274,12149
1c308280c85d88aed7d119d503c4516ca3b39fbf,2010-12-30 17:15:02,17270,12149
65e434096d81f89cfad923d389956fd6f198f0cd,2010-12-23 00:44:24,15720,10598
a0ace0d9d6a7b5c0221322c6198d0d3dd13d4fbf,2010-12-21 17:15:56,15713,10598
67dd2ee8b3f94aaf85aeb3fa5478e505f632e96f,2010-12-21 17:11:39,15710,10598
331cb8bedea21e61128056608714d7dbd117db86,2010-12-21 04:00:51,15710,10598
c0c8cb27637b7084978221a23697b069a94cd9c1,2010-12-20 17:34:52,15695,10587
e3aa5751ac3af91b0890d3b37b39512b0db0bb92,2010-12-20 17:31:58,15693,10585
4d6d494f2edba46f8daafe1bd6d94c6c6dda5cd6,2010-12-20 17:23:52,15687,10585
3098321989a47a2cd78d6aec8ea4840e4a408f50,2010-12-20 17:16:34,15687,10585
261059356c135de75526b15fe52e25823dddf53a,2010-12-17 23:02:45,15671,10572
12f7ae91370dc4247e0abb3771bf80049835e4a2,2010-12-17 18:56:19,15530,10434
71c98381f0d6066030a9a37b7802ee3d13e9a4d4,2010-12-17 18:33:12,15520,10436
43176d96f96445edb2cb179cfc651cbb7e3ff7ad,2010-12-17 18:00:37,15490,10414
ad2ae8e162106c174ddf1b798d39d352511b853b,2010-12-17 02:13:15,15486,10414
3d8fe92f1e5447acf4d76d33dd62bf368ee4b523,2010-12-13 15:15:09,15486,10414
d01b1364993f7c940a16e1377c658d8b31b292eb,2010-12-13 14:40:54,15474,10408
5886fe4051df366e1e15971fc8df817c57014926,2010-12-13 14:32:04,15450,10385
53ae5b5cdfaae0dc8ccfd6cf60d477cfb0561bbc,2010-12-10 16:58:41,15450,10385
81cd0cfd83c98fad787c3c1b18c31819c1b77915,2010-12-10 15:46:19,15440,10376
e8be47f28b5c98d80627b5c6c4c157cf2cf2c339,2010-12-10 15:32:52,15423,10376
17602c39278810c46a265631935c69b5ab059de7,2010-12-10 14:58:32,15413,10366
6ea500b0ddffd27ddeb5b86b77d43dab7b3d1281,2010-12-08 21:38:33,15410,10364
0c1bbbcc97a1995885d685225094ab8e4f881b28,2010-12-08 17:23:17,15383,10351
9f842bda94e31c06520696ead6add8441da65611,2010-12-08 16:28:13,15346,10335
3246463d3bbafda57e6b0bcdc3d8ac652354bab9,2010-12-06 16:32:30,15325,10335
bbcf19684c7fb87b78acfbcc33e12217265e08ae,2010-12-03 14:54:27,15214,10335
b085fa0099d75cf112e07ac580f282fb22afa7b9,2010-12-02 14:59:26,15214,10333
d4dc736a82254d7bbc58789733832a91a102d5cf,2010-12-02 14:47:12,15198,10319
6a0ac930863ab4f1cf107d879aa658495372cb2b,2010-12-02 14:31:55,15197,10318
3505bde58ec82f15e920298813d37476242793bb,2010-12-01 18:27:10,15186,10309
c7a7aa5b10cde0ba062830702ae713386f9b5231,2010-12-01 17:58:59,15142,10309
418b77ffffe9366a053d3ed73d8d7f6a204e188e,2010-12-01 17:55:05,14835,10002
6e4046df026d44e056af6c5bfa7d7f8b97a56f45,2010-11-30 21:04:55,14800,9967
fa9a4c879d9d43014eeb603b610c304a276fefbc,2010-11-30 20:35:43,14796,9963
160f0ba9dabefc093b67e83ebb380f18dd55a367,2010-11-29 18:33:07,14783,9950
7ae0384120c2552e1c426cda7fb02fdce6ef1076,2010-11-29 17:58:47,14772,9950
9994d2bab814cee33d4832d4f9f9324212edd71b,2010-11-27 18:24:39,14742,9940
a98ecc9024c511c00456f5447a076d50ccf83fea,2010-11-24 00:22:29,14748,9940
356664a7357ddb9b4cfcda40e37918d21c0b0dd3,2010-11-23 22:22:42,14731,9940
33232f524b4870cc705a0b5749cdd2f5f194869f,2010-11-23 22:11:22,14716,9940
57194beffa3ca8c01f050cb9ddab8b38e45590bf,2010-11-23 04:49:33,14691,9940
9e1fcfad588e7f03f3d29de8b12ad7cd2b5fe27e,2010-11-22 22:37:41,14683,9931
94c77e84f47491b7dd59822364c5ce2ebabc81d2,2010-11-22 20:35:51,14683,9931
a969d670c7e0cff0e8253d45a0d71547837d59cc,2010-11-22 19:51:18,14683,9931
f3e961da08b1560aa48763302cc5185d290d4659,2010-11-22 19:22:21,14683,9931
d574c9f732b3a12df8c36652f822c4928e9c4fb7,2010-11-22 17:47:21,14648,9919
70e6cd65dca0dbc5fd6d356a50764fb05a94fc8f,2010-11-22 17:41:04,14648,9919
327ba8c54d09595cf424979333763e43d6993e9a,2010-11-18 14:42:54,14624,9895
11dcf246c70e5a53b6c6789b310875482e0f4645,2010-11-16 22:36:53,14623,9895
99fbc0822434e284890bc729b19666c3a715dd61,2010-11-16 22:21:53,14621,9893
7e363dfc8f4950ee2aab1b5c5aeed18dedc67aae,2010-11-15 20:46:50,14605,9893
86c3089379676279d14489fc92780d605ecafb03,2010-11-15 15:21:01,14590,9893
78cf0706943e1d1e99c4be6357bdf64f7f1c1671,2010-11-15 15:14:41,14589,9893
58e748bd8ab0e9d9b844e901c8b2337e4d2e62e6,2010-11-14 20:59:46,14570,9893
8ad010ff2fa543d8866d8fef18df2733c9970ce5,2010-11-12 21:36:56,14570,9893
6eb90e3e1877fad428baa8479a386d6792da6e41,2010-11-12 21:11:34,14577,9893
5a32ececc72ee2feeaeab4717c11ca34fea0c358,2010-11-12 17:22:07,14572,9893
2541654889634a48ff26947db9e22971ee5db219,2010-11-11 22:09:48,14628,9893
d190e9e71e22d21b0eeff8a6afb64f988c1d9deb,2010-11-11 14:54:14,14629,9893
b38e9167c7c0247485b46cdec36f8fbe761bd5d2,2010-11-11 14:44:38,14629,9893
3fa14be5a15554c4c02fd31270f0e1bd61203031,2010-11-09 18:39:13,14622,9893
03b790f70a26751a99427647f6a67edb1f29dc1c,2010-11-09 18:29:32,14616,9893
46d196d1c0f531c375b611236f83f64f501e10b5,2010-11-09 18:25:52,14615,9893
f22d77ac442d691bc0dfec6f36a03701327b2f4f,2010-11-09 18:20:33,14609,9893
1e0986b4e76a52d84921b665b9aaefe3cceea63f,2010-11-09 17:38:59,14426,9893
1f740b93f05d9a64aed91fbcb01404a944bb0a59,2010-11-09 17:34:44,14426,9893
b638e31cd761a6b8ee396749dd0f5522a9abf59b,2010-11-09 16:14:48,14251,9893
9ebe66b4a23733a468b4bbacb9ee1387201a8d75,2010-11-09 16:00:50,14256,9893
4ff388ab95ece4045fb3e147ee17c979112bfcd6,2010-11-09 15:29:45,14255,9893
f636b3a394c302dc20cc71a205c499ae63d8fc4c,2010-11-09 15:28:20,14256,9893
151417e7bcdebff468e7924c61f0bf6d470ef670,2010-11-08 20:42:09,14244,9893
be37cf01782ff5cae75f4579851a3a501943175e,2010-11-08 20:21:54,14210,9867
cbc5055b3a0d99f0d29e56a854a1fa5f1b6910eb,2010-11-08 20:06:52,14207,9864
3373fa027038cad615ac9e6e98b7a477f8942656,2010-11-08 20:05:38,14207,9864
6443b7306983e47078658621500dc9ab9d5262be,2010-11-08 20:01:57,14206,9864
6de4a8cc372901523690ac09386b9455b4c6adde,2010-11-08 19:56:21,14206,9864
4aafb6b27dd21d67d351de867ada1b4ca729565f,2010-11-08 19:52:30,14205,9863
61397b963568d3e0bdf9e033b91df7c61ac6c3b5,2010-11-08 19:33:22,14124,9782
3fc9ef1e6b2835945a3f6a63ccbd97473dad33a0,2010-11-08 19:22:22,14110,9782
37cd99124dd334123df67b183b016f5ff6b9fff7,2010-11-08 18:45:08,14096,9782
bdee3a2512ba9a3f32a7b49fbf24883a6369613e,2010-11-08 17:45:54,14095,9782
e1e6625a458e5b5ba75b5a288ff6e9eca5f47520,2010-11-07 23:57:18,13973,9782
09c7870fb2ba3ef7cd74de58e0c9108293acf01a,2010-11-07 23:52:26,13973,9782
ee0cf27cdc3e0a97f26534d8698b438c76669a97,2010-11-06 16:44:51,13961,9782
501b9ab36cc018c21c5562cf5618d294a5cb236f,2010-11-06 13:52:51,13961,9782
9a74dbc9c3ba3cf00157f0469b00fbee953600aa,2010-11-06 13:48:56,13960,9782
65c52763d32948f02f19ab38047ac1bf31f44ab0,2010-11-05 03:52:21,13958,9781
ece51d2383b3e972ff5ba64eb152f324b7fb6d9e,2010-11-05 03:45:48,13953,9780
771b87f17c2294483db565a7835f4ecfedf00823,2010-11-03 16:28:40,13951,9779
6181445f3e441f41cf15047d68b9bb17ee8ab32d,2010-11-03 16:11:12,13941,9769
b04854ef1f0250c27494cf1ea5db063858b04bd9,2010-11-03 10:22:25,13946,9769
d651d82e92d335f64ba4ac95e259e26b5bce581b,2010-11-02 17:48:10,13923,9769
3d36c62f67de88e3181ce94f5346dafcc865c620,2010-11-01 22:50:09,13923,9769
315ba7302ac5c0470a2441f9f1d4d568e5263eb5,2010-11-01 22:32:49,13923,9769
2d4ebd0271cd05b947c9eb9f6284beb8199d437f,2010-11-01 17:54:07,13918,9769
b4d573c9436d2ec8d491269cc98bc04dd812ef70,2010-11-01 15:43:05,13893,9768
f0ecfcd2790a9b0ec44ef64bd4e604571cd70253,2010-11-01 14:26:44,13826,9735
cd21480e8e730a5b9c5958d4dfac5bfdf760199d,2010-10-28 05:11:04,13821,9729
0749421795bb3e666a0a675d82241d21b9137e87,2010-10-28 05:08:58,13821,9729
1d57168c8f436f1f9b20a5fa7f13495610931b22,2010-10-27 13:17:38,13820,9729
4c5b74c4e6a4b18a4f57cec851a02db0a731c365,2010-10-26 18:05:06,13771,9686
8e0bd05431bce1794a46261a8eb51df705d90eab,2010-10-26 17:23:42,13771,9686
2ac532fd1480f3e3a80cc060543b2a059fbe121b,2010-10-26 15:52:28,13760,9686
de4b2b35d9a36a905293e0ce865091b0f3695afe,2010-10-26 15:50:39,13759,9686
16ad4fd2e83cd61398a37b6348d0a118aca2b0b3,2010-10-26 14:16:06,13703,9686
cc744682dd8a5a0695b339eb733abdbf38f84427,2010-10-26 14:12:49,13703,9686
4109040004ec29228916938a82afd9a250949a03,2010-10-26 13:33:21,13709,9836
013e45cfeab5613b45a035dbea0aac85e248dc82,2010-10-21 13:49:01,12704,9656
d2ba3311843e6ac33160b31305c57b68ed162992,2010-10-19 15:44:07,12622,9656
3e3c292c48f2159e545750a392c3da1c35743797,2010-10-19 15:26:16,12561,9656
2071b932b99c4747df34ab6545f10e2b90e21061,2010-10-19 14:51:27,12542,9656
f0f7c8d5e3daba3779d1d19566727e16462874f4,2010-10-19 14:47:40,12542,9656
a09bcbca9d660b09dd010e6fc92c5c6c32f10bbb,2010-10-19 14:13:50,12521,9647
b854b28d18d321733797fa4b382298c7cd053043,2010-10-19 13:41:50,12489,9623
c5c795ed98868d3e62fe9e7b3ad68891a0088b54,2010-10-19 01:39:30,12463,9623
17d64e0a51a2b84d8a6accfb67cf00719526d4dc,2010-10-19 01:31:27,12444,9623
2b539572a038ccc05399bb2b70d42e145e7104d3,2010-10-19 01:05:48,12417,9610
83f4748d8c8e84281582eaa07649de5c64fdcd74,2010-10-18 01:24:01,12365,9610
689998822426ce3160631571085dbc97032cf515,2010-10-17 14:17:36,12262,9520
263245b9cfcf6cb38075d7292700956dc07c9115,2010-10-17 07:22:25,12261,9520
5c5b7a88241f0e7997c5d1d61796133c5a00a6f1,2010-10-16 20:05:49,12249,9520
7b10698af656ffe137aaf78baba7e3e7156b0778,2010-10-15 13:57:31,12248,9520
d8d40149e00bec0ac45080d23de49321fc252185,2010-10-15 13:49:56,12248,9520
500d66bd58ae472dafe9759658592b9433937109,2010-10-14 19:11:56,12248,9520
e7ce57cc1dbb2b5d3048428333153453baf3817a,2010-10-14 18:46:53,12228,9500
3560062c11a7919688c861c2b4c5dd86ff3e13c5,2010-10-14 17:49:01,11548,8820
2ae60985eee091504c9bd23d209229805e78ce13,2010-10-14 17:34:00,11549,8820
9c535ca5a55fa2003146270e745258415b6083a4,2010-10-14 17:31:19,11543,8820
7c901e2245f26f8c14bfe35df7ca333ae6874f02,2010-10-14 17:15:25,11539,8820
82365e392ea471c504ebcd3787d2d71578ec644b,2010-10-14 17:04:11,11536,8820
a797829c8d6e101d1c8ff28502c5133fdeefc25e,2010-10-14 15:48:03,11534,8820
b2cb44b8f77543c7c60ed3f47cface89ac437e25,2010-10-14 15:13:50,11531,8820
0ac41263a084ef87122e63e55e597a842584b098,2010-10-14 15:10:38,11527,8820
09e20c1599073b3325a6aeb59c3df2b379a510dd,2010-10-14 14:46:11,11519,8820
831090329f21ed2e7e33fda92b232cd244314b6f,2010-10-14 14:29:18,11500,8820
eb9f54c8fe9efa878093fa24a32755ad7d6fd43d,2010-10-14 11:36:11,11457,8815
184687b28fb9c5a11333b32da3b485f926da6636,2010-10-14 02:46:39,11457,8815
8878c2236a20b233c3db7325fb4b81e8a3778d03,2010-10-14 02:42:49,11450,8815
c211499619f456b5f80136d718490e43fd95cb0c,2010-10-14 02:33:26,11450,8815
aa35cb64143eae32e584db19398c67145f4f50a1,2010-10-14 02:15:12,11433,8815
6886bca0860402c05e7f4a159f36f262fd2d6dea,2010-10-14 02:10:44,11429,8815
abd64dca83fc6438d94f43a69a303861d39bba1b,2010-10-13 21:40:18,11429,8815
091e266077fec2092942a8936173db916a82f1a2,2010-10-13 21:33:20,11419,8815
63085b6ccd12953d210adcaef5b607b5fa21a5b6,2010-10-13 21:30:12,11389,8785
e0b61034dfa6a65e4d8388127e26268ac55c42dd,2010-10-13 21:25:04,11387,8785
542f085074bc1b2553ac84d6d19b6d9c2ef6124d,2010-10-13 20:42:17,11388,8785
7b4901592937b48a63c0198024f79439746cad24,2010-10-13 20:06:18,11392,8785
cd0d2ccb1c6460bd6d756b3140cd1eb592737143,2010-10-13 18:20:14,11392,8785
c0f602e716ecd7579d0e3c946a896fdae59c8ed3,2010-10-13 18:13:41,11390,8785
284397f042b314eb929b3213ef0790ddf3e23be8,2010-10-13 15:16:40,11390,8785
39034e58a28843c40a91c9213069c5e64c85250f,2010-10-13 15:12:56,11390,8785
0c1b13aceb9286f39569201807c0d3418e9325d8,2010-10-13 15:11:39,11376,8785
8d0ebbaaf25cd65d44d93991f8fb486457b4f6f4,2010-10-13 15:08:42,11372,8785
f09e791402fe2069da572e2444708eb1383f9686,2010-10-13 15:04:44,11372,8785
53ac621fd43a76e79f0690f1375459625a264848,2010-10-13 14:55:08,11412,8793
ae693afe0851570fce1e151b078b8f9e78bc36c8,2010-10-13 14:16:07,11325,8793
3a90caeb64b4eb406cb7615c8e6e771cdd068003,2010-10-13 13:36:15,11323,8793
4b2b8cf29498433499f8c8ef4eeffa9c62bf3ec8,2010-10-13 13:22:27,11301,8793
ed484a3063b0fcf7e5e754055ef581a0e5b2a7a9,2010-10-13 12:57:45,11227,8793
a2b924cb8c243ca401a7bc5ff618e54178d6bdb1,2010-10-13 12:52:11,11224,8793
317c99be1092d5737fc99dd305f11e273c4b7213,2010-10-13 04:37:02,11217,8793
a72920d35515169254285a601df0751a41b5bbe1,2010-10-13 03:56:26,11170,8798
1fb28434a0f8da6681f2dc9192ddc91e821d71ac,2010-10-13 03:28:13,11101,8798
5c16f7164c94a3caafbf9f5fe4c6f670c998f459,2010-10-13 00:16:42,11122,8798
accebff4b5f357bc4d8ee426fb4825a954649ca3,2010-10-12 21:38:57,18318,8798
337d5db811fdf81307e8a30e27ee50cafe4e7b5e,2010-10-12 21:18:06,18317,8798
bb53858460d6bb976fe832dbcf2ac82175ec7f21,2010-10-12 21:08:42,18317,8798
15b2ec81e8aa4bff1bbc5845dc1a251069c0eb32,2010-10-12 20:47:56,18326,8798
d8308f9712084836e91a6e96729c6b4235d01468,2010-10-12 20:19:02,18313,8798
7ea942e53f84d822bac7f1ce58aa0931684df1f1,2010-10-12 20:04:42,18270,8755
8e7405e17a90d6f29ed5030c9775d54ca8b67597,2010-10-12 20:01:14,18270,8755
727c299695d339ac94c2f9f76439a59eeb35dc21,2010-10-12 19:58:40,18270,8755
21dfb55072190ffdf9fd3239a51593f963e5ce0b,2010-10-12 19:41:42,18237,8755
e2cc0307997d082df9d428cd6bf5784f375bee28,2010-10-12 19:27:54,18249,8770
6c8876902d2b1bfeba5f4801f7bf2d600be0b900,2010-10-12 18:52:44,18180,8770
11c6ebb7fc346740872b27658525b07efd2c265b,2010-10-12 17:52:59,18052,8770
f9d66a4db28c8cf3d2b4aeaf74c19156f7726254,2010-10-12 17:18:25,17995,8775
66fb51ca36881d58a873e6eadc25db4b23cf9c5e,2010-10-12 15:47:57,17928,8775
c14dde7c207eb1d91c8829ffa4f190bb3fb84aa6,2010-10-12 15:01:38,17864,8775
d66f9208b995a5c283e37a3fd47b2dcfc28c0d9a,2010-10-12 14:28:12,17854,8784
cbbba479ea6e5df9539d9030b8b6f20781d07e70,2010-10-12 13:59:15,17818,8784
eb5a89f17fdd9cfd3ac26bf43c83ca864f1cc06c,2010-10-12 13:28:27,17757,8784
ad3387b0550d02aa17c3194fbe720f0aa20de4c7,2010-10-12 13:03:55,17209,8285
db2610e77c3dadb74d80f86efa3b685e3a8f0a8c,2010-10-07 21:40:19,9972,8285
ad73393f400577467960e95db414b305c66f8432,2010-10-07 16:54:56,9880,8285
cc48c76485d947b94e2331f9a89ae6c255bd1b7b,2010-10-07 15:24:44,10318,8285
1e8c0b88c63fc697c321662c10f5aae2aa868846,2010-10-07 15:05:33,10439,8285
626f7d2cfa0b9856aee66d187884142782126f5a,2010-10-07 14:29:47,10439,8285
da07cedb0f6a3ead78730b8269f5bde523c1d3ab,2010-10-07 14:02:06,10442,8285
ed1871cbfed602d3fe117c7c2903f4cd0a2f20be,2010-10-07 13:33:50,10430,8285
d0e27756f287e97c4b99d34a4151a4d913091789,2010-10-07 13:01:59,10398,8266
9bdefd0273f1f094aabba1b5653e3a759927d3c2,2010-10-06 21:41:10,10399,8266
2f4d1ac270771440334062f1a9d544613d676b8d,2010-10-06 19:17:07,9510,8266
2081bbf3316cc6826616e8eca6cc044d029914c5,2010-10-06 18:48:01,9509,8266
81f82944cf99cbdac7ab06f9a145aa5f8103cce6,2010-10-06 18:43:24,9491,8266
d343aa5fec0d66e4a48b888da65fc3dc5c3b32a3,2010-10-06 17:52:25,9429,8266
655ab7fa1c4cd46e35068d75ba19f6eee2662a03,2010-10-06 17:45:05,9405,8247
b1277b92580cc08cd7d99212202dd0e42c8dc5e6,2010-10-06 17:41:37,9401,8243
80acf9484d5a6faa848937c914454d770a83f0c4,2010-10-06 17:36:28,9390,8235
463ce3e62d4c80e20cf7ee15734dfa2e2bb1e10b,2010-10-06 17:29:36,9361,8209
6009b8d1ab3673cd25db6c988960d6bd6fc90ded,2010-10-06 17:18:32,9347,8199
16149c7c376eca25fc85db638e2f81de32f71124,2010-10-06 16:23:22,9322,8172
71969d367b916465df4566ba1bd76fb76c959840,2010-10-06 15:35:14,9249,8102
03c1c70f3fbd8d0f2b5bc5befa299d60733db2da,2010-10-06 15:33:31,9250,8103
c63f01ee129c14afaf31deec322209f05195732c,2010-10-06 15:28:43,9250,8103
3190a5a7f49b177b0177aacdc6fabc2525eef4da,2010-10-05 20:24:25,9249,8103
2ca43eaa5f9a8b9c7fb0fa51053c3c49c8be254d,2010-10-05 19:51:23,9248,8103
1074f247cd0ac301fdd29729e1ae4f038765839c,2010-10-05 15:58:29,9242,8103
8eea2caab2ce6b3f2c0fc2e79dec494400794ea3,2010-10-05 14:59:00,9230,8103
a29dd5c5114b09e6704e1db2536330fb97afacf9,2010-10-04 20:02:39,9234,8103
ddd87c0e436fc6a1159df0d332b93229ce2cc946,2010-10-04 19:43:47,9232,8103
a6293310fda959cc6e8a152297b0281de17cfe4f,2010-10-04 19:20:15,9193,8075
0cfa8d9d87c3e0903390909013f26e178848f648,2010-10-02 21:31:32,9193,8075
44a4d12da8a0d7739b48fbe33d551fd6f79b6a67,2010-10-02 21:26:30,1125,0
ec209f704d4c343b1b7e16c8419ca5ac433ca925,2010-10-02 21:25:39,1126,0
b9b8a902e65794078bea308d898b13e2c6276761,2010-10-02 21:16:05,1120,0
8b233a01516ba43060ae822e91b35f7751a54118,2010-10-02 19:14:00,1120,0
6c993eb1be1c1a550bab22b876025205f8b0549e,2010-10-02 17:28:46,1120,0
ef49944afa0e8d88a4ec62c1b916085798693600,2010-10-01 21:52:46,571,0
8a960b479859d343a6c734eb1a5817a2ff6c2b52,2010-09-30 19:48:05,34,0
