729ef0190e7ccc9fc7a69204b066de5eac82e183,2014-01-08 17:43:45,15832,6676
634ed4a341e2cb5cc21741672bbe12c4e35736a4,2013-12-22 01:36:52,15829,6676
e84f71cd378767b7731a3cbaf03a6d46c497ffd6,2013-12-05 21:37:32,15817,6676
1c47a0e1a081cceaf7b15e4c1fdd6fb89c666b7c,2013-12-02 13:42:25,15720,6676
01f56c515b1197d2c238546e8f5c4436c500824d,2013-11-26 08:15:29,15692,6676
864d3a3b2f40f5242885311d36d1be2a53c8c0e2,2013-11-25 17:56:31,15690,6676
747cbc14420e5f73b74072ddabf39adccda3db7d,2013-11-07 12:46:54,15690,6676
1d079c08797b32267c5328a3e3e44f0d966e9a29,2013-10-25 16:31:59,15674,6676
3df4b5b28f19d7509add7874226ef876a90462b3,2013-10-23 11:39:15,15674,6676
d3991ee672bbacba2545a602862721fc9bb9615e,2013-10-06 23:29:29,15641,6650
01b7509e617a8537c0326d95536e7addd5ad14f5,2013-10-04 10:25:06,15616,6631
58d21ddc15d6891d47d17467272203fbafe7075b,2013-09-29 22:09:00,15613,6631
80c1fee406e73d50e1facfae82f7ea6aefe3292b,2013-09-29 22:04:39,15611,6631
a595c1ceaf9fc371d3c26c346abf55abbf49b14e,2013-09-29 22:04:11,15611,6631
cc9c4406140761b8c336fb046b98d7096a4b434d,2013-09-29 21:50:06,15598,6631
7c2384cb94533feb64783df197c580178d18cf7d,2013-09-28 00:51:22,15565,6608
5b1dd157494f578931cdcf48ecfcde97836ff31b,2013-09-28 00:34:49,15565,6608
7ecd70a90b8625d69c40bae09b5e792512117f60,2013-09-10 17:07:26,15543,6591
6d85ae8e8eb8967007d07f2b58408bceaf7baf6d,2013-09-08 23:52:36,15542,6591
f405877a1600ad4711b568f482afe29afa24f074,2013-09-08 23:29:43,15550,6591
d22c6f9d66658a6525a7561dc8cdd50d8cb21ec2,2013-09-08 23:28:35,15550,6591
c87f0495c00e03b4072c657549d1612707cec3a8,2013-09-07 16:05:39,15548,6591
15fbf449481363cbaa88c5812244d0f1939d8888,2013-09-07 14:52:23,15548,6591
48e475c9f6ea23cdd4d3445eeee9350c563893c0,2013-09-04 01:50:30,15529,6591
2c5ab193742c46d253881d4e7b225545c7017a11,2013-09-04 01:43:08,15528,6591
9d50c31d2c4ebd132c562652054a55d7ddcf8099,2013-09-04 01:42:42,15528,6591
b8b03c88e4c47f1508d8545359381e627a65ce46,2013-09-01 21:25:20,15520,6591
f64f672b20f1274b2dbff362e4a54892e8bf0818,2013-08-29 08:14:16,15502,6591
1f7bd9fd4776408bbd7ee07dba3f40721c467865,2013-08-28 21:38:16,15511,6591
2a7c3eb2e6c0e295fe0a5324b0f6fb9b01cc9a16,2013-08-28 21:04:14,15507,6591
20e376c214f19e14e767fe6bc469a79077060e42,2013-08-28 21:02:28,15500,6591
2eafac3ff6d6965772ca0286fb56fe9bb7ff3063,2013-08-28 20:32:48,15491,6591
9bd85b70232a715da3c9ea0d1b962492054fa603,2013-08-28 20:28:50,15491,6591
eb9dcce30bbcfcccf4641783549df51e37a08f29,2013-08-28 20:22:18,15493,6591
23044b3758a5c3c5e943ce8edf3e1318970aaf36,2013-08-26 13:09:17,15473,6591
107ce78b12c962bf41fc2172089b55fc9bc6b71b,2013-08-23 22:23:03,15463,6591
5f81b8f0c129a7cf52da2759fce88974528badaa,2013-08-23 22:12:32,15463,6591
83d75e704be5b7290f5af7bd10aac795f5675760,2013-08-23 22:12:16,15463,6591
c31504220d7b80632453c19565102459a2c47703,2013-08-22 18:19:11,15428,6569
f8501cf7f45d1fa6c700821fcad5fed4f5c78ba7,2013-08-22 18:14:38,15428,6569
81ef5a1dd26c416d23f4db385a7ca6ad31e7954c,2013-08-22 18:07:34,15428,6569
29ec793386c19464c702b96dcf4aae1ea1cf7a2a,2013-08-22 18:07:13,15428,6569
187457df13b69b6888b8fe20b964f5234a73beb4,2013-08-22 17:52:42,15418,6569
2eea214a42a6b1fa3eee18b662732208a0e9ece2,2013-08-22 17:45:34,15418,6569
639c2290b77a4ad330638d64f88db4f06a769d71,2013-08-22 17:27:41,15418,6569
3d64b16227b142afb61e43ff870da9415441736a,2013-08-22 12:07:03,15418,6569
7bd22a510310851f3231820dbae85fb800c46070,2013-08-21 18:30:47,15416,6569
e93c5f8265a7c674179accf7db41783c83699500,2013-08-20 22:34:41,15416,6569
77be4520dc652311f3afc64db81959355bdd6216,2013-08-20 22:32:58,15416,6569
cf76bcb2aa208aa468cbbdb067ec05bb97cc6ddf,2013-08-20 22:31:33,15416,6569
4ed5f278f8678f25ac5f5f160a03ad8e457bff9a,2013-08-20 21:57:42,15408,6569
46ae1e759c2805c2c11e3c99caa8886cdb36bd91,2013-08-20 08:26:01,15408,6569
e0c1308c2a86787d7d508e4788a042794488fb66,2013-08-20 00:04:26,15406,6569
430dc04b095509870c9b7c0e93a2b3761905e8ef,2013-08-19 23:53:10,15406,6569
39209f3bda36f0f351cbf2f0c2c4fedc5205a48a,2013-08-19 23:51:01,15405,6569
0eaa43c05dd54808f9b969f618cc5581fb6391f7,2013-08-19 23:50:21,15404,6569
c6a370309d63eb281270eb3f4c9f66c8bd412dab,2013-08-19 18:38:30,15403,6569
13e25148305267b270c4c89fd0e6f8c4db460b22,2013-08-19 18:26:44,15408,6569
c327dcb2554774795b87f9b164513dc121079748,2013-08-19 18:22:44,15408,6569
1b505cc0e632f49c82b4c227b8b86d4e419c5441,2013-08-19 18:20:29,15403,6569
dd23feb5ea6b8c773a6488debd014e10ae549f90,2013-08-19 08:01:20,15398,6569
eca956cf80308144f35c8aa43c24b881ecd4fe8e,2013-08-19 07:39:17,15402,6569
587cc5acddc506b84dde92e903453920ec9fc8be,2013-08-19 00:55:17,15401,6569
b5e9a4c1912c7865a7f715c1c563547d9b63a365,2013-08-19 00:53:22,15401,6569
3ced03ca7f1384ecbc6b28f3c3df0b2d1b8091ca,2013-08-19 00:18:37,15378,6569
9fa08fee99ed1e0e7bf60d17a426ff43313611b3,2013-08-19 00:16:19,15380,6569
12baabcc890cf5b3b0456e398854cfbe5f348db5,2013-08-18 18:45:55,15239,6569
13839e93848558bc2105ac134b5914e732b9db9a,2013-08-18 17:37:20,15229,6569
d42a564de879d9bad19b8ad4ba93590f20645268,2013-08-18 12:16:35,15225,6569
71d083a55252d6fa9c69ebd5e905c265e731480b,2013-08-18 12:15:12,15223,6569
cf802c368db64cf540f27f0646be0ed2cc74144d,2013-08-18 12:14:49,15223,6569
72e6e61970b9186e198716d8b4e8866ea8487c53,2013-08-17 21:39:59,15224,6569
4402b80ec91cff681a19f73ee34d48a8c666b931,2013-08-17 21:37:03,15218,6569
3f0dbef7eaed438758ca7b24c5d257907dafc688,2013-08-17 13:01:01,15071,6461
1ee8abf098de702233194df52708441255df69b9,2013-08-17 12:49:04,15064,6461
55eb1e229052828df873bfb20457802f9bfe10dc,2013-08-17 12:17:49,15062,6459
906990d9b53ea77288af58c7f8cff414a59bb465,2013-08-17 10:50:39,15060,6459
518f3d2a8f9278a5b309669e6fe6d0b7ec7f792e,2013-08-17 10:39:51,15049,6459
6ba6ea008423693671500382c269bd8fe7561f0f,2013-08-17 10:09:58,14822,6302
01c499d73fdbfb9defff9e3d0e8e317aabcdf419,2013-08-16 08:44:58,14817,6302
463b258409409dddd82ffcbc1e8dcbe553459537,2013-08-15 21:43:55,14789,6303
49d4c96ddfcadcda1a4509ba68e7e62521736ee3,2013-08-15 21:42:41,14789,6303
adcc368238f970e5b1cb8766d7086a4741c6e27c,2013-08-15 08:05:44,14746,6278
d2aeed7a0cdbd557ae05c2f19a80032f57dcafc4,2013-08-14 23:55:33,14743,6278
098753520fe84e388b3a71dfdd4d070c1b570f04,2013-08-12 20:25:34,14737,6278
f124fd4c23644abb11cf4857e47fd6ae485c5b29,2013-08-11 23:33:01,14702,6278
99ca255aad6c7b86c1760639919026e460d4914e,2013-08-11 23:11:03,14686,6278
d08efcfe3c9bdcfd9b20b7d7d22b2e08e9a0044c,2013-08-11 19:57:35,14592,6278
337c0f2d0adc4a04a8c282f8fa2eef85b48616a4,2013-08-11 19:53:28,14591,6277
1acf4a53d39a70ca4f8b0e470e94bb6ce36eaf28,2013-08-11 19:52:42,14575,6277
a2b0fb7d829896a5f3944f02143cb4a793b3f234,2013-08-11 18:09:23,14570,6277
088c488e2d84a31dfbea1ca5c1df1d70461e6b37,2013-08-11 17:44:53,14568,6277
64ef934a3c4882dc21395ed6e83c886d4a216bf0,2013-08-11 17:43:29,14568,6277
39b690e96ac86c032b6e9fe75ff76d1b9f411950,2013-08-11 17:32:26,14566,6275
08fc86698da246591332b315ab4ca021e2f2dd40,2013-08-11 17:30:33,14561,6270
7bacf8c425af990936e15dba6d38968d095b078b,2013-08-11 17:12:18,14555,6270
896672c4f43daf7982dc38ba429720fb287bdc83,2013-08-11 17:08:22,14551,6270
cacef7b316e95c664f7bdcc993493602c2a5fc8e,2013-08-11 14:18:00,14542,6270
2b8e0fdf06e2fc808b33e60fd3587c67f6a2538d,2013-08-11 13:48:57,14543,6270
abe4264a13ecc32fd3c63f6e11bebe0a9236dd26,2013-08-11 13:44:58,14543,6270
367c3c3e95c6574bcea6a8ad09be5ffc9fff3216,2013-08-10 22:36:48,14527,6270
41a3903ac91c3066d73d2fe35b5a7df00757726e,2013-08-10 22:31:39,14527,6270
fce93e16aea8c8558b5a223c63d1111c92c99b20,2013-08-10 20:43:04,14527,6270
9c49b097c853539d89bd11adfec83d4a7d965b45,2013-08-10 15:07:53,14503,6270
524e83fca43bc2c83c4b0127ed681d85b0a9cdbe,2013-08-10 15:07:44,14503,6270
f5999e84a21fc9950880e48570db7f2f09c19305,2013-08-10 14:45:24,14498,6270
ee2640bc4380a2b4c141aca2518fa5c6d9b43439,2013-08-10 14:43:54,14497,6269
2b93aa000cb9bdc2b5f3ddd102340213d160326c,2013-08-08 19:01:30,14420,6244
9c4b30b65c14fe21e6e136d581ddbda95f2d7c72,2013-08-08 13:17:49,14420,6244
160dc5c470ce034abb33d41d13af905033b56121,2013-08-08 13:07:10,14420,6244
bbe2896de2339f64144bc5c163e2f327b3a2473e,2013-08-08 13:05:44,14420,6244
9cee8b7b785e0fea884772536fa526bf03f8c75f,2013-08-07 23:36:32,14407,6244
a34c8dc502671554ebe072f007310d50ac53e80f,2013-08-07 13:02:50,14402,6244
9cc4860050e824fe9ad34901c6537c6195c5fd63,2013-08-07 07:57:44,14392,6238
58921f74227358c63c6cbe3d2cde537bbae64b85,2013-08-07 07:56:40,14392,6238
a97375552f24e26603f2c310595e5a958855ffa0,2013-08-06 23:08:04,14343,6189
2b334774ce82b00848c0a398ee5d055e00aac7ae,2013-08-06 00:22:54,14348,6189
b083422321f3375581a42d56b733de4f69cbaf8f,2013-08-05 22:43:22,14340,6189
b282d02a7702f036f8ee6d94d4498541865924b8,2013-08-05 21:59:01,14340,6189
fd58a5fe0643bcd2b8b3cbb5dbd30d8f80e6a0b4,2013-08-05 13:25:26,14332,6186
15957bc9ac464558da2ae8912fc917bba59f2f24,2013-08-04 19:41:42,14331,6186
ee31e93f98ac039c927a8239a0aa25e843253317,2013-08-04 00:23:27,14134,5982
88c10451801f92e637978e454e9448fb063a557c,2013-08-03 16:30:19,14134,5982
2c06feb6a128b3c42b04dec1db0a59a63a2b67af,2013-08-03 16:29:13,14134,5982
3995ec0ff7b7ae4aa6e89310129fd0bdc932a4e4,2013-08-03 14:02:38,14011,5982
d2144905dbc0f49a04d801e553a379e3775d6380,2013-08-03 13:38:21,14006,5977
aa2e68d1ad876c6db85a4c13f5137593b99f88e2,2013-08-03 12:00:23,14006,5977
85b2ec93c8e85de774cfbac6075de08ea173c0fa,2013-08-03 11:50:48,14006,5977
24cabf19af409435301dc3030db2458c6ec94d5e,2013-08-02 22:09:31,14004,5977
73c2e885e9ce0f99de22126e6decf3aa92130c72,2013-08-01 22:30:40,13942,5977
2e615e7570632e4a049a98ddaf329def5f5cfa53,2013-08-01 22:15:11,13942,5977
0ab2ce9cf6f24bde13dd2d4c5ec7acf4f83b223b,2013-07-31 20:54:52,13887,5977
9f99d5d42a38af7b1bb444503224b355f85c4278,2013-07-30 21:57:55,13886,5977
9576b8a8e9eca217654a353ed56a1c0ae6d490e1,2013-07-30 08:04:17,13886,5977
59c5caa395272924e36eacdc8144c81d4d96af11,2013-07-30 07:49:33,13887,5977
e4a35594ba759393c137be062c47259d4fc0bea2,2013-07-30 07:37:56,13881,5977
5f44d1f2cfb295609f83ac9273ae4d103089c1a6,2013-07-30 07:36:30,13880,5977
489c6f67303bcebed1f4bf91f193a3603988b455,2013-07-30 07:36:06,13880,5977
d62f5142cc9322aa13db5cfe57b4e335da0deb33,2013-07-30 07:30:17,13873,5977
7bd19e39a7fcb7a79710885a0ead2322a33048fb,2013-07-29 23:18:05,13871,5977
5037aed3aed500c7421b823e22e9a63536e328f0,2013-07-29 23:17:48,13871,5977
56720192032706cb135d509a534042b3ec698d4e,2013-07-29 23:15:33,13867,5977
62672bc4c8fe7875e14aedf80019680f63d1669a,2013-07-29 22:58:31,13865,5977
705d62be1807349472c7b0dc82d2e63b5e21325c,2013-07-29 22:47:25,13865,5977
d237522e8cfaf925f7886d1d25a42e12be670abc,2013-07-29 22:41:55,13846,5977
44308fa02649b74fb56c9cdf6d76d6674c6021d2,2013-07-29 22:16:16,13787,5920
aae19206a0a9c95656fe1ad048f1a64206fda266,2013-07-29 22:06:31,13787,5920
212c4c3a71cb4f4806d27eef50f9243e61433421,2013-07-29 21:00:37,13786,5920
e1a443177e2fff6be5ce1755bebec76bf19b1a5e,2013-07-29 20:57:35,13762,5920
1210ea821ad27b2f269ef278bf38f18e7b4f7571,2013-07-29 20:44:04,13742,5920
83f00d720e81ae601d4775e9c83e4434bde8bac8,2013-07-29 08:25:12,13722,5905
ee76fe584efdf9dab2979ebcf022b63f8d9363a0,2013-07-29 08:05:53,13728,5905
063453b7447a06f483247cbc3334646ed561149f,2013-07-28 23:43:20,13707,5905
3a0cb8b35c35e14483be290263215383a99b99f6,2013-07-28 16:17:42,13706,5905
f0ed7f22db618576a5557071e138cd38418ec59a,2013-07-28 16:14:24,13705,5905
ac91f07d226b505c7c22f795eb9964709c1f3096,2013-07-28 15:43:34,13698,5905
d5a7a691a22ecb0f2fff64ef85a510679dd627a5,2013-07-28 13:00:07,13697,5905
229b23b350f2ad4db81965de48d2633b28f74b3a,2013-07-28 12:58:54,13697,5905
18ee9518ecb1f59fc8d414992fa49bda603e9eff,2013-07-28 12:56:17,13688,5905
43e0328722bf37230751a1f4621692bc6d155217,2013-07-28 12:55:41,13688,5905
12cf93ddd86a8db3f0371668ec50f5461a5bcf99,2013-07-28 09:55:43,13693,5905
45a5ac28f2a6ac4a55c7c0452a28f737ce6109d5,2013-07-28 02:18:45,13669,5905
635eec013ccd38e1488f48c6c3de8e64db13f4d5,2013-07-28 02:14:44,13669,5905
679b9217e0f80260c7f192c38c7865c53e8320fb,2013-07-28 02:08:56,13669,5905
39f3571383d5357e6ee5610d564f63ab92902c53,2013-07-28 02:05:16,13669,5905
571b34c99032ac1cbbfd3b3c45202e3b1bcbc137,2013-07-28 01:36:24,13666,5905
38fb72ece9905998f776be396a935be4de3f76bd,2013-07-27 18:23:23,13622,5905
fcbefa218be9b1b43e6437ffaaaa433db4bcea54,2013-07-27 15:05:53,13622,5905
c06b9d696e6778675f2fde86445184124802652f,2013-07-27 14:21:14,13622,5905
68c5e996d697a87497d393d6db2d0e78bf494388,2013-07-26 07:21:53,13579,5905
e55e08339a9e4358778e2eebc84b5ba23c969139,2013-07-25 21:00:17,13578,5905
ec86260eb53080b22b7035367cf099252b7308b7,2013-07-24 08:12:27,13557,5905
adee5cec2bfdec2c8b494b9bc05871def5ce58a3,2013-07-24 08:12:20,13512,5860
854596fb043b1d19d2d47400cc86b7706b4705f1,2013-07-23 07:58:08,13500,5860
cf6b8f752bb12aa53c09f23ef41957966188b67d,2013-07-23 01:34:08,13500,5860
702f36be0dfbd27da4f7f670c0b4410214c580c3,2013-07-23 01:20:42,13500,5860
c738bc1e965fc7d16bbc9ae76708e5d29a2fbad2,2013-07-23 00:02:04,13500,5860
6c1c13ed11dfb72c1eef781cb8447ef12c42180b,2013-07-22 23:52:51,13493,5860
d1b39cce2bf434f9bba2d8ddefddf6999a4d9ab6,2013-07-22 23:21:18,13493,5860
5e67622374e0886645a7a44ccd0e326027253b53,2013-07-22 23:19:54,13493,5860
90e95bbd7649d6351a1308c56f19a1b24f50edd5,2013-07-22 23:12:10,13489,5860
6deaacadea36cc489e96213cd01ab9865f2eaf15,2013-07-22 23:11:50,13489,5860
2ae4003f7ddfcd7a9d09b47b8f423918717f2015,2013-07-22 23:06:39,13489,5860
dd951d535056de2c4192ac246dbba918072e18c4,2013-07-22 22:47:38,13463,5860
c86d0230bac7429487eefe0a2c3f0c85b6ac626f,2013-07-22 22:41:43,13463,5860
79345691b89d06a722998f8368b44d462428ef8d,2013-07-22 22:40:09,13468,5860
2763cf37f78289c56bd56261a2ab110153d2c79e,2013-07-22 21:52:38,13294,5860
66cfe050e086fe5197b4c3ec3a150cf49911835a,2013-07-22 21:52:06,13290,5860
e6b1595cde08d2239cbbb777e439fd10166d6ed4,2013-07-22 13:00:55,13298,5860
3b376a3d3d02058ca76cebd9ceb8d05a4984e901,2013-07-22 12:57:39,13298,5860
5ed04d97ddf9976b55e520d78e074c95f938c02d,2013-07-22 12:55:44,13286,5852
1e724af838deca3636fd5ba8cc0efa06c010e693,2013-07-22 07:39:03,13285,5852
aec00821e50e77bb9c3f680eb85c9c980444672e,2013-07-21 22:38:13,13268,5848
bf1542c35b5a04ebd1f30e9d8c49595a2432bb08,2013-07-21 22:34:54,13268,5848
5a6d27cc19de38b33723a6c1bc8d6c3a337f4f1f,2013-07-21 22:18:57,13268,5848
2d83abbb85349a07531ff4893c8fa8caeb84bb56,2013-07-21 22:14:19,13268,5848
a9afa42f5264b6136117c47f3c66534083cc4e2b,2013-07-21 18:42:16,13262,5848
a37f1c5dcbc36ce84b8e3f7615fa9e55f0561145,2013-07-21 15:36:27,13262,5848
ecac2bd084c77500a96a5303fd229aaa3aa48aea,2013-07-21 15:35:29,13262,5848
01aec3760c79300dedde2c9a1d3f48073c0f9987,2013-07-21 15:35:12,13267,5848
33cac4832fcba0667d72d487bb84bc10d4c61827,2013-07-21 15:33:54,13255,5836
41b246903f9fafb25c2ec29e277b902e6e5d9db1,2013-07-21 15:33:25,13285,5836
4148e0c7a9aab70a1653760955c1dfc502045201,2013-07-21 14:00:27,13265,5836
729bdd9c6849fc584aca4dff30f7a051b702a570,2013-07-21 13:51:22,13265,5836
1f2d8d63404f9af3787fc276230b50fe853a58b7,2013-07-21 13:41:09,13264,5836
de3cf327d4ffe520bb42540a103aa02699707600,2013-07-21 13:25:42,13259,5836
fa3da880eacda641195278e35a28cf78f5eb5e9f,2013-07-21 11:35:28,13259,5836
5dea57ddd54e68798a709d74e6bd5762bf278337,2013-07-21 11:29:47,13258,5836
caa59cbb6255dd02be855799773c410c343a6c82,2013-07-21 11:17:04,13256,5836
51e32f72dee653e0ae524483c706130341bd302b,2013-07-21 11:06:58,13256,5836
048bc53bd00c2e0a1e3c1d2e575591b4ae53f2b2,2013-07-21 11:04:18,13256,5836
2c79181c05f3235535e30a2d8e816e6fb2133add,2013-07-20 22:27:00,13159,5836
5b37ec0de5bb0cb768187b35d6e17fba1e63e8be,2013-07-20 22:19:34,13153,5836
c49e7e181b37ad660faba373fbf867ca619eefb0,2013-07-20 22:13:18,13153,5836
b0dbbc51df6c2187ff36bd77d85113a224cd4220,2013-07-20 22:13:05,13153,5836
91779a67fb4f2e1a04e12255e8965874fca7d2c9,2013-07-20 21:08:30,13153,5836
1fe6cde9349e93c85dc2fd40a8c4e6093306510e,2013-07-20 21:07:54,13177,5836
3b8d00095e2504f50e44fdf8f030e736eb099e15,2013-07-20 21:07:23,13177,5836
3fdf639bb47763c68ae4f7c2c82b04f8e3f0f95c,2013-07-20 20:30:44,13175,5836
4061ef65e43a517c9e14d31f387c21360d4bf637,2013-07-20 19:45:25,13175,5836
0cf8af00b345bcbec993921ed32db8a1256aeea4,2013-07-20 19:37:05,13169,5836
62c616f197854df8952116bce303566e4abadaa7,2013-07-20 18:52:38,13514,6099
fcfeda9f39a7c1f4ebd196a5b646b39d98c8dada,2013-07-20 18:52:03,13514,6099
dd965e03c5182864821ad168391657b2263efe28,2013-07-19 12:49:21,13504,6099
3e3f5faaccb22125443581ae4df883b66d652fc3,2013-07-19 12:45:49,13504,6099
7e41cd0d3262614f2838bfc10d250e49727c7b80,2013-07-18 18:43:21,13503,6099
e1d77e12b97a6ca025c18b1d7ddf617636c39ed6,2013-07-18 18:28:52,13502,6099
8e51d1eaf3452b9b803e37272c5d7ba2883a882d,2013-07-18 17:34:04,13504,6099
823b287edafc35d00c080ab1664d6bd90eebb492,2013-07-18 17:32:45,13473,6099
a2c195e844673e406dc67e82ce879ca04ac6f910,2013-07-18 17:30:09,13452,6099
6e037a4d4630ec747c1cba839919559e0a827ec4,2013-07-18 07:40:04,13447,6099
14597f74f49158300b7959514e9239a4997b6e26,2013-07-18 07:21:54,13438,6090
fabf2479ec57d6a0263732c22c103720beca9351,2013-07-18 07:21:28,13438,6090
499d9da75f2dc5345214f04d5be3084fb0991109,2013-07-18 00:10:29,13432,6090
e7667ba34b97350c2074eaab1e60281d8d06b069,2013-07-17 18:08:41,13428,6087
7f18cbf7d5633387ebb6e7198ac1788ffe1b78be,2013-07-02 19:25:36,9390,4410
e7741b3d1f27aa5949d566bf7d112dc7a998f188,2013-07-02 19:24:08,9390,4410
9d26cd787a03ee683730499247e4f599fb34061e,2013-07-02 19:18:12,9390,4410
23096561695ec4a6e9ecdf5dda7471c6d4a1a6a1,2013-06-23 13:21:38,9376,4410
22ea322fc55e9f293475471642cdab40d2a49814,2013-06-23 12:56:06,9368,4410
ee0b620d33ef75c9bb49955b7d0b7f9903749af5,2013-06-03 10:36:54,9364,4406
92a272381574f53addcbb0eba68a89e39dfc636d,2013-05-30 21:26:08,9364,4406
61208817df958a2111cabcf9622a7352a97f99f6,2013-05-29 16:32:03,9364,4406
bb58b5cbedb1cd8a6cade26a8cf3008d3fe7f969,2013-05-29 16:22:23,9360,4406
eed8025ae2149e1d0e2de37953beff57a8c76455,2013-05-29 16:20:05,9173,4231
26feee1ed54aa2073bce230b827b9c0ea9fb9302,2013-05-27 17:39:22,9029,4139
607e16025df8081b5346fdb7c1616f68fa1bb788,2013-05-24 00:13:23,9024,4139
71eafe436a4e0e65a09485e06c45a89c80bccff5,2013-05-13 21:06:17,8972,4103
66a531290828c42defff58177397b05547339254,2013-05-13 15:46:03,8972,4103
14f4cdbbe5a83495f17818e1e390945009ec1174,2013-05-13 15:38:03,8971,4103
fb9ac015339e323ff39f5dd406fcab1c1bd4ac87,2013-05-07 10:11:19,8859,4033
783869b45ce59bb675e355d92a866c54e7ebf01d,2013-05-01 13:20:56,8859,4033
b0350d9412899ba17d7aa1475b8296824f9fee52,2013-04-27 12:06:19,8857,4033
824fcf173621b251657d3fdc626d3fc801daf1ba,2013-04-27 12:00:46,8857,4033
0440e6916b97c120d1a9eff706c1c9a65d95ab3c,2013-04-27 11:54:55,8854,4033
624886bf5a7f4f28e8459a5eff3415fa8765dd2b,2013-04-27 10:50:06,8853,4033
545f90ba122f808c9643cf46e36767945ccb0000,2013-04-27 10:36:58,8853,4033
f97698858ad66c8a8152cb9e031e6e7eb9947b16,2013-04-27 10:36:38,8853,4033
424f99cea48482d303b7826f1f4fe51b64522739,2013-04-27 10:26:59,8847,4033
b13feea7909087c8e5dfa46e4bb61fa5bf4b095d,2013-04-27 10:23:18,8834,4033
883b79f05d4b4b43fe6370fdaec930c44e4c23e8,2013-04-27 09:37:54,8821,4033
6dad4de8e32611f317d0bdff6219ea3567f5e496,2013-04-26 20:26:19,8810,4033
daeff92065af8b951d5b4c77ddbd417b26d28f20,2013-04-26 20:25:20,8810,4033
56b3799a7ae3a7e7f54940b284786961c8f374e6,2013-04-26 20:22:38,8810,4033
3244c57417740ff9561e6a5fcebec8c4725ac02c,2013-04-26 20:21:10,8810,4033
f1fcaccbafdac2a17429049d5f0389533da7916e,2013-04-26 20:18:31,8810,4033
4ef26f99fa132c42169d708c61a9503c7fa922c8,2013-04-26 20:12:36,8806,4033
909dca8f9a02d3fd1f5aaebb1b94c6ccefd993aa,2013-04-26 20:09:28,8806,4033
caeb5effdc5380b02158572f7a72e618c5f6524d,2013-04-25 22:15:30,8794,4033
a0ad96acd3e2a21efc5738e46beeb8692b7e30ef,2013-04-25 21:57:50,8796,4033
b5b4ec0ed7d0274333a241751620bc4202788a68,2013-04-25 21:54:25,8796,4033
c1d61ddef6fcbc0ed85c1dcf1abc520dbf32fedd,2013-04-25 21:46:33,8592,4033
c904c81d1cb1dc134666c7ce93c6a5ecd33c5674,2013-04-25 21:29:49,8576,4033
2c12c8e2b66ce6425e4f4db5e95c02aa4dfdabcf,2013-04-25 21:27:49,8572,4031
de88493acbe3fe26b6904c992924a8892b37b722,2013-04-25 21:24:46,8570,4031
c853c64a8f17a4be0b8273d7fd962839a4761679,2013-04-25 17:00:47,8562,4023
aeb5a3a2614ac04087a09cac6584cf7c693f7097,2013-04-25 16:44:34,8561,4023
6187fd24973726be7af43e022e4b94c31fd514d3,2013-04-25 16:32:14,8559,4023
d58bf2f057454bfce365b71b2ce7290b4bc34efa,2013-04-25 16:31:41,8559,4023
c035021cd6062c3de4d975103ec8000bee08939c,2013-04-25 16:11:09,8562,4023
39724517ccae3d64b97ed820cb534da0ff32943c,2013-04-22 12:53:10,8569,4023
de5cd8e87322223bc3f6e0691a93f20bf39e36f5,2013-04-14 21:32:07,8563,4022
c9aa3bf62c3921807b7d05adf9a810c60e6fb660,2013-04-14 21:31:06,8561,4022
d3d960112c78fb548719b478a98d15115f4031b4,2013-04-12 17:32:48,8561,4022
b54fe820cb82dd8d45a717608593e46b51b9eec8,2013-04-06 11:35:07,8388,3923
b37c3d25a6faef0b42890d0c4fec572b1697a56c,2013-04-06 11:19:40,8388,3923
fa8473a2249c2b3f55f40fd14185489bf11bd7b3,2013-04-03 10:12:08,8344,3905
b9304d219be05b40c92ae50e74643fe166fea1cd,2013-03-30 20:28:31,8333,3905
fd472403c1f9992b57e15b4ff745732677b64ee1,2013-03-30 20:17:49,8333,3905
c38a63033aacd76fc59ab533832983bf05139f4f,2013-03-30 18:55:46,8330,3905
3f9e19a0fe829d4ce0abf765dfa1fff41fb3b0e4,2013-03-30 17:49:12,8330,3905
b448df384381e6f4b0396a922b82dc60d0b65b96,2013-03-26 15:31:42,8320,3905
2c927a34ddbad6ac26e844a0945656aa642ace18,2013-03-20 01:44:31,8320,3905
7f0e84021749907741569070d2869dfd2cb63376,2013-03-17 15:06:06,8361,3905
6c9586a68df0dd9fc8283b25f67188ea73314bae,2013-03-17 13:09:07,8361,3905
a0bb84756cc9cb13efd4ae872f57ce5538fe6636,2013-03-17 12:54:55,8316,3869
1af9dae3b9857b10079d8c9801f22831c0a76858,2013-03-17 12:52:15,8317,3870
fac7e1692c79238b06186c15b42d060897bdcb7a,2013-03-16 17:08:32,8250,3825
56b59da0cf2852de1810d90b3ec5bb7d3d4d69f4,2013-03-11 19:42:22,8245,3825
d31b6c527fcdb339674344cb11e556821cf7f0a8,2013-03-04 22:31:35,8239,3825
cf42f33c6924767addad35ee62478e393f60c825,2013-03-01 10:10:11,8186,3786
bcc96cfec3ca58d20daee122e25733678cc7a002,2013-02-28 01:25:26,8182,3786
339831a1ed286f9e9daf2ff463f6ad2212688ec5,2013-02-28 01:21:17,8184,3786
64bfbb0133986b58e72ee5f4a0ad17a34a5a23aa,2013-02-27 10:09:19,8121,3755
53ad952476c609c046c9c61b7ad19c86acacc000,2013-02-27 10:06:39,8117,3755
39364ee9a6603b4b8cc777b40eaab68eab1349ea,2013-02-27 10:05:16,8117,3755
0a78217136ded2c418408401f2a5b6101017d808,2013-02-26 21:10:51,8116,3755
4876ccb0109e50820bac8f959a292570952c6118,2013-02-26 20:58:51,8114,3753
e20e50514aa6250dc1a000da09b6e6ad2e54142c,2013-02-26 20:54:15,8109,3753
76b3a1c11fd4aca007ad66916f034ce13664d0ef,2013-02-26 20:36:45,8103,3753
c0a90f78b8cd01ccb90627c9ed9416c3ba60983d,2013-02-26 00:08:41,8054,3721
b0f1f7156c2e6a2a5921aa1e16bac8251302ee7b,2013-02-25 23:39:51,8054,3721
d4ada067240be728e43b357a9403a9a7731530b4,2013-02-24 20:04:03,8054,3721
129512b82e227043956cfe3c0b9b48edf70ffda0,2013-02-24 16:33:34,8054,3721
16e236831d038dd70f04ebde6689a3ec7493d457,2013-02-24 16:20:13,8052,3721
80c12b3e5f28feec56bc2cbc3347f431b5f82bd7,2013-02-24 13:46:34,8052,3721
eb1e4982d57a46cbd9d7c3f5a51ec7d60364740e,2013-02-24 12:42:52,8049,3721
7a4e76d7200ff5e4119b8c370305135b631dc55c,2013-02-24 12:28:23,8050,3721
9d42e8646a352a6c5730e96db013a2a0a2087607,2013-02-24 12:18:07,8047,3721
dcdd8c5a7f9fad6ecb295e96691aa1b8c800070d,2013-02-24 12:17:29,8042,3716
43561efb3bf95967378347751f888d809081bd48,2013-02-24 12:11:01,8028,3702
82ae977ba6dbb21b38522c0aeb21316876d1c079,2013-02-24 12:10:05,7731,3405
1f247704ff2c7d52f4ec8a681e888a028abc839a,2013-02-24 10:50:51,7736,3405
974ae8a93edcdecccd800d93fb3ceab6ad979be2,2013-02-22 10:37:42,7731,3405
003a3e355be99a628dc4f6371fe21c625db65859,2013-02-18 01:59:12,7722,3405
e32f3de9b576e0e8faaf00f3afab6cc3e62db3ef,2013-02-18 01:39:05,7775,3405
e7299b1125531ae6980f6a4a26a90e720eff0b7f,2013-02-17 16:42:44,7727,3368
8117b41e8a49b80933897b7d148d29cde53da8bb,2013-02-17 16:37:45,7680,3368
d3d39141be560586b60c1afeb32befc61e32a27a,2013-02-17 14:32:23,7666,3363
b7cbd36a0771fd979f4b60373676bc86cf378abd,2013-02-14 22:47:41,7625,3363
4e75896240b5270b9ba6f33888a7f9835f04a484,2013-02-14 22:46:33,7550,3305
72e5f36b67fd057c2c56b1aaac6d08b74efcc38b,2013-02-12 19:07:03,7280,3112
f030d98dab0b4923b3d97c33a812b7d61cb85afe,2013-02-12 17:52:30,7282,3112
0ac0f4dee7aee1fbf82cda499a7437b61a4b1ccd,2013-02-11 22:34:33,7279,3112
7ab29c5516df96bf2229a4be0e35a6d2f45cd874,2013-02-06 20:49:48,6747,2795
b6eb6642f8c7122fd91da48b74204974daf4ffa7,2013-02-02 11:16:58,6744,2795
36e790d6a9efbbc55143d5f7dd10b083d38aa978,2013-02-01 11:32:57,6755,2795
7b64b8700cb9a2a92726a5dcc2d0cb59b0d42079,2013-02-01 00:45:37,6750,2795
2cc9c06eab6d43b3edb840fd2ae8a48998a52928,2013-02-01 00:42:06,6750,2795
481e6bc498a814c1d2aef50b55b90455e61bb216,2013-02-01 00:36:40,6750,2795
8aa1fb33b6621693d1cacdbcf672ead61b72f165,2013-02-01 00:36:17,6750,2795
2c992f1ece03c0a0e573d44109e1a99d5ddee236,2013-02-01 00:25:13,6749,2795
9ac919b7afe44df20763bc660e7faaa0c7b81a1b,2013-02-01 00:22:31,6739,2795
755d87338db2d750baa5f1e0122c5ca0d0f891b1,2013-01-31 23:16:27,6751,2795
12fd86e6817264b0a49a4124ac72e43f6f585185,2013-01-31 23:03:43,6717,2779
d7b465359c0037f03b6cf564d26f028400c778b6,2013-01-31 20:27:54,6714,2779
44bfa55bee1b1f5cb38673ff86d22f169fc3a472,2013-01-31 20:02:30,6570,2678
520e1c4def706d591d89cd536a244056ade61d0d,2013-01-31 19:58:29,6511,2678
6a63f97ce821d626c693939d9b78977d763cbb73,2013-01-31 19:56:25,6511,2678
02e3ed4588bb4d91df0c5c3b0ac54ea9b3d06551,2013-01-31 01:29:07,6497,2664
42f090840cf5e73f3dd3149ece83c82e8c6e2df1,2013-01-29 19:33:41,6332,2509
e5f40350d28cc23e4c6ab3fd726c3805ae3243e3,2013-01-29 19:33:19,6332,2509
584736ad907c5a0e540f9f30a2ef75927483681b,2013-01-29 19:29:37,6325,2502
30f2092cc26f77132e301d02076f2f9bae5ea721,2013-01-29 17:49:59,6325,2502
c52ad6fb7c3e480e7c30337654fba8c6388f4805,2013-01-29 17:47:11,6321,2502
06f6c37add0b5f280b57aa94a817a7cdb460981b,2013-01-29 17:31:19,6320,2502
00aaeb9305e3941a8ab560d42c2050fb0f945a1a,2013-01-29 17:23:26,6318,2502
ca9cb2f61b5df761e17250a67e1575d266864cc7,2013-01-29 16:12:39,6287,2502
a8c72398ba56352d08f00a9958d36bde9b0cd71b,2013-01-29 15:07:25,6285,2502
01bd65f8e62760cc4c1b3b4231e41982d48bc9cf,2013-01-29 14:58:07,6276,2502
a0c7e5df571adb16f7944e800227cc7c144aaa55,2013-01-29 14:42:46,6276,2502
9240a982d6e850d184c066e5bcd3e0779c48d484,2013-01-29 14:41:50,6246,2502
1d3d37034f6d15819bf6b41e0f12178fb5addd9d,2013-01-29 01:35:52,6246,2502
abbeff812623dbdda3eeb5817893db05663cc9b7,2013-01-28 16:39:15,6226,2502
ecfb4395439c924c64f6fe4b0656bccf68a2194d,2013-01-28 16:37:38,6215,2502
53f7b6c7046ebf641cf6a98ec1ff93f2986c1105,2013-01-27 15:42:16,6215,2502
9623f44d83c0641c6957b54c96e0f95f00845fd5,2013-01-27 15:27:01,6214,2502
4dc4cfdbcf98ceffd7e95f858492e6247511f0e7,2013-01-12 13:36:36,6213,2502
9d5f2fb5999d9e104a73ca1f92f4173727f7e1d8,2012-12-31 17:55:20,6217,2502
983a7fa707d809146020b6ebe1d2733142b7659c,2012-12-31 17:00:36,6216,2502
5a5a24348696e102b1399f4baaccaf197fcd632c,2012-12-30 23:11:54,6211,2502
acb8b9de539642473977d207c669d27356ab7146,2012-12-30 12:08:58,6211,2502
aca618080b766ae287f0ad89cb267a14d0f738a3,2012-12-30 12:05:13,6204,2502
b7bf83c88f60736c78cd18d29d9d3f9e1d81cbb7,2012-12-30 11:52:35,6204,2502
05e44d5148b266b954231925a68da9ee397865c3,2012-12-30 11:40:45,6202,2502
64ed10530b4f8607d6539e6da70dcf5339013675,2012-12-30 11:30:24,6197,2502
82f5ad4af2978e54469c0ad16e9b146096f7ecca,2012-12-30 10:56:21,6057,2501
ae87fd4a3261859856af0c056d173c767016952c,2012-12-30 10:53:37,6054,2501
26503f8ee314d10b87277cf794094baa264a239f,2012-12-10 16:08:29,5494,2342
879f19c70a419636ec578943023c989739e9356b,2012-12-10 16:03:57,5477,2342
a93b166c1f25fad517e5132da3a8d8e74d73b123,2012-12-08 11:24:17,5447,2342
728d96b1c63b880c077fbf895c7180d19dc11730,2012-12-03 22:34:29,5441,2342
0466e19456e41b36bad5d35487e457968a914725,2012-12-03 08:35:59,5437,2342
88843bf8552a78c975539bdbb573df286a0b6787,2012-12-03 08:33:53,5437,2342
f9f3ee1d06949d70737e0a5786a80bcc9b58cc02,2012-12-01 01:40:02,5434,2342
d20625c7bb91b0e809fe4220c330a0fae004ee57,2012-12-01 01:37:04,5430,2342
667b094bb7a37ba8c6c309f02cce8cd5f30181f9,2012-12-01 00:40:05,5430,2342
3a48ba582f892f94aecf740ac1538b45b3e43788,2012-12-01 00:39:46,5429,2342
4b134a3bdbf3d521a0aa117dd57c89d3715bd850,2012-11-30 00:50:14,5427,2342
a3fa30691687d6d5b3bf082de3661a7cdafb1885,2012-11-29 22:35:15,5423,2338
d561299cdf052c51f30ff106f2bba6f4428e22d4,2012-11-29 22:12:54,5420,2338
7ba28d5c2958731beeb511dd62faed61a72c7eb2,2012-11-24 15:37:40,5397,2315
53c48a2dc5a3c706a5784d74c994ad2ac880bbc2,2012-11-23 19:19:01,5394,2315
b4176ce2508b02b2056ed6cdc86859c0ce52bcec,2012-11-23 09:23:36,5394,2315
9505f3763c44ef21791fc2410d0b274499de092a,2012-11-23 09:21:48,5391,2315
8f1d538daef5888d8556d4ea478a686b95220f4e,2012-11-23 01:44:43,5389,2315
c9e1bbbb0f5952c4c639ab4076dd4615bd1278b2,2012-11-23 01:37:09,5389,2315
366d7f82cc0b953421673aa42a3f2a4bbf500c03,2012-11-23 01:31:37,5389,2315
65367c2f5b145d808054ba436550e508184ccb23,2012-11-23 01:12:20,5387,2315
b63ab2be8883bb4683ed549fb51389c5eb0ec955,2012-11-23 01:11:54,5382,2315
66a61acd5cae452c6c96db802788d1862fa40ac0,2012-11-23 00:50:27,5376,2315
3b69d1a4d576fed8356ea8ef5d108472f5dfb33f,2012-11-23 00:49:44,5370,2315
b594d848555a6489dc1da14b95e3a5c113a49105,2012-11-22 08:43:44,5368,2315
c4d361263838d42532202d2000964ca21d7fdd2a,2012-11-22 08:43:33,5368,2315
951013c006b7990e149f0aa6072c0e1cf85ba2d2,2012-11-21 23:45:17,5368,2315
b5d7f366d31c6d7430282fdf86c1016ddd33bd01,2012-11-21 23:34:23,5369,2315
8e4a7b71479c834d94ea60e184fb27a3056eda4f,2012-11-21 23:30:07,5369,2315
57e46aff76e051618655bb11a190dd4825d9d326,2012-11-21 23:18:52,5369,2315
49e08443b7052bec6971c3d8f7df406891f79d14,2012-11-21 23:16:13,5366,2315
ae4356552fa6b053bf3abdc658226584498ee40a,2012-11-21 22:48:07,5359,2315
87456121b1396f7fd2e0492775c5e82c08a566bd,2012-11-21 22:45:36,5359,2315
b5f68581dffe8e92100228236666597911854347,2012-11-21 22:44:59,5306,2315
4a81edf5da08e500ddf7bbec39b19473b3fb90a8,2012-11-21 22:44:37,5303,2315
a7612a8828b39e1e87ecd9c4c67a74fe7fe2dfe5,2012-11-21 22:42:59,5273,2315
8bfa518f15d319cd58611ca447ddfb3780cb9ef0,2012-11-21 22:41:54,5263,2315
8dcc2d597901e4c6ad19af0a4555762d7f505994,2012-11-21 01:22:46,5247,2315
75b9e21e7793e35a544d78dea8e117d870e37a5d,2012-11-21 01:21:25,5247,2315
bcf9b0e88008fe8bd88411d663d19a9997287643,2012-11-21 01:15:12,5247,2315
648fcace0f1d24aca75e976bc9e485e34f2d9dac,2012-11-21 01:10:22,5243,2315
e80ed8d1303f4d99ee9939467ae35acaa89d7fb7,2012-11-21 00:22:09,5115,2315
4dde213a6feff4d1f4cddd61d1f49e6493c85b8f,2012-11-21 00:21:09,5111,2315
d458bf152b0067d828dd7f774d2fc1c334254252,2012-11-21 00:20:04,5111,2315
9ba714968924d6a616b3c6d51e8089f56e20edd0,2012-11-20 21:26:49,5111,2315
a5c65afc46ae57d7fb925061f68e4e004d50b9a4,2012-11-20 21:08:31,5108,2315
30d95d375157df454e860a5e0b5e5178af75fcdb,2012-11-20 20:51:56,5108,2315
faa3cf4cb82a98aed9afa23726c268ec4ebcc391,2012-11-20 20:50:48,5107,2315
f925fb9adb2062c27cc990ec19f77b9b1f366c24,2012-11-20 20:23:42,5103,2315
e021276072878036c8675901fc261c9e840216ac,2012-11-20 20:13:17,5095,2315
15cd35efb95fe0c03f85b252a48ff9785f47545c,2012-11-20 20:12:00,5057,2315
069e9b80b674b72f8d3959ac450c000a5d9fa3a9,2012-11-20 19:05:54,5057,2315
be02ef81a4b3385e48071d6a2857c914fa9e2621,2012-11-20 19:05:21,5034,2315
19b9261e8b4f1fa3c1c557e3a75d68f09c9cc8db,2012-11-20 19:02:09,5021,2302
3ac918f306cc6e677dd14917fb11fbf92d67b905,2012-11-20 09:13:51,5016,2302
dbd64a0a55897a3a34507e904fbebf319dcc8388,2012-11-19 20:18:42,5002,2302
b3af02a4aba27073904ada39614f73006dc7b533,2012-11-19 20:17:48,5002,2302
88d674848f56e1032cc71504d10702f682fba643,2012-11-19 20:00:56,5000,2302
3793267c521e2dde74ee636c0ba1525d4bacd2b8,2012-11-19 19:55:40,4999,2302
6a07c16f17c40a9b73c9c632ab57cd3e74e5b720,2012-11-19 19:38:22,4987,2302
41e6f0bdbc2135eb30caf6866486f238c1bafde2,2012-11-19 00:39:08,4986,2302
3b1642a52f9a96edf572cc00696990c1bb0854b0,2012-11-19 00:15:43,4986,2302
4c3a1dbd911c3f8c5c3607dabf54d7b218d1e194,2012-11-18 22:13:20,4986,2302
fae41c41799a81dfd015084ff4b799614fcbcbf3,2012-11-18 22:10:10,4986,2302
91c5bb8c36b61d5facf22770081a5a754139ddcb,2012-11-18 21:35:20,4485,1801
b9b59c9fbc42197ba1da3ec3353c922ffd163b66,2012-11-18 21:10:05,3966,1282
bc598a334bed8d14b142d111dbb531d712363bdb,2012-11-18 20:44:41,3949,1282
c64576826731c37cdde1c5a60c3a0bd99e7aa079,2012-11-18 16:56:05,3892,1277
e245709963780efee6418f7a588736c426ea0267,2012-11-18 16:49:46,3892,1277
aa30fe885a2ae1116df287459391df0f34fbb803,2012-11-18 16:49:25,3890,1277
2c7435a33f5a15cd0a747a2b2b9dffe231ba63ed,2012-11-18 12:24:48,3832,1277
c06d8b271ee34c944b1614e7df82acd7fbf02b46,2012-11-18 11:01:36,3830,1277
b85a565798d4f85a71225f19d42d22f8cbde8586,2012-11-17 23:23:16,3827,1277
82c20e8a6b03f3a3e75ad7d1881e1edb7d469a1e,2012-11-17 23:12:42,3826,1277
04919746e837dbb19bce18882cbb2564297daa4c,2012-11-17 22:19:36,3813,1277
64b86ccf04056b7c59fe9cf24965bb0426942623,2012-11-17 21:25:45,3813,1277
4a83227ca8b5d3dddfbe36b173a78e944f74d492,2012-11-17 20:39:21,3809,1277
01d2ee079c8d6b2f209203548040c23d4ab14d63,2012-11-17 20:27:20,3806,1277
e9514423ced9c846118c55af96f75ad031eec0f9,2012-11-17 15:35:59,3275,756
822efbe34cca9e0772986d12017f7a94a20f97c5,2012-11-17 15:03:42,3277,756
133b1c12a784337498780bedacf48fdaaec95e67,2012-11-12 01:13:35,3234,756
657a5e02099c371c2b6dfb7354a72982ff252e10,2012-11-12 01:07:51,3233,756
bdedd4d995286c5aca9f845663c3cc1f034ba73a,2012-11-11 20:04:17,3241,756
03bbbb22af2557b6b68f7c3e5dbd3ca3bcc22f6f,2012-11-11 20:03:56,3241,756
bd11df44eea080f8a8339f9789b0dd903a234082,2012-11-11 17:24:33,3241,756
b46e8166cc24869b1c750f67db6453eba288c789,2012-11-11 17:02:39,3241,756
2948eae4484a1c31292032c085c42f9f7f885477,2012-11-11 16:59:00,3239,756
b23cbb8c3fd377693fd7ebbbd164060330d61b56,2012-11-11 16:34:03,3215,744
b3d04e9083fb5c129351a94c136f243379bc00bd,2012-11-11 16:28:10,3214,744
d59e1e45a8e4d331eb6ffce9ef28760532ca9118,2012-11-11 15:50:33,3125,649
376788f385f33303af6dcdfa2e327cce517ebce5,2012-11-07 20:28:22,3066,649
496eeb1336189813895c4556a7cd871dc4c22094,2012-11-05 02:17:01,3066,649
4ab8cd398bd2d301f0f4056adef481ca3a167330,2012-11-05 01:53:43,3051,649
d23adeef5ae5894193f5bb0432e691aacbdd41c7,2012-11-03 13:21:00,3044,649
b0687baa00c8b88db5fb70d2209cf759183ccde0,2012-11-03 13:08:53,3044,649
7437be886996f8e0dbed0f06119f750bef9e059a,2012-11-03 12:43:52,3031,636
8d9bba61a13d62d4208101c7f0a1d3adfeec6a20,2012-10-31 17:58:38,3029,636
83661eec48c0c13abd49bc4668268b253196dbc6,2012-10-27 13:38:05,3019,636
197fc346180a802c79c5a70668f6f7c214b445f7,2012-10-24 07:45:47,3019,636
9c81c3ce291d1c7a14b5faef827c7176d7e0f334,2012-10-24 01:26:31,3021,636
8dc17f64f8db9abd17ddf186dcd2fc7fdd957d4f,2012-10-24 00:28:18,2989,636
d4329c3b00d8a72cd738936aa8c469de353c529c,2012-10-23 22:09:16,2974,636
d8278e0fb0dbf1a0b2ad4dc175c0ce48f8cbbcfd,2012-10-22 22:40:21,2966,636
341ad5c10c36e1056d8b8ff45e8cf7dc0df82470,2012-10-17 06:51:19,2547,431
8716c2bb6c4ae358f56491b176943a784c854f62,2012-10-17 06:45:03,2547,431
4a40e755e790eb603292201097ce9257f71ec820,2012-10-17 06:31:14,2529,431
52e72b466a31c440e3debe5cae2101eec81f8f5b,2012-10-17 06:22:37,2510,431
5d9257d908612ef2084430e99f4e490a2b4c34ca,2012-09-25 20:56:07,2194,277
9a898a287baf7c9f84aa04b0b4ff2ccf00372639,2012-09-18 17:37:35,2151,258
d8cc04b1fe8de5143797bc6188e45bbd9780a5d8,2012-09-17 16:58:26,2123,241
7141983133aa0fd367c92fa24ad4d12b3663c6e0,2012-09-17 02:36:33,2119,241
aaeabb62000b3bc7b8730c7a3a55610a8363d9cf,2012-09-16 21:37:48,2117,241
1e5d48ac6c934f1b1dc8ca153395d59ef815bde3,2012-09-16 21:36:57,2117,241
9889e158d1ccbb60916a6e7910be6530228e9d11,2012-09-16 21:34:47,2117,241
3fafa0f767eeb1b8fb24124ccd107064cbc44500,2012-09-16 21:20:00,2115,241
d4626f449c12600c316f1a64cdf2fcbfc5e02168,2012-09-16 20:13:21,2115,241
40d2c8e1d1b04e7434d2ede3c260b6e07576d6f6,2012-09-16 19:48:39,2113,241
99d6f5c7195a785bac9418dd90d7dc6f9b61f7d2,2012-09-14 00:02:32,2112,241
4527f76718cac6be734dfbfa08cadd5d7f304dac,2012-09-10 23:14:48,2102,234
c0ce0dfa972492d64cd216ca96797e0207dbd257,2012-09-10 22:35:06,2102,234
1a74353d2d21d2a52cb2a3784394718a55badf37,2012-09-10 17:44:54,2102,234
ac7566a32fcc9b658636a4f6bd709611ddf42a6f,2012-09-09 10:42:02,2102,234
63bc505ecdc8805af2f9d14b5e26463d1fa86672,2012-09-07 00:30:23,2102,234
c22032933740e6ed4021f798fd579c7d4e961f7a,2012-09-07 00:11:42,2102,234
