441e8a4f4dd286f10a4572a8cfda10aea69fdd1c,2014-01-15 22:34:25,47269,21019
657effbeea1d1dd1260893f545361c9599019782,2014-01-13 19:42:04,47269,21019
ceee009ae1a04a57f0a252764cac0f66bd439f0d,2014-01-10 22:18:17,47281,21019
f41170a2687b942447a080abfc52bcb0e37f5ca9,2014-01-10 17:52:03,47281,21019
5c6cc73906fcc778c070e1745281e33f7b792219,2014-01-10 05:40:47,47281,21019
45502ac0ec6bd6a1bb43cf0cfddaf3e6c1674fa1,2014-01-10 00:44:43,47282,21019
e4259453f6a59a02d81bed76325520496881f0a3,2014-01-09 23:36:18,47169,20873
aee121427df6a4e72054c573ac1861c151daa015,2014-01-09 23:25:16,46989,20698
65ec4c7e326936a1df2d5f731c9563da75a709d4,2013-11-30 01:04:42,46832,20588
525cbbfee88d5203abb7b19592046431079c3d81,2013-11-20 23:25:24,46832,20588
b2c4c9a5bb074dc13cfc26296094b5e5e620098e,2013-11-20 20:59:08,46832,20588
f2347b4ea1e25f18ff1864576d8e0180e823ba38,2013-11-18 22:08:13,46824,20588
249c01e0ba55a493458a879ba880b6d691e574c3,2013-11-11 21:06:20,46799,20588
bfcdc045a53fb5f184236c7e3b687b62327beea8,2013-10-11 03:53:19,46660,20553
23fd3d48925973836e744757f47f82f867dec5a2,2013-10-11 03:51:20,46660,20553
39bc3710c9da86cf0a836da4e91ea18a0bb22899,2013-10-11 03:49:09,46650,20543
e3c3e5487c12293ee2be3bd05d684caa659c349b,2013-10-11 00:19:13,49825,23718
5f8056c1e4f41339c3d4d862545d7e21bf4d0e46,2013-09-05 18:53:01,49058,23530
fc5a5864148fa995969aaf8347e48b82e4b3de5e,2013-08-27 05:39:58,49010,23518
354f54dd32e306d817b0096d771269d17aaf991b,2013-08-23 21:18:53,49010,23518
23a2d7d1f303a4d1cd8e1515ae9757825dc95598,2013-08-23 21:15:30,48999,23510
f59fc64a20d57fe08be9fb6e53ab0022f6f6c732,2013-08-22 04:08:52,48999,23510
fa2892ea47b6dd571966787e900fe50b431c2434,2013-08-22 04:05:22,48999,23510
cc4a1d0f8b928bfc0fc995f9a99479fc26eb056b,2013-08-22 03:59:43,48999,23510
762f984dfb36f9a272eb9b7be24bfb252d88099e,2013-08-21 19:16:21,48882,23424
7f8c03e49ba050139f2d7d6fd2a83cab2ca38514,2013-08-21 19:08:37,48882,23424
e6551e5703f09261f1b5521c3fcf84dcdce700f2,2013-08-21 18:57:51,48878,23424
403a0dde499e9c800c04b0e38c8a1f692c776f93,2013-08-21 18:53:16,48882,23424
53ce4bb6fcbbf18bf62bb354d4b038637c1a3464,2013-08-19 18:13:10,48912,23424
0c205254da35eceeed80ec62985aa792d4308a5d,2013-08-19 18:06:53,48912,23424
8d9d2b7c306e28b412e6edd0ddbcb9b17e0d9919,2013-08-19 17:55:39,48874,23397
1e0faba5c4dd3c8f1937bd6ba833a143dd9081bf,2013-08-16 22:13:31,48804,23316
b196e401c86b872fcef0e9c69d3f648fd98ebf0f,2013-08-16 18:34:51,48854,23366
ac9f51fa534f12de7bb9487fb89edcb8edfa3951,2013-08-16 17:28:11,48853,23366
508ae65eec9075057c326a8701f8822faba02be4,2013-08-15 21:59:05,48857,23366
36e5526feb45227f9778682b110f52c620c4527b,2013-08-15 19:17:45,48842,23366
1c88fc2fc5da7f8ea5e46f91b6c9d10990bdd1e5,2013-08-15 17:03:30,48842,23366
181656196c60462f2242295aaaffa7b99c0b9d96,2013-08-15 16:30:01,48840,23364
f030c61d56baa5041509a82b69864ba7172689da,2013-08-15 16:22:10,48841,23364
806db97c5feb11521a17b5fa390513111a75b839,2013-08-15 03:55:29,48823,23344
5ea3de2bb117b74159b81111883b3dbc01f0c1ae,2013-08-15 03:52:57,48823,23344
a83d89d777e052c493737275cbf8e8bc0b5c2cc4,2013-08-15 03:47:49,48816,23344
48a4871c992d1a79a41fbc171f142a0be966861e,2013-08-15 03:07:14,48811,23344
079db13a7c51597078832099939d478117526a48,2013-08-15 00:30:08,48716,23344
f5fc30632363b090189b487ab8000413bbd14910,2013-08-15 00:19:58,48649,23344
de30d65811666633a6cfa2a699b8110ca0ed75cc,2013-08-14 20:38:21,48646,23344
24f9f2cd6910d71a73344a487cd21545d2abe529,2013-08-14 20:08:10,48643,23344
dddb50116578dbee7bc3c0b1e299730bdd95d2ca,2013-08-14 16:58:28,48631,23344
123646a82c09f928c49e700a9a08249b5169aaca,2013-08-13 21:37:08,48630,23344
1c18bcdc585a4c0e235adb36ba6874a5c0d95317,2013-08-13 21:19:07,48620,23344
f1e796a99f3fdf628233285e355c6b1a09e0289a,2013-08-13 18:00:38,48487,23237
e7a1ff72a8a6df437e6e9a4f65fb3c5e67488c77,2013-08-13 17:07:51,48448,23219
fb4f262440207e17a26789d72511753e34633dc6,2013-08-13 00:08:58,48434,23219
9732e0c93e81b4111181b94229cd94d21f9d6061,2013-08-12 23:50:08,48438,23219
f18298b8ae5a277a02e2d231b292e67968ba9f6a,2013-08-12 23:47:39,48448,23219
7bf2524be324f57ca30de46a115d3e65d91a08df,2013-08-12 23:39:23,48443,23219
1a54808d8f04d733b231f1acae5c9ce150af545d,2013-08-12 23:35:17,48439,23219
3a11f933cad65f51d2fca3b7b9aad9c76e3458f8,2013-08-12 23:34:19,48443,23219
76d52a239644436dc11e031f5fdc56e030356181,2013-08-12 23:34:03,48383,23219
e7e6c3a6168c8997ae4c6125282372696a5be50c,2013-08-12 23:33:20,48373,23219
41bfffe63ee47b3cd7b0ae7a2ef292e4819f3f12,2013-08-12 15:17:45,48320,23187
c247e1626118de41b3d40e2a711354f76e004343,2013-07-31 17:40:07,48272,23170
dddef328ed7ef566ac7a6ed5f6f75d78289b603e,2013-07-19 03:30:09,48262,23160
95bc9f412b445010dbe9df048eda7c025d662fd1,2013-07-12 16:38:35,48282,23171
f281e7c2964b698bbcd5510cca96bca2b6c93ee3,2013-07-12 00:21:38,48257,23152
f2cacbca7f7a04c4243098633ba9470a6fcdf3f3,2013-07-11 04:49:44,48236,23128
2e17b5d6d3f8b93c05058b9be215fded8a1d8b0e,2013-07-11 04:48:37,48237,23128
d49321d2e3af3549199796ee03b857d13ab90e11,2013-07-05 22:39:56,48240,23128
b49861d387e82aa6c5483f20c0b85e4ee22d33ea,2013-07-05 22:34:17,48240,23128
d3488d6ef048632fe1fcbe6c2782f7cc90e22592,2013-07-05 18:20:20,48225,23128
68809d3dd3b8aabb560520307d079686d93096bc,2013-07-03 17:09:54,48002,22958
580577badb1ee0ef9c2735f7f27a1b0188aaf77c,2013-07-01 18:06:43,47886,22849
fc60a61284bd3fd9326019256c5dc98acf2bc515,2013-07-01 15:48:49,47874,22849
822e0af79af5a8fbc20fc0347fac2090719351bd,2013-06-30 00:47:17,47877,22849
e31c0fb2901f805fb4d1459c2a41da4706d8a708,2013-06-29 16:24:41,47876,22849
e05b1e769bc46426a5c5ad61e14ce00853208c91,2013-06-29 16:03:09,47832,22849
2236488f2224e47e63ee23ee79f2c2a881259877,2013-06-27 18:32:08,47830,22849
8a9c125b1f96967726690a21be4a6966865b8055,2013-06-27 16:47:33,47804,22849
91fb8594006d2014be9273da392e313c787f2570,2013-06-27 16:46:35,47804,22849
1042550bd045a9bfe0a3143d43218402b751967d,2013-06-26 07:53:26,47753,22787
47b39c4d0381ab2f1d84fd361a7880a5b416b723,2013-06-26 00:07:20,47746,22787
30552f4dc9ad598bd79e400c256c0c271ea4b963,2013-06-25 15:34:30,47677,22698
bbb74f7d72aa1d1cadc7cb61ba9a38fe23978993,2013-06-25 14:59:21,47677,22698
3f8097d3b22f87bae04438e2e0e2a57b52b68f8e,2013-06-25 09:20:17,47695,22698
34544e3215e377630a92d80e5a18e05582919760,2013-06-21 15:51:53,47693,22698
6d650d0e9c1f8a8d936268d18db8f623bfb89606,2013-06-21 15:44:08,47693,22698
6b3c198d112bf5c75bf620bec3c19788f24d6aee,2013-06-21 15:24:29,47693,22698
eb384180d0e25278e20cfe35d574cc376dfdaf62,2013-05-20 20:36:44,46135,21702
cf4c17ad6c8637f1e9bdbe50bba41990c69b5fc1,2013-05-20 17:40:20,46126,21693
d1d71e168904d00a8201fb4052561f3087733c2c,2013-05-15 23:11:34,46088,21698
67dce478dabaabf0f291556d51803b0c3ab1fae6,2013-05-08 09:44:56,45631,21516
22b744b7e60122bee5abb82642ecb4feefa873d0,2013-05-07 18:47:44,45633,21518
0c7d1864f28a3cc5305cd629730ed051c3418670,2013-04-30 23:09:40,45628,21518
d8c14b9c2a0c147a66e041966c21caea9ce8c06e,2013-04-25 19:33:06,45463,21338
8e5b974f87d53d8885dbb2e2ec0db4ac3f7e1327,2013-04-25 18:48:02,45463,21338
9f25c5f55efba145fb3e47ef7cf5f3c99d42ed58,2013-04-11 17:20:44,45517,21336
ea284ebf6027b8ed038858fce2694c7af46130c0,2013-04-03 17:54:52,45418,21238
144a2e9cbffd26ec21ea856b0a561b9e47f14b1d,2013-04-03 17:46:15,45406,21238
87dd8a5dfadea35dc14d86abccbec2ee143746f5,2013-04-03 04:51:29,45400,21238
18105839c59c24cf52caaad58ec304b0a9cc0df0,2013-03-25 10:29:37,45387,21238
f2cce5f57d98186a1563a99a3132bda470c7bc2c,2013-03-25 08:51:16,45384,21238
91d35b4205d4ef150c61c415b7379404bced7267,2013-03-22 22:38:56,45363,21217
bcf70c96c93858710c5218b931f82b3edd988181,2013-03-22 00:01:16,45305,21217
b6bc8c9ee9e2a1b2dd8a4ce35c49aa76b796d533,2013-03-21 23:52:26,45275,21187
a3bb93a7492df517d870cb24de9296912671e95e,2013-03-05 17:01:18,41853,20249
ed987d06b6306ebedf0f3b5fb6db7401cca1f767,2013-03-03 18:28:58,41852,20248
1e0eb6e2868b36dbc4451470c5b1b446c8a1d611,2013-02-14 18:09:35,41798,20221
183060d40ffce8a8bd233feeedd80f84d4707642,2013-01-24 17:26:22,41474,20042
63979e25d7e1082d73de3ae4e54387d98951b07d,2013-01-04 22:29:42,42842,19973
74582d87d81dd7fc78070437c183080c1390de9e,2012-12-21 17:18:07,42755,19890
315e3ab7b894f57fc691d564c930d1ad78c494ae,2012-12-21 06:47:10,42755,19890
abaa6f1645911216627bc8a68ece7abb471e5383,2012-12-20 23:37:09,39569,16704
7a67b00b3e040535a25a288c4065749baa443e64,2012-12-20 23:33:13,39559,16694
36876f171079d6c56b6369caf4edf7cac7a7b5e9,2012-12-20 23:31:59,39835,16694
dd3dceddd499effd707a20d99357471b10f86582,2012-12-20 23:31:38,39925,16694
fc5df1076867a4d6bf18b23a49c757d7cdc15d13,2012-12-20 23:19:05,40031,16694
57308ff165823de0a20e14d6f72d53b305201c0f,2012-12-20 22:39:56,40260,16694
6e89c9836d333259e8d88f0714aee32f1c8c859d,2012-12-20 22:37:10,40525,16694
e1443c9e3c62afb3534ea56818564bdd7c34227e,2012-12-20 22:13:45,40906,16694
dba9baf2ad2ee479c046c41a8fcf4afc46ee9e25,2012-12-20 20:55:26,40970,16694
3208345a27c972616b784dd38de73e77fac1c0cd,2012-12-20 20:44:12,41081,16694
626dd3ada033819d8dd3911884d1ed9713534dec,2012-12-20 20:43:45,41170,16694
3b641b63fff881570ad544f6bc3af3d679e9fa8e,2012-12-20 18:29:10,41240,16694
29f7adefc53cc2113bc9a2feec49daf284f3212a,2012-12-20 16:15:20,41278,16694
e56f2175b3fee06576043b65d3390bcaf929ecf3,2012-12-20 06:02:30,41276,16694
42b17f937842f3f88a4f7f5473912f075f3c2e87,2012-12-20 06:01:07,41338,16694
67fcbfb3330a778f3c1363b171ee04a4cbd014bb,2012-12-20 05:35:52,41447,16694
c7ef8330222c9c34e90ec024fe976d65cca3b5f5,2012-12-20 01:07:27,41702,16694
301abe6f99198e9a97f48a000f8d4748cc82bb56,2012-12-20 01:01:55,41856,16694
211ae9fd39f2df94476d9a76582fafa8f2a41446,2012-12-20 00:52:08,41926,16694
542726c4af0f0a2bdd6745fe0130b451994f66a4,2012-12-20 00:51:52,42083,16694
6d27e13f9fefc1be1d2304b67e5c5621a1405e50,2012-12-20 00:50:07,42198,16694
f430c20fe334a3bf5c766bf4fd11988647d09aeb,2012-12-20 00:43:06,42198,16633
8fb69fa252ee9030c1df8fe2166c3463604b8d8e,2012-12-20 00:32:54,42256,16633
8d331997797eba632d40d2eeaa489c1ebd55a8c2,2012-12-20 00:31:52,42385,16633
f940bbdb7f6913bd001dee56fdfa30dfa70de7ae,2012-12-20 00:30:40,42436,16633
8e4deb31624be6ad79de3e7674ce606c3ada84d6,2012-12-20 00:27:09,42509,16633
8728e24e4dff535fb726f9841817cc3f6edff9c7,2012-12-19 23:42:46,42578,16633
688da4a8201e1c88ed2dbb48f703d34cf05acc5a,2012-12-19 23:39:42,50061,16633
1926a8890a8ffc5f485295d3e01246b9179dc911,2012-12-19 23:38:37,50247,16633
ea202e32e0bbba53784b7a09037f454ea1fe247b,2012-12-19 23:38:01,50303,16633
e7c6120bb86262608f9983c8d226fbc48bb8aa47,2012-12-19 23:29:47,50372,16633
d07d709832468c84c9f9c30dff4073d91ac065f7,2012-12-19 23:22:16,50536,16633
356d55cbf79424a72142ed78f3053fcabc172aff,2012-12-19 23:14:50,50600,16633
2cfbbe7144d4b2afc8ea2e73690c6a51e6fb0bfd,2012-12-19 23:11:57,51137,16633
24f0b575b7d9b3282eb6f0bc973e57b707c8b0b9,2012-12-19 23:10:27,51272,16633
7c8abc09832484e450c3a1e770bbc8b279a73e67,2012-12-19 22:47:14,51390,16633
c9629d479b03620d26fe8924173a8835b786bb0b,2012-12-19 22:33:19,51428,16633
96f1be94cf36ab2b2f18d84834b0ec9d69a1bf6f,2012-12-19 22:31:38,62222,16633
d354200f5e6a7b787d57c2fc2233aebe0689beaa,2012-12-19 20:55:44,62309,16633
2782e793e3d078f73087ca8f0e45ca13d4325b16,2012-12-19 20:53:05,62307,16581
e6da19f7d040fa7997f7dc557834d0d5375c153c,2012-12-19 20:52:35,62307,16559
5eac18167a86ddc2f2c4ee9aac1896b06b017445,2012-12-19 20:41:01,62307,16293
79e3a8de747f69a37f7ef83a06b0f645b8220f87,2012-12-19 20:21:03,62443,16293
b5021f13c8b12b2890f51aa3e936b9ba4ef611b6,2012-12-19 20:20:14,62504,16293
8b91f76c28209ec1aff82eb30dabfeab64aaadf0,2012-12-19 19:52:49,62499,16288
96ff57fd25af78ac72b8458fc9830b4857939885,2012-12-19 19:51:53,62602,16288
f03708d6eff5ef41a8c976433d191703d1eb5470,2012-12-19 19:51:07,62690,16288
a913d6e24840491365c6176b8c2d54775c0b2d30,2012-12-19 19:50:25,62907,16288
223a047b3ae421c6d5278609c6bc488150a89292,2012-12-19 19:49:16,62970,16288
17b584969a19b21e963ed93c46af4ba16c766f91,2012-12-19 19:47:01,62975,16288
00efc577817fce0abadc33bef7fa5f339fa63720,2012-12-19 19:46:48,63076,16288
6deae4a971351cdc2f9d61ddb537935b0a83858d,2012-12-19 19:45:21,63202,16288
345deb956f2768be01483251c655e363c416f3a5,2012-12-19 19:43:54,63299,16288
7b532d9c4a21b70a9442e88c8a55131fdd482a05,2012-12-19 19:43:31,63523,16288
0251fcf584520ae9ecc7c3b78c17b169c9bd05c3,2012-12-19 19:42:54,64123,16288
6c7f7f029f5b523f36a265778870c364197c43a2,2012-12-19 19:42:16,64196,16288
382b3e9223e1e2ec65d321fdb457e257af6eccb0,2012-12-19 19:41:51,64253,16288
78ca20fc4449182d558ae0fc96a108c7016f43d4,2012-12-19 19:41:26,64331,16288
b7802c57b9abc865c085bf31b45020bbbc8b2504,2012-12-19 19:41:07,64440,16288
14eb09e25ebda41843377f35102795453ce2c543,2012-12-19 19:38:08,64538,16288
5ba4ee320cc711d5b883b13cc849291af6b1b1a1,2012-12-19 19:23:19,64607,16288
3a6fb753d1bbcf63ac882dcff32ea374d17d7371,2012-12-19 19:22:13,64766,16288
f455c4ac325f7c033e55daa79ee4ecf10d4a03c8,2012-12-19 19:20:29,64891,16288
421bde92b77357540681943097923086ead8e4c9,2012-12-19 19:19:31,64994,16288
05a6664974654c39576b3c11b8df2fceaf095be1,2012-12-19 19:18:43,65119,16288
a62f01ee95058df87a51a9b6d7fa56a92e75bcd6,2012-12-19 19:16:04,65185,16288
2926953c7a19f28d1fe09a9e7cd64fe9eea4940a,2012-12-19 19:14:19,65252,16288
8ad3143d058fcef17322064ec3e4d35d1d79fcc7,2012-12-19 19:08:26,65297,16288
0b50c66e82e961e4dfa8696c4091e1b301963753,2012-12-19 19:07:26,65484,16288
12720535ce8ed548040f94d5c977aebeb809ed64,2012-12-19 19:06:25,65811,16288
0250c3cc283abaf46d1656c41bb054e41126d01e,2012-12-19 19:05:38,65960,16288
2b53a64a867cf114b76576b6ea7980f5ed30f812,2012-12-19 19:04:28,66274,16288
f0814254ca6658dc14b38bb2af0a6b6e304bbaa4,2012-12-19 18:54:39,66532,16288
50119f3d3c8e1f6c08e4663877342fef8765c5ef,2012-12-19 18:54:01,66667,16288
c491456735da87ecd20832e5ee0e514c3aaaac59,2012-12-19 18:53:16,66713,16288
aaaf59d0c0bf68b8ec645a792dc5649e877eafc5,2012-12-19 18:49:10,66767,16288
94e53f16a445d670d147fdc041d6c60be71edd49,2012-12-19 18:48:42,66828,16288
858e999c89db945da8ee03d1e19e8c14b965399e,2012-12-19 18:45:26,66917,16288
ff83d66006d3796e9ef82fe894a949bc0aa00aee,2012-12-19 18:43:25,67051,16288
98af410ad4d45d0998cbb3fe850454e66984acc0,2012-12-19 18:38:01,67173,16288
b4a26b3dc6f72d5d918b7650753d1805c3bc699f,2012-12-19 18:32:17,67241,16288
e9c05c308213763a95eedb5c9678672b78149766,2012-12-19 18:31:50,67306,16288
577a069f9b9d41545df901098d78683b8e90d574,2012-12-19 18:31:30,67430,16288
20ad1f1c366b8c7ca45b25229eacde2d60c0fb62,2012-12-19 18:31:10,67490,16288
62c2f88754df16179018d7120588b6aa5d108f57,2012-12-19 18:30:32,67578,16288
c9b997e97cf59d9f35103159b71772fa58f73c71,2012-12-19 18:29:22,67654,16288
9675f54332edbe97ba4a0aca97d7753bb5e6225b,2012-12-19 18:29:00,67676,16288
ef361257d2bcfac621628a7c031a80d050a1376c,2012-12-19 18:21:29,67838,16288
00e2274e542a8e54fde24f53e520a954143e9350,2012-12-19 18:20:58,67940,16288
91faf8bd2d8e68c6b2e33fbea48ae5186afc53ca,2012-12-19 18:20:55,68038,16288
1674ee4c1f872511e45ab098112bc2712b996c03,2012-12-19 18:20:52,68117,16288
49fc1095cd3ae251a7b6c16f8a18424d48ac2667,2012-12-19 18:20:48,68773,16288
ef445357b3530038f4367e948f027e611fc84c59,2012-12-19 18:20:44,68841,16288
9c1d383818de5c52a9185e69df9444ef78b18c32,2012-12-19 04:38:45,69583,16288
ebdffc02f8742e249d50d43eba5698f4febe892e,2012-12-19 04:36:32,69590,16288
4e326813086d8254be2e6e2fc88d087f9d702975,2012-12-19 04:21:22,69605,16288
9356b3e45eb3454f0ad9cd51b444cd82bba231d6,2012-12-19 01:36:43,69584,16267
b632cf1902ece3df85230665f970064f00c6f37f,2012-12-18 19:38:12,69573,16267
89c3e75f901a404c460478b995bf8bde0c58e0f0,2012-12-18 02:32:06,69563,16257
5396d39965c956256620d35caebe03827cf7fdcd,2012-12-18 01:00:58,69563,16257
4dd25f7116f01ce355d9619d338ff33fd49ec884,2012-12-18 00:52:30,69534,16245
d33169e676e274de119f27f0b7d3e72ff6162a9e,2012-12-17 21:40:41,69534,16245
3f265835d884f609b71ab39658bdb2241f94d500,2012-12-17 11:30:02,69535,16245
42d456f9280ed976d49c483fc5ffc69178962c23,2012-12-17 10:56:37,69527,16245
90f09a7574bdd40cc4bb67551593812c2af3039b,2012-12-15 22:23:05,69527,16245
ca2c943a39835f4a333bb655e583afa386bb7dfd,2012-12-15 21:25:36,69526,16245
a76c08c80acd72c9909863888f3e0a7b575098be,2012-12-15 21:07:29,69535,16245
9cc79b4affda49db84accbf2a8bd9a10cd3a2fa6,2012-12-15 21:02:08,69555,16245
392ee52827319cc140231d5fa922c3d77c1a9f4b,2012-12-15 21:01:53,69576,16245
0c295a2f621e26b8ab79bd02800f21717b4ab51b,2012-12-15 20:59:55,69576,16245
478285318295e0bc6b152e16fe56fed9babac9ad,2012-12-15 20:48:22,69596,16245
75be0ab2727a1600534a2988b4377ee24178f152,2012-12-15 20:42:00,69607,16245
a2753ee7a18dd0b4000721391b43663870b588bf,2012-12-15 14:41:09,69629,16245
c7be9688ef21037d0c8cf447adcb221b302c11ca,2012-12-15 02:35:02,69628,16245
8e8699bbd576c82162d57278209addc072ad68d2,2012-12-14 13:40:45,69637,16245
1a7810bddd07ec87534bbe67a3889620201489f3,2012-12-14 13:05:59,69637,16245
32b04493331b4a5cbbc737dc340b9eb9e822224e,2012-12-14 13:05:59,69628,16236
01a7e187eab5ee5662cd78f6fc5cdf389768a20b,2012-12-14 01:12:30,69579,16236
c7d4fabb9dd9e8de818309eaa248f9daed278312,2012-12-14 00:05:59,69568,16225
cf2e8545a651e0c19a89b072abf8ed266ff4b422,2012-12-13 19:20:47,69573,16225
ee2e784e3fd383a79520883e06ca78d16edbf68e,2012-12-13 19:11:38,69573,16225
b085292ea82e21bab44aa38c6573f33a72f14461,2012-12-13 19:09:15,69573,16225
623b594cf5d9e413da78e20cadbc00726521718e,2012-12-13 18:59:59,69569,16221
ae86cce419abd94425bcac2c2673dbbc00e0b319,2012-12-13 17:50:37,69569,16221
ec1c7cfe044a2f332604fa32dc6a5c17e0e5a34e,2012-12-13 17:34:02,69557,16221
361cac2044605c164700252d4695f70c34c607fa,2012-12-13 16:01:11,69557,16221
c25939c9f5b8fe5f7baf4222ec444838fb5a2981,2012-12-13 15:59:45,69558,16221
cd1ccd3fd722c2869098f2a88d07b362783bddcb,2012-12-13 15:36:25,69540,16221
157dc9fd1058d522f3cd8fc92df7482358c70ff8,2012-12-13 14:53:46,69540,16221
2ecf8f35f013e4bc6c5f814c50aebcf5237029a9,2012-12-13 13:51:46,69524,16221
e3b7823f746224d27369425ba214e4fddd499de1,2012-12-13 13:34:52,69526,16221
44425c1874794be32d95dac93dd6e7356b4ab0f9,2012-12-13 13:10:44,69459,16186
5e0c131f32ee1ccea7c91146c5254cfbc3573cb8,2012-12-13 13:00:51,69458,16186
3d84b49ae4a047c89c03963be33a070c3fd96b09,2012-12-13 12:48:52,69428,16180
b87bcbc22a727102bea73a009e82f38136197019,2012-12-13 12:22:41,69410,16168
7697f2022d2eb8c821be0da6ce18c993820620cf,2012-12-13 10:58:40,69664,16168
b8ab3ad3ef7379ed50cbdbf9feb46ed0bbd1b04d,2012-12-13 10:57:38,69634,16168
1c529da03e3b246521cd64714f2d9379e96bf691,2012-12-13 05:22:54,69621,16155
4a9a9cad0ba26bd9384cc2c027f777530344c025,2012-12-13 03:02:09,69614,16151
3b11c2ca5b2aab7bed7bb85ab9eaf3e601eeafd9,2012-12-13 02:54:10,69614,16151
d5bbc2ad8f42315bd4afacebc27bf9ff17321d68,2012-12-13 02:39:50,69616,16151
37f64b74f225535b51e56e2fe4baca413e72b401,2012-12-13 02:01:04,69612,16151
604c57df6007743cdb8fe386bed0aa29d277d76f,2012-12-13 01:15:05,69505,16150
08b4357087908c2b8b1282130184effbeb2d33b6,2012-12-13 00:54:58,69472,16150
6ca6d3ea076ede88c4440615e5862aff97024059,2012-12-13 00:42:07,69472,16150
342c1b8a46ac434a9cefbef0d6ec4f344b0b48cd,2012-12-13 00:18:39,69466,16150
1a779c6f4db80f9816e3b78c46d97c041741f152,2012-12-13 00:17:02,69459,16150
8f02a72c952dced35dc96e880bb7e73c593a221b,2012-12-12 23:52:54,69523,16150
ffd047b52753bc978539e8f59c7fbc9d7dc21e83,2012-12-12 23:48:37,69520,16150
e7fa28bb802f50aabc6637123ec0452f3452a6d9,2012-12-12 23:30:30,69499,16150
a43ad720a127e0aec4fc1dddafabf3a4675226c7,2012-12-12 23:23:55,69499,16150
3874af10559b0be875d4b71089f7050905768135,2012-12-12 23:16:49,69502,16150
278e08639b7a78b704d473a78b8e48561ecb13be,2012-12-12 23:07:09,69524,16150
6c68339cb2a6caca36ed42ab17eb950424d48bac,2012-12-12 22:59:51,69524,16150
88890a600f4db7a969d5683faa7915e672cfb95f,2012-12-12 22:57:24,69528,16150
3cbb9ceae9a36a96b98a832a6defc8f1da285610,2012-12-12 22:19:52,69558,16150
2e88ce7f034da7bd4942a39be71abfde02d608da,2012-12-12 21:56:41,69586,16150
8f5fe826c7b3b8e9ac09f001f3ae566f30c7a7cf,2012-12-12 19:32:08,69330,15889
c0b5b08af9d26dbfee56ed5d3a846c80b1b9c1a4,2012-12-12 18:40:03,69314,15889
4c264fb79805e3688c593dcdc0c608445b18c54f,2012-12-12 18:38:20,69314,15889
6866cd08d50369118024f33a7858f92c7e036420,2012-12-12 18:35:14,69309,15889
e06a279d625d1fee15c0fb8fa0f2eb8467613886,2012-12-12 18:17:52,69298,15889
0dce02229159bec58a651f3185b87d2bcc76659b,2012-12-12 18:16:27,69245,15889
6994640f323ffd2d98158efcf8ae4ddb23bd0eca,2012-12-12 17:09:21,69165,15889
876a6542d84a696b3e7b3b5e8cb9acd36a3d7074,2012-12-12 13:51:10,69010,15889
573181bccd389c352792159aeb3db68a09935ec0,2012-12-12 12:08:50,69010,15889
b1d078db1a23d2275437f10e7bccb6fccc9bda72,2012-12-12 12:01:36,69010,15889
913173ea7f140180452bf83dec81d1a6fb6c37c2,2012-12-12 11:57:25,69009,15888
7b5ce5abd9037b8d81f66a7ceea301b3c6c7da90,2012-12-12 10:20:49,69003,15888
d1aac46a5a5b5c6c7179342de7d6820efd6da8b7,2012-12-12 09:37:33,69024,15888
c0f9ae7ad19e62882c76044d8343991bc2a7b440,2012-12-12 09:25:22,69023,15888
6091249215e8687544482460ff83dcc76563a6b4,2012-12-12 09:19:58,69011,15888
31d59cfc93120e5f14fc4582a141d493e5a2b49d,2012-12-12 08:51:31,69019,15888
4652d549d0a413e693dff9abc4bb11c0947d685f,2012-12-12 05:55:40,69012,15883
3f1d801ebccf683ec9042e9e8f85cd32c4393723,2012-12-12 05:50:57,69006,15883
bf88a484098ac0ef4ac63d9205f40713d0bd7bde,2012-12-12 05:31:12,69006,15883
7cf456515540b9daac06ba8670d0aba4667eaa8c,2012-12-12 05:22:50,68997,15883
7d8ef4f0478000f790224c2edf6418370388544e,2012-12-12 05:04:34,68991,15883
eb7a56e9430d226c312e93162e53079ba22e302f,2012-12-12 00:11:08,68997,15883
73dd9b4c16d6e94c332df6991fb7937f7833f50c,2012-12-11 22:03:04,69035,15883
bc06b2ec57da640988d8cbcd305e9e503dea8431,2012-12-11 21:43:14,69038,15883
34fa7ea3854cec724d4f3550cac2f5db7dc3cdc9,2012-12-11 19:55:01,68953,15863
30beedd88661731f6cc2e4ba01cdeaedd7bfdc09,2012-12-11 19:26:09,68996,15863
f2e479728ea452ac2f85ef733d9eaf5d29417cd6,2012-12-11 19:16:45,68984,15863
c5a27ec64376d66fa0d5ffcb3bb88202f54039b5,2012-12-11 19:03:41,68984,15863
13c2d0cb21dae58fda5c2d93abd23c68ff5453be,2012-12-11 18:21:44,68952,15863
75520ecb4608b5d5a88a9c6d41a1276e289aa3f0,2012-12-11 12:53:01,68927,15863
d0ef84f6ec734f13e46043dd3554c816aabd2af1,2012-12-10 23:41:13,68893,15863
34180a74851f6bd8f5131a44f44895e2f7448e21,2012-12-10 23:09:14,68893,15863
c0f4a5faf99b738e550c877925c6c3aff5126142,2012-12-10 22:55:20,68891,15837
881e0e5fcffd0d86d451c09fc88445b8ff493233,2012-12-10 22:49:20,68889,15837
1c8bff5d1d228b4d9254ef885dd1193fb731b1b6,2012-12-10 20:05:43,68879,15837
61ffb8e0c8b4ec2fe4d8bdad5bb8f9a7cdc84808,2012-12-09 21:44:05,68854,15782
a9e47f3b8adb1421c0515bf68127108da9c23f19,2012-12-09 20:46:14,68856,15782
e0c91c1e278d89595e27ee8a3f32bea3a4e99bca,2012-12-09 20:32:01,68853,15779
7860b0d31ee7954460dc7cbd8178709925b992a7,2012-12-09 19:42:05,68829,15753
879aa43b82d90b6e6ff43418d9765c2cab6729e7,2012-12-09 19:29:50,68625,15670
2467834ec207da63ada8bcf34e5bb9848ccd957a,2012-12-09 19:29:29,68631,15670
09094cf3427a08892eb035341f2b13b9ecda0102,2012-12-07 20:44:21,68386,15612
d5e3add1f39cee043ed456cacb30f83c5b07227a,2012-12-07 03:50:36,68369,15612
75e4ab519f5c76a068fcdf146a7ed506803db1d3,2012-12-06 16:45:36,68367,15616
24df55bd00d5af34e87afab0551cb21f56c30acb,2012-12-05 20:12:45,68367,15616
25098ab0ff180c9abe610e1987bd11a6d18527ca,2012-12-05 20:04:18,68367,15616
d33907be3735f47e8d5794849409ab65e8591d11,2012-12-05 18:55:24,68318,15610
050b1c319e0985235e83a5f0303f422682475a54,2012-12-05 18:39:57,68294,15610
36702f197fe130de912512cb8cbf972f3595a866,2012-12-05 18:16:35,68272,15606
7712dcd59ed6ed0ef153c1f8e6ce5065e5d784b7,2012-12-05 17:48:24,68262,15601
4d268a796644a2036336738889b7e095cbae3e98,2012-12-05 17:14:07,68272,15606
e6ab7219b814a7eb88a7e2f47db4db8dec14a5b4,2012-12-05 17:14:07,68236,15570
acbce53ec520df74a116bff67347768f4a220875,2012-12-05 17:13:51,68091,15460
64829e52026210c83e1f6ee053038605297246b8,2012-12-05 17:13:31,68074,15443
210085d3eac0c32934892bf2c7fa8d1ec081a415,2012-12-05 17:13:13,68074,15443
7069125fbc72b0c867d2b98b5de6865bdc161a27,2012-12-04 21:00:41,68057,15426
f58b5db7152244020e586ccc007e0df1c2e15528,2012-12-04 20:56:14,68057,15426
2eeb2057b2a058a15f9b4d155a4650dcab4ef070,2012-11-30 18:25:12,68021,15390
f23852a84127ba9600f70369a6b0d04eefcd6cde,2012-11-26 23:47:06,68018,15390
f5b16dab8790a1d258a64717dfd6d1d6c29213ed,2012-11-21 17:35:15,68018,15390
0a39765f3cbcb940e6fb354cec010a7ffeba9289,2012-11-21 15:56:46,68015,15390
ba8c8ce170366c8c6b5e93f7654205c479d60988,2012-11-21 15:35:44,68007,15390
cb4cd46a6589d849928434962ff80ba6963e84a6,2012-11-21 00:54:32,67954,15339
5d2416debc3db3e2a2101c548c909f5fc1670f1d,2012-11-21 00:36:25,67947,15339
cba8a77badfc69faa91f863210ff028dde5ad21d,2012-11-20 22:20:54,67945,15339
28fb58b6351956bf8490b5d60772dbff679db20a,2012-11-19 13:05:43,67901,15316
bc96647636af302c41ce311f3b46b9b2d0cd0dab,2012-11-18 20:05:33,67790,15252
2fc940787fc9cad68f4d75218500fa3d1dac8684,2012-11-18 18:16:01,67826,15252
915702a11b2fe4580fdac333b04668606fb6342f,2012-11-18 18:15:13,67859,15285
d52a3e7cb5d4af9581171954eb947251c14ad67b,2012-11-18 18:12:41,67861,15285
b3c69e1e495c1f10ed31bf94da77c5dc9f47babb,2012-11-18 17:12:10,67996,15285
4605708ee6561ea0bc024f36844660b942e54294,2012-11-18 17:06:38,68006,15285
f2c948838b1561fd1f0942ea7beed238104d7ede,2012-11-18 17:01:00,68022,15285
c9328da0b352cbd5f3f2d51490e387d6cd5a2fb6,2012-11-18 16:46:43,68028,15285
3297cf23e0e74dce83be52ff20b4b563e59aa72c,2012-11-18 16:40:57,68028,15285
ae10693629bbd23f11456478162b18f65e6e113b,2012-11-18 16:29:37,68128,15325
9d29a8514d126aec338153282df8b042d8f3299c,2012-11-18 15:40:10,68140,15325
ad30a774f03123746372ae4c45ad7c1ee6cf8da2,2012-11-16 09:35:37,68145,15325
f9f4e265f4389a8ec49efaaa9dea9d72e4ee6d92,2012-11-16 09:08:46,68143,15323
514cdcf9585de4db962c70e77fee71ef69eb6da5,2012-11-15 23:27:14,68137,15317
091f3894994cd6eaccf4fdfadc58381c5f7d392c,2012-11-15 22:36:46,68122,15317
7164af752fadf871aec73d296a39013aab4cbd9f,2012-11-15 16:06:17,68123,15317
bedff71625cdc7e3c7ef572a12b663688649cb97,2012-11-14 23:42:38,68122,15317
ba192eaeea9ebeaa2c97d50a6d188eeb0e92a697,2012-11-14 16:19:24,68113,15317
fbbbfbf239a5c17b569103dc118b3796ba74d5d7,2012-11-14 14:51:11,68113,15317
dbd0745a8b0bcb1e96d3ccc09d7dedbcf650a009,2012-11-14 14:07:33,68102,15306
0bb3d2953994a963c1b6f5d8b0c1d6197e718537,2012-11-14 13:24:16,68100,15306
18de5cd5c1348c2180d2730ee9696fd93a7fa234,2012-11-14 12:44:29,68090,15294
8ac44493ce66fa5008c13404bbb064fcc91e055e,2012-11-14 11:50:37,68069,15283
4f1a849b63016c770aa904b986ff72a3df1e8a73,2012-11-13 22:51:56,68046,15260
1932de8c4b09a29e141adb3275e32637db60f423,2012-11-13 22:50:52,68050,15260
112ed8489ab225c528dc24f20430144959fb620e,2012-11-13 13:29:03,68050,15260
d98a20aaf094f218c26275e454fb3b43bb3a8bba,2012-11-13 13:21:28,68050,15260
3c4af15ac601885d72623e0b3ad3728b44e1c18c,2012-11-13 13:08:06,68061,15260
a3ea2d0f393549e704d19f3f6ee62c15495ebaa2,2012-11-11 19:23:35,68060,15260
ea265a87e3c59361b217e6be187d6041a960128f,2012-11-11 19:22:44,68060,15260
1b9aa90c38e23e55b22662a41a5830fdc80b10d9,2012-11-11 19:20:15,75690,15260
8ee6c126bcdc3f9965457b411794e9ae7c5972ec,2012-11-11 17:44:40,76014,15260
f011f213543385aa977d2061af26b341fcc9de65,2012-11-02 21:15:35,76002,15256
ecb333903a76fcc322e2ea0142689824429ea490,2012-11-02 19:50:20,76009,15256
835c3e12d00c6b458ce2e625e5cf9fff1554d666,2012-10-30 21:42:05,75986,15256
5cacd70702702fe217fdee89910279477e956997,2012-10-30 02:49:35,75951,15241
891acedc358eae6745a0272f680fadbbb05b877a,2012-10-29 17:17:35,75941,15240
fd2b1341f6abca876dc1bc21d0966c7026f0fad1,2012-10-29 16:42:33,75932,15240
92ae464cc9ceff7a3f113af9c6ab7030955644f1,2012-10-27 00:29:00,75792,15155
2358fd0fb43d74cb72ddc4dd2218ab9153d0af02,2012-10-19 06:09:51,75724,15101
23562065875b66fe21abb1f4e10c68028e8d010b,2012-10-17 04:51:11,75732,15101
9abaad9763dd9306bec3f5b1aa3beb2677fe23d9,2012-10-17 00:17:35,75730,15101
b1844d74534b7242d49a2c16f0fa53413d2d2743,2012-10-16 23:58:37,75746,15101
3af91c35e4d639999dfeda01bb92f0a446376d3e,2012-10-16 23:47:20,75745,15101
0794607c39c94d2f4a3e7cfe0e786a8275f46633,2012-10-16 21:02:08,75712,15127
200bdea796e8517db40025484bc513a0c9783382,2012-10-16 20:15:26,75716,15127
f1c87d7e3a02074287326faa46e748543e25a219,2012-10-15 15:13:40,75716,15127
06dae9c6d2d32e059eb64438c4545790a65d3c7b,2012-10-12 00:10:26,75697,15127
84a625523661052694d6101bcf51fdfaad088b39,2012-10-11 23:34:17,75670,15127
f8032a4268a25193d55cde4b4f15cb37b1db4f79,2012-10-11 21:52:35,76655,15127
136a380a887c11a0805e5c299378e75633f5f891,2012-10-11 21:39:59,76659,15127
1e4b261b39d64501ca3d3741326cd1c6e9f32d6a,2012-10-11 19:39:24,76703,15127
d9a1281e08c43e0073f4dabf791112b3f33e59aa,2012-10-06 23:40:37,76652,15127
a77079280ad3fc8503fcff808b0c238440c0433e,2012-10-06 20:19:05,76555,15082
b957752b1df300f39db2aec10c7413e1e1185eb9,2012-10-06 14:11:07,76489,14994
5fd98b63f38842c51cdad09aa92c7e1a8d3d0694,2012-10-06 04:33:03,76333,14898
d3f855ae019f42bc6a85949e09fb92ee70c0a128,2012-10-06 01:46:05,76333,14898
c3635192d87c3c8ad573224283185c1b01c6b69b,2012-10-06 00:05:59,76187,14860
4eac85b5963910f3f1f14dd5a14f038fa13d91f7,2012-10-05 23:59:50,76198,14860
ac06afcdb04bbd98c03b1dc8d422e2311cf22536,2012-10-05 23:58:59,76204,14860
319d9954b9372ab6733093df40951f2417480ded,2012-10-05 23:58:19,76205,14860
a2589d79fde2e5a49b6c4a557ec5c705488b2bc3,2012-10-05 23:57:39,76276,14893
ea790608ac5dd165e4ddacc144de314f0ca92915,2012-10-05 23:56:49,76279,14893
e7dcae75c9eaa008c9487273de2642cbe2c68b41,2012-10-05 23:46:05,76301,14849
0b1b9fbbda797791c5bbfb0d74bef37d1f99d60e,2012-10-05 23:44:48,76424,14849
1bfd9a48d383d01497561aec53eda76d42f7d459,2012-09-20 01:54:36,75475,14764
f6c8059dd509d89502bc2a01c0edbd673c25884c,2012-09-20 01:37:23,75586,14831
b7dab21e0921ec01d66182c3be25d48a94c9d0a0,2012-09-19 23:39:53,75475,14764
85a5d7737594db5ea806b70729c5e7baa44092c0,2012-09-19 23:34:15,75479,14764
1f500bffd5e927c9ec83c2e371ddcc443ed5c89a,2012-09-19 22:23:43,75482,14764
a95cacd46c77d06720489a2f6a9b7c3be050bb12,2012-09-19 20:48:27,75493,14764
9f0741acf43cf5aff47536576044fb7ae62cf482,2012-09-19 20:48:06,75494,14764
809fd62682f62145ece41037563e4580a795686c,2012-09-19 20:47:37,75496,14764
7f0044e139ffd53ac7f06c4d023132f573e30b4a,2012-09-19 20:45:44,75496,14764
244ba397a30ee4f902d6312ff525baf942400018,2012-09-19 20:08:57,75489,14764
e7ac3f8be1207218a813beb837e1654fc4bc4f1c,2012-09-19 19:59:06,75491,14764
68ea2513d23dc5cc907aea024d5be3f21c949738,2012-09-19 19:11:50,75491,14764
f5e17e571406eb5ef10f7e45f92c1855e940a3d0,2012-09-19 18:21:32,75485,14764
e4ed3e3413488e8fdf1d2858a10b3f9d4b7b6254,2012-09-19 18:09:26,75485,14764
79c9737d708d0d499edec8572a529dd04288b750,2012-09-19 17:39:24,75476,14764
72d5f9d5c2482d8c731f3985bf8e6ff9c03aeea4,2012-09-18 23:03:04,75476,14764
1c32d23fa4d113b37dd76642b1a8cae4c0b5aba8,2012-09-18 22:49:03,75476,14764
342924c23fea69b962293469e804ee6e276e929b,2012-09-14 19:48:53,75371,14764
d1239985231820dbe6a4fac58b293d97c679182d,2012-09-14 19:38:35,75371,14764
fb86373a3d6fd8e88624209a180313bf3a1aafa7,2012-07-19 18:02:35,76502,14016
544addb462ee96fe9a0674203d1af462d9b8fd01,2012-07-13 16:02:12,76501,14016
1affcd21783f3143d07383c3aea039b2a6c01bda,2012-05-09 17:29:22,76258,13951
2697a60ba0f3a5bdfd29bfb5ec0d13942f551779,2012-05-01 15:50:25,76257,13951
637896b3863ded7492bf86d6117faa80fa4f1cbe,2012-05-01 14:35:58,76257,13951
c36891e4445d4b5aa5532ef9e49a2826c791e8df,2012-04-26 16:31:22,76254,13951
831a2418944585c5242ad33f55981c14ac1553ae,2012-04-26 16:27:35,76254,13951
7b5175c75f71646665280cfe3d23c3d81cbf163e,2012-04-26 06:01:47,76258,13951
8759241f59ac6a21ff2f883edb5b6a5e8c72a42b,2012-04-26 04:51:18,76258,13951
d70b00cd6029fb8fd40b491f782520a5e2c27999,2012-04-26 01:59:42,76260,13951
ddc3a5f95e246aef91872d583995ee9c9e2d2ef9,2012-04-26 01:39:03,76258,13951
e5abda534f177a655d1f9171a5485a6d5c2ee0b2,2012-04-25 23:31:48,76258,13951
c384fad0b3e205b583092d449604277c4e39242f,2012-04-25 01:27:23,76258,13951
d3bad29fae4d383526f6be2f739fe6b4eb4ee592,2012-04-19 01:30:22,76308,13951
1196f55b4327e8f655c1388ecf50b4d646f22a26,2012-03-18 18:03:29,75694,13941
9454e667755812fe317b973b8dbd1a751d693d4b,2012-03-17 23:18:59,75684,13941
e46b1615a10fef9e56cf62fc581feb5a135b383e,2012-02-29 01:52:16,75389,13924
3081dd45efe27067e7b1f9677a6a2f1d894b651f,2012-02-18 22:04:01,73311,12387
7a4a8ec8fed601f9f4e51c18aedb00b29fdc8458,2012-02-12 16:41:58,74320,12534
f67e89597db87f017c3d4706448ebe3ff8528853,2012-01-26 19:58:40,74060,12446
5bae5f47889e751e5ebf3560814c8cb1c57af6e1,2012-01-01 19:44:49,79142,12414
2d660756bb14ad9e54ff7f20f805133a3a90b36e,2011-12-27 18:08:22,79056,12342
7d298c0e8f0ee76e60fbdd967a2e7eff532cda97,2011-12-27 10:24:46,79052,12342
da76aa249c451fa1e3bb56c4996a26d315f390d0,2011-12-20 22:22:01,79052,12342
7d2ce55914d11f7017b5e0d2576d409b799bddac,2011-12-20 16:39:01,79048,12342
817358a7b270c5fa80a317910eba20ff06555d4e,2011-11-23 21:04:39,78935,12297
5d57fa73a5cc99464fcd92f1fa8c8650c038b84b,2011-11-19 00:52:35,78563,12207
98b6abd484e59c272faa9a7d78aad4a078ce4953,2011-11-14 02:28:09,78449,12202
af5fccdca1ab23d719e88ae16dca8e76f2270cf8,2011-11-05 02:42:59,78440,12202
fb07750993711b6e30ec56e47c9c7a71310bd2c9,2011-10-17 17:27:57,76532,12142
99f3cb9bf17ebd3797f7333bcf443c0a24dfa66e,2011-10-17 16:54:11,76532,12142
3f3569cc71ed074fa4b9f521f40f3fc489aabec9,2011-10-14 20:45:16,76499,12142
c62387746109aea8cdb0ef598271c7e6c07c3f55,2011-10-13 07:30:45,76460,12105
4731d2cbb2f0b499da6ba13ef2b16ad0532b81b2,2011-10-13 00:55:08,76237,12105
c86108e522952fdfb96d89ca840e66800bb36a3b,2011-10-12 22:37:32,76280,12105
846bd5c5f5f71d36ee16ecf6882f778bfaffbbc2,2011-10-12 21:02:57,76238,12081
307016e843af7c0977216eb6c91ca03bf6def501,2011-10-11 23:46:47,76047,12056
4adfae719aef489843a47a4a41a5436d1be3d667,2011-10-11 04:40:52,75912,11946
0e0ba0890091071f55270ae37ffba50c212c6326,2011-10-07 22:37:51,75555,11769
6804a60fe4899fa83586bad51b45ad94ef215203,2011-09-30 04:53:22,74738,11698
cd3d236015cc2206186b359227f54c4fc761a648,2011-09-29 22:00:51,74724,11698
caefcaa0cc38018350de7d6005ae95c8657a1d1d,2011-09-28 22:37:50,74720,11698
fdcf3079543ddce2c4cda69c9aae9128bca11a0b,2011-09-21 17:08:39,73560,11333
02da7024d3686abbe1cb456aa8f90b2406338a36,2011-09-12 00:36:16,73236,11141
f90bc4fd50cdf8d9e47fa01fd3428e6b7705bcd3,2011-09-02 18:57:59,72434,11141
69bf26e6dbf0dac601aed044892419ac445e0ed7,2011-08-29 23:38:12,72422,11141
fd101894588e218dcd3ea4e2ece7765462a566f8,2011-08-29 19:13:19,72313,11141
cd135d5e90c188d7cf06b7b455ceafb64d10b6a3,2011-08-27 17:59:24,71781,10873
fb7e69f75ea3b524d87dae454375c200a360cd2a,2011-08-25 01:11:35,71681,10782
c421f90dc0af22c9da0236499b7700ae336c479c,2011-08-22 21:20:54,66665,9047
377e9e6065006a4027567a143ceb0509e35f664a,2011-08-18 17:14:34,66610,9026
82385841fc2d1df007e198988ae85d2e60676559,2011-08-18 17:10:16,66441,9026
ed71513b99efa509598183c0b08decba35bfc3fd,2011-08-10 01:52:52,103929,6253
ce75813d15280f2c59ccdf2796b0202cea740ce2,2011-08-09 19:29:17,103928,6253
315864545843535d2679aca38dedece17547fe6d,2011-08-09 19:28:59,103929,6253
d7ae2b8527960bc5c7270ff92bec3d3dbe058485,2011-08-09 18:24:48,103859,6253
3be57161b145ce5d70fe6eec23b851328a87267c,2011-08-01 21:58:30,103736,6253
65d6d9005a42efba97da91006b89437746b1c753,2011-08-01 00:11:34,102507,5855
62c7399e06f991208c2b016d3c6f53b18d7abf84,2011-07-31 23:14:21,102489,5855
06ecb617a272d3b23faaa73240c4f2ec3fdb265c,2011-07-10 17:31:52,99725,0
489eb0cde7e31ee84b48b1ad1f79d699737a9129,2011-07-04 16:43:37,98956,0
1104e6fd83b8b3b4e1e399bf621a417c6777964d,2011-07-04 16:41:32,98956,0
1e64727eca30de37584c7157b4ab4ec52021f361,2011-07-03 14:59:09,98956,0
6e972732d857132c6e63500d6d0fafd92ce292a9,2011-07-03 14:46:07,98952,0
96710b4aa86951583847ab764c3813a16e1aa35b,2011-06-30 01:50:42,98598,0
35fb91d16f9fa475ed7d84ce86d8ed994312750e,2011-06-28 20:27:03,98544,0
f74ccb92437cbf1c4c211de1b4c9b32e122379d2,2011-06-26 00:31:02,98510,0
e2cedca817154499edba24d50f49c968be3afdd2,2011-06-25 20:26:32,98510,0
a0fd9853f5c340e73c43deb2f77b70d84366664e,2011-06-25 17:48:31,98511,0
b14b441f55bd2d4b19b2dac5eeecf2bd42d2bf2a,2011-06-25 17:41:38,98517,0
24431337d77712c672c9b2d4738c319678f61df4,2011-06-12 20:11:48,96707,0
1dfcda48884498d5f0103e6eb91302d9a187067d,2011-06-12 01:11:15,96639,0
9bf55832ea1cc51c81f88f51821ff2e15441f24b,2011-06-12 00:15:35,96639,0
54031e1363534784fb6b07c20b2c2f773104cbc4,2011-06-11 23:59:42,96638,0
acdc72799e01cbe3b07cacb2828f2db31e19b8c8,2011-06-11 20:00:28,96519,0
953bebb17c339879a96c0edb09f73f4058529bea,2011-06-03 06:25:28,95966,0
d68551b59b4c3b954b020e7af4453993db683b70,2011-06-02 19:17:41,95827,0
2e560f6d6e020b471deb63116345221e7564eb22,2011-05-30 20:43:18,95693,0
98ef2d185f5b027e888134a063b82ad4846106bb,2011-05-27 04:15:28,94777,0
0f2846ef1701ee11ed1d71e298775e8073f2975d,2011-05-01 23:15:09,92562,0
df2e3c2a816caf0d9762628eae47e664935cea25,2011-05-01 19:31:34,92542,0
603d86ac1a135bb73a07bd74a0cedfd5942a32be,2011-05-01 16:58:46,92538,0
93ac0c0b144856857f9ff24edc80ad6089954282,2011-04-30 20:19:28,91611,0
c293fde197ede09e5b68eec00d9a1f43f13e8d3c,2011-04-30 20:13:51,91593,0
392bcab8f8b8174621bb9d312fc766dc0a09a642,2011-04-29 23:19:42,91593,0
067959832875993b721a27a322c8944bf5dcd1a3,2011-04-28 18:43:26,91484,0
51b8e023c1fdceb92141d0d496676d8ac950b261,2011-04-28 17:25:23,91474,0
ee30e29332c9e4b1284d4c7ab3a4495e88d01523,2011-04-27 22:46:49,91488,0
229a59cb3f4df5fc3553235dbd615e61470ccf04,2011-04-27 17:23:54,91484,0
020aaa53e1fe89d318557b1be0267777cc0127e8,2011-04-25 05:35:59,91368,0
420fed15d38b4916bf0c2c4f3fece5aebb3f61dd,2011-04-25 05:29:36,91034,0
43e2ccca4141adfc8ca64764dcaa1a44e2b0958f,2011-04-14 23:53:33,91034,0
f028aa00d94d7bbe76274e74c8ce29f7e87a4716,2011-04-14 21:20:07,91033,0
de3d1c1a6c8588cb86f832d680306eb2481b288f,2011-04-14 06:59:15,90955,0
d4e571eb88ac098d1d69d2b8af05f52678aa79d2,2011-04-14 06:58:46,91005,0
9f71e4e211dd29cdd77212ba05004a28fcbc152c,2011-04-11 06:26:35,89469,0
ca3585ec977f2852173943fe594792a68a3d198a,2011-04-11 01:59:41,89472,0
bf180dc9afa60c945d8410002eab60dac2c4493a,2011-04-09 20:56:28,88550,0
d9d85f0e0347d56180e2abe8b4584f2e4637a650,2011-04-09 20:00:38,88548,0
40be541c4cc27b18d82688c86dea55c205384f80,2011-04-09 19:38:48,88548,0
3e1e4f1e7ccbc70a6da87cd1ac988c628d399f90,2011-04-09 19:08:22,88685,0
0f8c8007a655315f459cf2e72a9aac163f16b00a,2011-04-09 19:05:55,88653,0
05f58d3a089afe521d017187f6f4cad9c816ff8f,2011-04-09 19:03:52,88621,0
b6ec18374ba0220b6d9b06e67429cc8fbaeaaeb0,2011-04-01 19:08:37,85327,0
29efd2a6d5e27cfaa63ed559ec4986af53aaa80a,2011-03-30 16:18:14,85326,0
b49c878e1ce5333571eacaa243b922e774f07d46,2011-03-30 16:07:08,85298,0
99c2580971c8f869c6fd31ea38881d8ff249243d,2011-03-29 21:57:01,85322,0
c572c7071f369a2b685e7ec30ddffd31d6c06a87,2011-03-26 17:50:32,85321,0
66c7357cc2acb214b0893dad15e318aa9fa6c593,2011-03-25 13:03:46,84944,0
4fcff607ab031bc3df0a1863435796b8515cfe5e,2011-03-17 17:24:02,84901,0
aa0b9f8c3e8305bd0c61378fa20649984e59f670,2011-03-13 06:08:17,84577,0
7c7be4b17c38e2baaf8c7a54f27d0d34f2212d81,2011-03-11 19:39:11,83431,0
166f8b5868beeae90966876a2a31bbe203cfb21f,2011-03-09 07:29:59,83429,0
e15183c32ab0e3fb9b3d127b8a6a32bb0976a170,2011-03-08 22:52:42,83431,0
871cefc0a40d899520895eabb56d598c17f1fa7b,2011-03-08 22:24:23,83431,0
9857dade141670d6d51606df1f36b129e4cf52bf,2011-03-08 22:23:31,83342,0
1be121ae200b1fd28faa4eed89efffd40c738d3b,2011-03-05 00:35:16,83324,0
eaed6b880bc5550ad0a6b3a4542f6f8534a6a6da,2011-03-05 00:05:53,83399,0
50ebc155cb66a2d941e82c401bc7af96f9940b01,2011-03-04 23:25:09,83336,0
7df63b3cfebd0085276231a72b4a723abfc67f89,2011-03-04 21:42:49,83087,0
3568ecac2cdafb1f0826cfa54560577089bb65bf,2011-03-04 19:48:14,83046,0
1fe1b466d9f6722e1682e4f093e376f0c9158823,2011-03-04 19:47:19,83048,0
31c47f8f99b2a6a9f6f639be6423896501fe2aad,2011-03-04 00:01:18,45958,0
36e935a8c884daf5b465ccf3dd6b64ac614e5dbb,2011-03-03 23:43:57,45958,0
3cfb007d9dc0a8f32b67a4c7886bdfaa7a2c5e17,2011-03-03 22:20:18,45581,0
0585616df1ae6019b7f21fe163f386aba305a122,2011-03-01 20:01:09,45568,0
125ea93b63efd253922930488e6bc54874401df9,2011-03-01 01:02:58,45529,0
6b8839eab69f1eae4b59cab8925d4ab4dfb90f50,2011-02-28 23:04:20,45526,0
1d9ed5ae72ee07b3ee5e3acd9301e5912dc6e1f1,2011-02-27 23:05:18,45016,0
62ef98e817ec05441e78ce78da2179a09b1062e3,2011-02-27 21:05:55,44986,0
b8cc4c97086fe8df63152c8f2c291db5a8c22a55,2011-02-27 21:03:00,44992,0
85de0bed709005129c39f04508f2e6222d31b7c8,2011-02-27 20:36:11,44988,0
8a00d728503665ae99424f62a297573f37f61bc7,2011-02-27 20:33:02,44988,0
127ecdea25d2902fa4907f3c49f0938ac9f55577,2011-02-27 20:21:11,44988,0
7b1df15bfef79c72c591d8690aed11ba1e907cb0,2011-02-27 20:09:27,44990,0
63638819230ae26d01cda33a589413f61975fe91,2011-02-27 19:56:25,44998,0
aa69f209360cdfcb2bdbe4b191d6a86d399d23ed,2011-02-26 04:51:05,45000,0
198ee5f86d0251d34540900cae8739ad985499c4,2011-02-25 18:01:34,45001,0
a29c802a77227df81668b0e3c556cbde8552b680,2011-02-24 22:36:57,45002,0
ade083dd56f7e795767a0e00d330a7ef5bfd3795,2011-02-24 22:13:05,44984,0
23dc44e5858585f8be2ba43e4963cc55c6b65bb4,2011-02-23 21:04:18,44854,0
3ecb7534ef3150dc465cf1024ce0114d4da52e12,2011-02-23 20:33:18,44853,0
d563b53d1385739ddb9e34542c3fd1f01da7fa74,2011-02-18 23:10:17,44525,0
8da80dcc994ef660198b5cf2b88343c429296847,2011-02-17 19:56:13,44525,0
c31590e2f7e126e1fe161f37f22c1590197a245e,2011-02-16 17:53:48,36059,0
67f122b1768dc154c627d28d96d1fa38ea7761a4,2011-02-16 13:26:54,36043,0
77a061f26d0fc59094401e09387acce1f057f20e,2011-02-14 07:20:10,36036,0
0e1c1fad1756467715f0b87f687a81e41ee8706d,2011-02-12 03:42:52,35792,0
c34cd15077c7bb1ac77cc3f0cd990a1de413103c,2011-02-12 01:35:21,35615,0
12eb5c13fe7f9fca9583e13f953bddf8f181b2b7,2011-02-11 21:44:56,35560,0
d215acef78eeecfa1b2646576c9c141f883b00ad,2011-02-11 21:00:41,35463,0
b4231227e101fb274c70522bb6b3275d24e973da,2011-02-08 23:59:03,35060,0
e4935b1bb59cf09c0b2349901e9b790daaa8cfe0,2011-02-07 17:56:05,35024,0
99c31e1637c551404c961418614ec83a50cb0003,2011-02-02 20:59:10,34957,0
ea5ebb1304f06dfe5c5ad3d305e1bdf9a92fad5c,2011-02-02 20:10:39,34959,0
8186c4b76405547b068ace6edd7864f3ac4d6aeb,2011-02-01 05:59:49,34959,0
f8ae20da9d5b4e9db9f8c17005773eb68adf26bc,2011-01-31 19:00:35,34964,0
44e67e29c0a34d740cb03a0856c38e4c9d7461b0,2011-01-31 06:01:15,34925,0
1de75bc55ce7e181b8a4ccbe37417e7687dc3cbf,2011-01-29 00:26:09,35010,0
811aa10f037a1802e5d2f9039b9624ee264bda50,2011-01-28 21:14:43,35006,0
80366082e86001711883aaac14f4d32e9565ec68,2011-01-27 23:13:56,34965,0
bf4c410a29f8d411e3f39cb1d79350cf93c89275,2011-01-27 22:58:29,34965,0
57489948540c4d88afd710695bfafd9053a5f005,2011-01-25 19:31:54,34965,0
ce07649c53c42367beae63192d79454128d6c8ce,2011-01-20 18:40:14,34585,0
9ae67c7851deb8d1b2ccf065db5eaa46e6215935,2011-01-20 18:25:03,34585,0
ca2e207573aea9aed920fd44373931d7f7f849d1,2011-01-17 22:16:53,34338,0
c678ecb447b73c04f8193b34d92e54ff5d96a40d,2011-01-17 20:34:02,34338,0
870bc20ea6cea44df7989b2d37cbeb3d90ed11c1,2011-01-17 20:32:19,34481,0
65307730a364becb671fec02d833c3522083b682,2011-01-17 20:27:29,34594,0
473ee4fa0b23e6b9b9ed9ee727f74f88f26e3083,2011-01-12 00:45:29,34359,0
6a4a2d1cc6bb3f0182ec92e29b13d77d2ad245e9,2011-01-11 22:25:25,34357,0
7048af6b028528017cf4a140c9e6965897e2ac91,2011-01-10 01:33:35,33464,0
373ddee70623b2765bfe1cae866f0b0bc493a2be,2011-01-08 23:18:38,33464,0
f0bf36690cfb1e89dbc6c8964c9d05a0fbb3c5d9,2011-01-05 23:38:38,33275,0
888ee9dcfb5f840181216ac4b196c20319e73133,2011-01-05 23:38:17,33273,0
bdcb648849bbb68140d07c75a497fede1c139520,2011-01-05 19:35:39,30058,0
bfed47b9d9531398c5645075829e6e14f32afe65,2011-01-04 23:01:09,30232,0
085eb2fcd0c48453e170dcf4e0365d835f1bffd9,2011-01-04 22:14:53,30223,0
19d478f3e0febb3b2f57e9b692202db577248089,2011-01-03 18:30:36,30086,0
2cdaf6ad003d0390abe7b17d03b2b7f10b4b90e3,2010-12-17 20:50:53,30014,0
8f757c2ffea0184bf8f0dbf690d235b5a5970f30,2010-12-14 22:41:41,29982,0
c8a2c9d800b920751e8eb34182fe31001da9776f,2010-12-14 22:41:04,29982,0
be857135840e4b276c57920f980a50aedc18cdab,2010-12-11 00:14:42,29956,0
2bdf55ce9cf45ac2376849d6b57727c1cfa3f50b,2010-12-09 23:04:24,29952,0
8a6d054e6b46578a89725f74d55560cf41bd59fa,2010-12-09 22:46:45,29893,0
7278115d96b64a24b17adef0b2e45c231e58be2a,2010-12-06 23:36:22,29891,0
2f63829ad3c041f4a59fb99d7977e80d0c909043,2010-12-06 20:52:37,29891,0
6d97ab221829bd48a7fb20733799b9057245266d,2010-11-30 21:40:05,29901,0
bbcf25ef7d188d8e1fcf56ad4e6becffa0756398,2010-11-29 00:28:48,29823,0
6307364a45e07d0caa130615639dfe1c04e95858,2010-11-28 21:15:07,29789,0
f02364dada485d9d807b430c3a93406e38bd3b7c,2010-11-28 19:39:35,29519,0
e08ff41dadbaf3bd9fcb5fce8f0580979b109984,2010-11-28 04:35:57,29528,0
c86d8bc1bece2b68910665c8ffa0f72d5aca5e22,2010-11-28 02:19:30,29515,0
5ae51b25388c0f5770f98458a9c953248499f259,2010-11-27 22:13:02,29387,0
ed9321d107a681525c01eab1959feb1d4158dade,2010-11-27 22:10:07,29397,0
c021172fe88b314176e015d165d7de7d4a4ee5c2,2010-11-27 18:35:11,29394,0
163a37e7cd66732ea4e6c37de89e74c0e29e1169,2010-11-27 09:07:00,29346,0
d16d680412a15610c89ff97a5fff47f603493f82,2010-11-27 02:01:21,29062,0
b786b5c607abe5771ee2fdda07cd5703b272ffd6,2010-11-27 01:55:45,29073,0
1855ca2df62b7bd97a0492423d601921e0862c9c,2010-11-26 23:12:36,28799,0
46b5d541bd07f9e7d0a6d06ff231d4147cd99b1a,2010-11-23 07:58:27,28746,0
bbe029fa7f55a90191a21b54b3575cffc59bd648,2010-11-23 00:21:46,28761,0
9761e25a4a5da501dba9e73f356ff943f9bfc617,2010-11-19 01:33:56,28461,0
35ec68a74eaa35b2b770884c1886d822ebf8e0c8,2010-11-16 08:05:22,28458,0
7cb9d581b2cd88fcd631c9063964c275717df055,2010-11-12 02:32:13,28279,0
5b43420991956919af693a0b7c55585a88fa03c4,2010-11-11 06:43:02,28270,0
9f9255800a8f2fdc1840c2beffa57fdd0b11ad85,2010-11-10 23:46:58,28270,0
7f7ce5cc09e8556686af8c795cc0f5858f5ef6e7,2010-11-10 01:54:52,28246,0
cf6db8aed29c5f478ff7ab295db2f6f6bbabfddb,2010-11-10 00:14:49,28233,0
138fd92978cbd9d41264bb0a430bf910a45084fb,2010-11-09 22:45:31,28175,0
d21a500ea894b8e0c0429f19e10c10a8b4eaaec3,2010-11-09 22:42:31,27983,0
fbdad9ca73ab1026a502c8409233aaf3d0d638cf,2010-11-09 22:41:14,27983,0
caab7aabd7b5a3050e72c165acb32d38a45f05a2,2010-11-09 06:49:31,27982,0
ef4088ebbe0dde80d4e59d67d7521b074b4dac7b,2010-11-09 05:55:31,27960,0
f8557b993f8f3d10499f14c033dddf2bc8923d16,2010-11-08 22:51:07,27984,0
f629ad5a686477a579928bfd7677206e964345ce,2010-11-08 22:34:14,27990,0
156ff68f1677a82624019d734f2b7ca43023ef6a,2010-11-08 05:09:59,27979,0
bcf37e4a66c55d53eeb9263097c6120633baf6aa,2010-11-08 04:57:25,27549,0
841f35456831192fd008222c8ae15b6738acace9,2010-11-08 00:56:02,27626,0
ee580489b1a131438d4e490b162a9a898b65d799,2010-11-07 23:59:40,27626,0
ae5d3fbab9be4e96ebe7e6ccd7d38416e24c2bfa,2010-11-07 21:53:47,27618,0
a502859902d4be84e0a07a5efbdc67d35133acea,2010-11-07 21:49:59,27618,0
57059e32a3d264f04df460802e66e4e942e53059,2010-11-07 16:53:34,27462,0
cfe47b5ad5fcfdb8e6f169e467717c5d43dceff2,2010-11-07 07:12:45,27428,0
56ef531a7977211fd5eb08e0800946b399ecb491,2010-11-07 02:10:50,27412,0
c73ebe2052c42fb9c6395a3865e003041d1543e9,2010-11-07 00:24:24,27460,0
603408aa52b1e4b57ddc7581c92f34ac4aebb2b7,2010-11-07 00:23:49,27489,0
ba23f28fef538d9bbdd0ec4bc6532d7861d2e981,2010-11-06 21:41:04,26956,0
46b80565c93cfececff790849ad682286f73724b,2010-11-05 23:23:53,26764,0
8fb4ca44b897cbea81d1b89f97c95207c90c98db,2010-11-05 18:05:53,26230,0
197ff6bd56467bd97bf7bc31049a4b82f2507405,2010-11-05 07:36:34,26119,0
4e6dc7c5a81c7e39679f3eade6bad58a6f1dc04f,2010-11-05 07:30:23,26129,0
6494412aee7b57af8a06ae9f594704e8b7bc9823,2010-11-05 07:25:24,26125,0
e1b23445d16b2cefbd73bcbae520753d68d2bf5a,2010-11-05 07:19:38,26120,0
cd645ec92579e4df8d3d504711d0aa099d69d73c,2010-11-05 07:11:34,26118,0
16617a2d51054d72cce3161f82458e30ae7a6da7,2010-11-05 06:10:23,25985,0
b2a326233866b23a8ca2f4723013a218792a5e82,2010-11-05 05:33:43,20543,0
4b0c68f8fc1b72e8a948f2aee80feff79fef3563,2010-11-05 05:27:21,20582,0
3727826d7eff7675eca46c0d425eca3fde914c76,2010-11-05 03:04:13,20381,0
e793ce880001c67923ae9206dd693c7bc5bf95a5,2010-11-05 02:54:24,20376,0
a5ee43345ea9fef85b59c482612bb26193495fb1,2010-11-05 02:11:07,20232,0
fe073855a4f670130a00cab107ebf6466d7ed495,2010-11-05 02:09:21,20299,0
9f51f46f6f7e5e71566d67b4cc436a55df98ca88,2010-11-05 02:06:31,20635,0
7d2c407d9ab86a98616c2fb3c9605c9f57e49998,2010-11-05 00:56:04,20571,0
1d395684f0c601aba7d4848dbd3396a85df310bc,2010-11-05 00:15:51,23781,0
9900d446e52e3d1ebb1e4b4e84a1602797af9d8d,2010-11-05 00:13:47,23781,0
ef084aaf615608441f136a270dafaa2f9b570f5a,2010-11-04 17:43:47,23713,0
a54574bcf99230a52acb44776a0382c623525e26,2010-11-03 18:19:20,23709,0
4c1fd11e74d24247a661af31a8a29b93319b07fa,2010-11-03 06:25:09,22921,0
2eda4baf36ff3dc89b9a6c34656acf28b5a914f2,2010-11-03 06:06:32,22958,0
657f02ee0a67dc644bc4cf4486b7c403f0b2b8d4,2010-11-03 00:07:51,22829,0
758b69ba19b7c203219b7c881b2958c5742d235e,2010-11-02 23:54:18,22829,0
a95efee58047c787723935eaf1e3a47e775d5ee6,2010-11-02 22:27:45,22757,0
20fb5a6e6f677c7e2e658962711edde47febf467,2010-11-02 21:48:51,18969,0
a4a7613bc8b440b6748db1ef2c1aadd95e8662ab,2010-11-02 21:48:28,18941,0
5c72d2c1c641b4d4a45bd2fc82160cc904d0f6b9,2010-11-02 06:28:27,18914,0
05a255ca9af0d3cc05e7805ca86866b91734e021,2010-10-30 22:42:11,18776,0
b7d391f5096f6617efc86d3ce52e3c70b89738f3,2010-10-30 06:24:53,18602,0
12ef81f0e0e08e713bc2e53cf8cd86ac49609fd2,2010-10-29 16:58:33,18554,0
06189539c855e00591bc81ab49f1efaf2624340d,2010-10-27 05:48:37,18550,0
b772929db9ef30b443fbb08df9003496faedb7f2,2010-10-26 22:32:41,18538,0
d66522bb3d0de4d5471b7117ac772416203637fb,2010-10-25 23:03:37,18458,0
84e97371ba4c2f38068f7ab88e2d6772f9ccad13,2010-10-25 07:12:44,18450,0
30482ba3be42e4bfe1f19610fed6226bc9c163de,2010-10-25 00:24:06,18394,0
6739d05a0571c2bfdda23825b0e834199d44df66,2010-10-25 00:09:32,18395,0
d16d06ef36fca98bab6d4a8268e1422596b5d794,2010-10-25 00:05:59,18394,0
a0f2a670b208ef1de99c686926c0b7d2c5adc21a,2010-10-24 23:15:43,18190,0
1901673b06932075005f04ae5116132613349a1c,2010-10-24 23:03:35,18164,0
e25acce12489ea8fa3ed9e09bdc3b7cb5d6d7f8e,2010-10-24 22:27:04,18152,0
99d184027513e2c3f664add74a08c13253ac5660,2010-10-24 21:03:12,18049,0
27dbb5a0fa62580266b36017b9957a26d6ebd6fe,2010-10-24 19:40:26,18019,0
18a6e2941ae666cb1d48e58afbe40db9eb9f265e,2010-10-24 19:13:15,18018,0
7897cdddd0c2f6cd5e09e2a81796116621c019de,2010-10-24 18:43:32,18050,0
b979c84b2e835038f319dfd1baa262f985b11c4d,2010-10-24 18:10:51,18019,0
9a28acdc626de85c03d61136babbe04c5f91e1ee,2010-10-24 17:56:29,17937,0
b6abd7dfddd83cc3c46a3512d8601db2c8abd003,2010-10-24 17:39:34,17899,0
6b05816d79b1b9c998e2d76cf35da4cc7d7af735,2010-10-24 16:48:43,17903,0
be2c57f9b5408ea7ea7c2e006ec6b3821deb5968,2010-10-24 03:48:51,17903,0
5705107036bd17d4844550e742316d9f3920f2da,2010-10-24 03:46:17,17905,0
3cfeb7c66420923f7d66bc4160423cba3c56df12,2010-10-24 03:32:16,17921,0
4ff256dd76c1de662104389510e180da9ebb14f9,2010-10-24 01:39:26,19245,0
a63f8c10a8da9e32fa25bbcfac5a2277b324a4e0,2010-10-24 00:46:43,19162,0
b28a1dbfe0d77a9e51d9609c355423ab948852b4,2010-10-24 00:00:04,19081,0
1d15c3f6ef768946cc8b11c6266b957119ffc838,2010-10-23 23:08:54,19100,0
3220c0b7174fb04dd5ea1ee471e0d47c2960f7cc,2010-10-23 22:34:30,19113,0
3a898d7eb42533eddb5796a29dfb615c29a26a42,2010-10-23 22:14:47,19140,0
f5517ea02d548529ffbccc47a9ed5a04822930e1,2010-10-23 20:06:12,19070,0
4494b027901c17c746b26a266d6bdfea762db5aa,2010-10-23 19:32:46,19057,0
3ee56574b88a6d67c5fed786c772297937ebb551,2010-10-23 19:28:31,19046,0
d8e79be35c4127c1e5417152218cbbe0ccee7938,2010-10-23 18:52:26,19041,0
85e45f5f5d2cfa2c8d6357ee5ce1e4769e84719a,2010-10-23 18:47:18,19031,0
b26f509dd498be03e6951f993e0210eabe71a5c6,2010-10-23 17:29:32,18940,0
04a6dce44c3a78cb10cb261cb0b89109db966ec4,2010-10-23 17:19:37,18944,0
a1608d1e3a2dfb4245c89a37041c56f2046babfa,2010-10-23 15:22:03,18847,0
607ed11267700c8a32e30b87e082efdbdab0dcd0,2010-10-23 05:52:54,18834,0
a4f5945eea75dfa54294731f40dee58c0a8b3664,2010-10-23 05:32:14,18826,0
0c3e453601ca078ef2e6bc76707a5b2b22b9cc4b,2010-10-23 03:02:34,18758,0
55e13c778deacf474d196186136a40249a4fc66e,2010-10-22 23:06:59,18579,0
5e381ba73e1426217ef498b0d4d791bdf4e0307d,2010-10-22 20:51:36,18585,0
d7bc33eafde93ad2caff504e620669f4f856cbe5,2010-10-22 19:55:50,18557,0
936963e357d7d2e3e5b4f14f935276c4501ea54e,2010-10-22 19:16:43,18515,0
aab852b19a10a8f7cfdd7d054946057a511679b3,2010-10-21 20:09:39,18517,0
a5089b8918ae32c3a54145e77a3196c3c020566b,2010-10-21 19:53:56,18514,0
291a732042d3c508be8ca95eec61a6a4bce8e003,2010-10-20 22:42:15,18420,0
78bca67502c9904c3ce0fbb8654de7156443a511,2010-10-20 22:22:22,18424,0
92d15a447204db43e9b0c61c97a71d1c15e1680c,2010-10-20 18:07:42,18283,0
c117dbe5273c42bbf0d271b1c59ee315f6f429b3,2010-10-14 17:29:17,18051,0
c8799da06957b8c559523bd0a69eb574137cacf9,2010-10-14 17:25:56,18049,0
5a99324d0bfba53a1d00263a33a5875bd8038090,2010-10-14 17:25:12,18048,0
6464020abb63b48105a9ab52669b3350dfc46ac6,2010-10-14 17:23:15,18048,0
7e0e19106e179110a7efc2ad6198c4ea4aa56b75,2010-10-14 17:21:07,18020,0
2659546f48bdb46320063450c84e7bb922aa769a,2010-10-10 17:37:07,18046,0
917442a1a29bb3c4ed24de2094b8e0cc0654a8a5,2010-10-06 22:20:38,18047,0
a16adb1a395316e1ec20a0dec38a4bae049bc05f,2010-10-05 18:57:27,18038,0
bacf6762facc23611ded3f4b39d2708755532cd7,2010-10-05 18:37:14,18011,0
af68d6b2ef0d867f5ef1070ba11678a48bcb77f9,2010-10-05 03:57:56,12621,0
5348d911938a0d1fdf43d7c86befbd908e431204,2010-10-05 03:41:18,12594,0
97a9c4466b3f52f9da6833cb86a86aa1e23d0ed3,2010-10-05 03:36:36,11198,0
5f47187f7d8aa7485618aa2330fa8ea781f08ddb,2010-10-05 00:28:01,11197,0
544e88d0b8847b7cd1bd26d23c0612625538ee84,2010-10-04 20:01:56,5802,0
5d7536385d0785e6a13d76c4ccae98fdb2bc5996,2010-10-02 18:38:50,5671,0
018b79577a9ea09d8f96c1bb5351d61bb52af69f,2010-10-02 18:00:31,5671,0
ff98c89c9dadc4383afc7a89ab106ab525dc8e4e,2010-09-29 19:58:50,5671,0
661ff7fe827d9adec9c47a43ada00e833069f05e,2010-09-29 06:18:51,5669,0
373ae84c834f840ab1b45082a723289e9ac25362,2010-09-29 01:34:45,5722,0
bca36356ecc21b9ea422b13a6388201587840dd9,2010-09-29 01:04:58,5722,0
b667421e510e63b9fd75fcc5c80f6d04e3b15418,2010-09-29 00:38:31,5679,0
91debece6044d05bb9b0d9c553c52ac10fd8f0e9,2010-09-29 00:37:59,5679,0
6e7b06f60fbdf9780c6bbe8cb65e597b70c7a742,2010-09-29 00:36:53,5681,0
7aaadad54294eb2db63ce3b3c3e0e5ed43a8fa3a,2010-09-28 20:00:28,5669,0
370818e79913152b4c6f0bcfacedc3e3fcd18f0c,2010-09-28 19:55:33,5668,0
ae0d06f209337436decae1df1b97339d19c7f068,2010-09-28 18:34:52,5529,0
fbf9831eb638d5896e517d44bd74faf4ef7083bf,2010-09-28 18:29:21,3423,0
6f3a7e7e7674506ae83c3dcd92018503fbc11739,2010-09-28 18:26:55,3396,0
8a722e124171c7e2972206242ad5cd00f1a9d3b1,2010-09-28 18:25:21,464,0
0d7fe72609a7c1e53864ada436e31c1dfe73fd3d,2010-09-27 17:23:59,1,0
b2aa3c7355f46634738b46789c649c4e2da94e3e,2010-09-27 17:20:44,0,0
