973688e08c2d49738945b221ddcfd1b01e1f5939,2013-12-18 22:45:07,5725,2768
fab3255b207d1585bfb0177b57fe97408299942d,2013-12-18 17:03:12,5725,2768
bae438102b926193951aa384f87d9017824c0c52,2013-12-17 20:07:18,5723,2768
3b66bbd08b396fdff334ab14e0de7c620f67522a,2013-12-17 20:05:03,5722,2767
b1452801c473b79088f45893789c39ab0c03eca4,2013-12-17 20:04:13,5654,2699
5ab7a3ed6885fdbf4b458d72d65d488cf9eedf48,2013-12-16 19:35:58,5654,2699
4c1d05b37b1791e9db11d87ef754b2e0cf3ed07c,2013-12-16 19:17:57,5654,2699
cf1c39add45fd87289eef3998981c075ef9df066,2013-12-11 03:30:15,5651,2699
ac702cf1b80d689d985a4052485a5397168a73ee,2013-11-21 20:50:48,5651,2699
9de7cfe0dc7f9ff0411b2ded4b0d808659d14625,2013-11-21 20:49:08,5650,2699
9776b8628fd159fe6dd9cdffec4cca5a0ce1a885,2013-11-21 19:14:52,5763,2750
d5fde4d68737234b1bed0f1a4d88b30301d1f9e4,2013-11-21 19:02:35,5763,2750
973decbaf2a76a022045463ebb81ec84ad281317,2013-11-21 18:54:20,5762,2750
d7f4bf671e8d551f9c9b3efe90af844bd51b5393,2013-10-25 16:11:47,5749,2750
e9a79a09687eaef520685a2cf9ba193209de67e9,2013-10-25 16:04:41,5749,2750
99d4773d010490576a18233bd274c9e209f2de1c,2013-10-25 15:37:31,5600,2750
8b40e01205404fcf4512351b5ac9bb7680b6280e,2013-10-10 18:14:49,5600,2750
46ed17b767e531ecae153cb55322e630eed4fe53,2013-10-08 20:51:02,5594,2746
92b7c98cce523186261f607e23731fa136569a0b,2013-10-08 20:34:45,5582,2734
6347c43e7ca92e12cbb4fd6708cba131cb8d0ec5,2013-10-01 20:36:24,5580,2734
0a4e6e38867cde1c396eb99820436027dccf8023,2013-09-30 15:06:27,5576,2734
23b04a11f3acd646c3d81fd929f606aa019ac49e,2013-09-26 18:02:05,5603,2735
1d4cc6b31785086de484d45db149dd7fea67d4c7,2013-09-19 20:24:46,5747,2735
1669e81afc3a69382cd10004b08e82b99c39bbe8,2013-09-19 20:21:24,5747,2735
e59fb9705a1f79cdcc459c184d6b7bcb6e04569d,2013-09-19 19:55:28,5746,2735
f4d0d81333f18e8358b4f8d6ead7ecffee2a84e9,2013-09-18 22:13:17,5747,2735
08a3af53ffe9a0fcb15102088f7407120bd5a397,2013-09-18 22:03:28,5744,2732
3284f2e4df251f81a3828143981d126690c8e404,2013-09-18 21:04:33,5744,2732
4866ea90b414f051e014f7e89397e4cab8578270,2013-09-18 20:29:45,5744,2732
2916e88862a97d4cefba71585a72de8cc4951982,2013-09-18 18:27:29,5739,2732
2a21d2d39681b8aa1e9a86c2f54e7ae58eccd87e,2013-09-18 18:27:03,5739,2732
600ce5444ba29894753ecd01ad2e951b5fa4f2fa,2013-09-18 18:16:44,5596,2732
19c8d33635a46eca18cd16a530794269c4260a18,2013-09-18 14:36:24,5596,2732
71e631c054cb073dc9d81b911694b4e62eb9dc98,2013-04-14 14:22:01,5579,2732
e4f1e1710f7f2b23f03004c66b46a46e33a56b63,2013-04-07 23:55:39,5576,2732
aefe8776aba28bc0c57e84cc7a5c14093219cfad,2013-03-15 06:27:10,5568,2732
f12075df01e913e7cc8efafe779c2b1563e7a2d6,2013-03-14 22:21:29,5568,2732
c5cb63483aa5d0f933b914a1872b8c2366203a2e,2013-03-13 14:16:48,5567,2732
5a1a8f8768614d0da44c730b287abf4ff4e29be5,2013-03-12 21:31:34,5545,2732
25728e1744836b42927962a005fe1ce15f55640f,2013-03-12 21:20:52,5545,2732
938ccbc409d439748bc9bdc261d5f7402ee9ba19,2013-03-12 21:11:07,5545,2732
a039029dc23cc513febe05507430d3e384272ce0,2013-03-12 20:28:17,5538,2732
5867335195b6e21b23fc73d911997ae0463770d6,2013-03-12 20:03:31,5390,2627
36b5556a36fdaa4aea09b81d58653a6ab0f54ee8,2013-03-12 19:54:02,5390,2627
0191ca3192cbaf0c5f730a252aa4b2fcfe566cc3,2013-03-12 19:49:24,5368,2613
38cc237dca754fee67a8d0a26e88c0abd2ca5ec1,2013-03-12 19:22:58,5368,2613
96b0f6e3aac589cfb5f10bfddfcc0d7828ed4caa,2013-03-12 19:19:01,5368,2613
6fe639fff7e9c37801ae755fb88bb1285e8afec7,2013-03-12 17:54:53,5369,2613
a52d751817b37124022a31e8fba8f5f83a1d29ac,2013-03-12 17:07:34,5369,2613
a54c57f81087ac25352d960b69899da6588dd523,2013-03-12 16:48:02,5358,2608
cb356f010c0f66bc4e24d1d285757d28c17ce93c,2013-03-12 16:43:09,5358,2608
c6f83ca060e46a0e94160cd64e57cc80aa23917d,2013-03-12 16:23:30,5317,2571
6e37eb08ff11abf9f039d574ee4720205d903c3d,2013-03-12 16:21:29,5317,2571
09a70bd0aff4640ed39677c071e440f211a40afb,2013-03-12 16:20:01,5316,2571
fc956fa002eb0b6b2e9fc07abbe3415067f7f36c,2013-02-18 16:50:07,5316,2571
bfcbf136488dadd351a671a62a4520fe6f767e3a,2013-02-18 15:36:52,5316,2571
44846088c630e790dac57abc36535b9194e13843,2013-02-18 15:36:39,5316,2571
216d1de1b6d5d7be737bb5f4235b638c99d62a4a,2013-02-18 15:36:15,5316,2571
8cf0d5924ae1fdd478988b7c746a56a9ec660ba2,2013-02-14 01:08:47,5349,2571
c7b11eb8c46baca825ff5bd0a8d9877fb2d94a78,2013-02-14 01:07:56,5349,2571
9b49c5a9408f326c0b2901aa7cf982a1bd54037f,2013-02-12 16:24:27,5321,2552
6c23da38d665e65f5600b51501bee081ba0b41eb,2013-01-23 18:49:33,5323,2552
2f8d3b1ebcd34c45350fac33d4d27744c14ba13b,2013-01-21 21:33:15,5323,2552
9542c0817f32122ac0cf685329dbd6a5f97e7abb,2013-01-21 20:23:32,5323,2552
2555495cded7884c1fcc9c9984d634c0d244bd89,2013-01-21 19:19:31,5320,2552
e2cc850d5fd119afa64e0d72d59d3b30919ceef1,2013-01-18 15:51:32,5312,2544
2384868e7075857288e7457c0376895e3a505ec4,2013-01-16 14:08:04,5312,2544
2943060eaa7107fea77f4507437c5f087995eafa,2013-01-09 18:32:29,5312,2544
b489db0d551fb210018336fff488e5691282a282,2013-01-09 18:29:54,5312,2544
bc9905c79c3022dc0b4e6ab88009f6680aa81ef6,2013-01-09 16:41:38,5310,2544
0ce2b8bf5de8bb70b19adf0dc7930029e483565e,2013-01-09 16:40:54,5310,2544
bacc8b530a2fefad08ca57c4a7ff0b2f1132297d,2013-01-08 19:15:05,5308,2544
b60907b7b07065a41325cd8a185d1a478b69f25a,2013-01-08 19:12:27,5300,2540
6571a0c6424ea4346ce79444b1a2db1e908f2f4d,2013-01-07 22:25:44,5326,2550
0d59f5c7e6c8b45691de40645290a20166a43386,2013-01-04 19:32:23,5369,2572
52afae9aac4da1d54261c1797e3a9b0d65f40113,2013-01-04 19:29:22,5353,2554
549d1834f1925c3e0a6ecbfcbad18bb61556e27f,2013-01-04 18:14:40,5352,2554
e17a652f39aa8405933aa762a7937b4cbfac1206,2013-01-04 18:13:34,5334,2543
2d2e9df154a26145ea448af05781fa963a77b860,2013-01-03 21:18:44,5314,2532
cfd0e35b76cfd8c10109a608b36d4f815016161a,2013-01-03 19:01:32,5343,2532
e77825d89402abd935e10d7c6ef80570380a94af,2013-01-03 13:16:53,5325,2532
43d56644a9605f5d8f74b0c93171b0315f74d36e,2013-01-02 18:00:06,5186,2408
1f1be988e930f880d94e81a31ce9d5959d0af885,2013-01-02 17:35:52,5146,2373
f9071ef0eefa80222444f23fd7998043425c0958,2013-01-02 14:06:19,5025,2262
14b824ede30f3d9e0b0863dadfc8159e9aa26f88,2012-12-31 16:47:02,5010,2253
6652590502c44912288a45818c25511a4dd15e5e,2012-12-31 15:46:51,5006,2253
d5cccf6861190c2796ad82623c16162e16555bea,2012-12-28 17:02:26,4965,2212
e573e9942fc3bf4bf2ac36f8d9236bae39b30aaf,2012-12-21 17:23:19,4962,2212
ead4eb8f8ed778c6a637577ba812df806b455fe9,2012-12-19 19:10:22,4962,2212
9a03fe6b14c16798feb8e7e58a881ff4bb3fac2d,2012-12-17 22:18:31,4962,2212
dfc0ae9d182161b4eca736dc3a1b79e0fc7b0028,2012-12-17 16:33:29,4962,2212
2fc507884684ce12b11b4bf4fc7758c9854b14ec,2012-12-14 21:17:19,4962,2212
bfefd1129cb5a6a9de590ec95bb955a77fbb345f,2012-12-14 21:10:36,4958,2208
9413f44b4c5a2a384dbbfdd15e2e354ea6fc64e4,2012-12-14 19:58:03,4933,2187
f63e3c422de420f59d762a2e2e6c07c6ad664ca2,2012-12-14 18:58:33,4933,2187
1acb39f074a8530efa1637fb275e09279622fdbb,2012-12-14 18:27:55,4926,2187
478ea7f1a8b12bb329bf54a73490884d63c6bfa1,2012-12-14 18:11:30,4924,2187
54e3efd987f700bc2d7bc4d412b23928948edf24,2012-12-13 21:32:29,4885,2153
98fc97692a1a377185677719b869e77d0748b9bd,2012-12-13 16:27:06,4895,2153
527a07d380dacd6dcca6c9566b3a28a87c3b1b97,2012-12-12 23:08:42,4894,2153
0693ffe8b3aac48abbe05d887669d868877c5425,2012-12-12 23:08:38,4894,2153
65d025ebd9a1bfeb5b5069e2fbbb4b8a658a3718,2012-12-12 20:56:16,4977,2153
aa5d520f5ee90d274ea6053cb573b9cdab4337d7,2012-12-12 18:40:09,4977,2153
e0af844eebcad1df120855069214a4f3a5fc905d,2012-12-12 18:39:54,4992,2153
b0bd0751ceb1a8a3237c12ba16d985c79c1aeeca,2012-12-11 21:30:55,4992,2153
40657c3686d232dad04cbab593b3a34adb760100,2012-12-11 20:28:32,5012,2167
f7639f18656f6a9dbdf5f8c95a985ff699e14968,2012-12-11 20:05:46,5041,2167
ac2facc1bc63da1af4c964cd37c3020e6ace1bb0,2012-12-11 19:05:25,5049,2167
16d6c4725886ca24ccf759abd750b87a11700400,2012-12-10 22:29:49,5091,2185
cfff2d6eaf2fe436de10e6ff1a6cee0fc7f1ac59,2012-12-10 21:48:01,5105,2185
dcebfe1ac1b237b56d652b9e43021451cf916aef,2012-12-10 20:51:42,5175,2185
e566961c42dd67ab49028a7a485096a5c9f08e2d,2012-12-10 19:14:07,5175,2185
a5a4636ca91fcbeb561fba0277fd012128f54b3f,2012-12-10 18:06:40,7531,2185
46c0dd4dd3a6a25d1d8402d1d44b2c2ec9dcd80c,2012-12-10 17:58:20,7531,2185
1f262697ecffcd6c006b8277d579f2264630febc,2012-12-07 21:39:03,7443,2117
49a6cc50eb3a9e21037fe65f680d1f8357112d86,2012-12-07 20:45:33,7443,2117
4cc2cc55b225bff615f5ea247258663c43101081,2012-12-07 18:36:40,7595,2117
e4b110a37f26da38678c38c017d01aeaccd7c838,2012-12-07 18:24:29,7596,2117
3f5ea3d18efbd6662650fdc439e8d93fea5fdb44,2012-12-07 18:24:29,7802,2117
ac9c73240ce6202ef4ddfef1634fbdaaad28b4f3,2012-12-07 17:21:49,7923,2117
b58eca0d2a8d01431a86b8b4f02e9c5f761ad7c2,2012-12-07 17:20:01,7926,2117
1f77fef26c564fe74e0b9860f055703649156113,2012-11-23 20:13:06,7922,2117
e81b88ff856137e3bc0c4478e0d979c0f7c999e3,2012-11-23 20:12:37,7934,2117
2407a5166d9b2f6a7356681674f19cfcf00fd65c,2012-11-19 21:11:35,7934,2117
57a78021006e0ea5d6407a1526f37dcc05b6fcd0,2012-11-19 17:56:58,7934,2117
5ceda4c45eeb045074137f416fd636d3faad7600,2012-11-19 16:22:22,7945,2117
07485479d7cc7524ecd1b79357906a74a3e8e130,2012-11-19 16:17:06,7945,2117
108257ce85ad5362c2f7e71f2bf70d8edc177690,2012-11-19 16:17:06,7945,2117
5d6cb51db7f67c33b2efdafb0415a10d0f1f51cf,2012-11-19 16:15:12,7959,2131
a239982b21b554a74bf92343dabffe972689af65,2012-11-15 17:33:00,7881,2066
79eb03a7f3806ffcc900fbab1a73452c38b21926,2012-11-14 20:23:46,7836,2033
8f170dbf6b03bedb09bd0fbff4129358bd49c82c,2012-11-14 17:26:18,7836,2033
bd8baa113b92d0e8267cf132e181011e0711801e,2012-11-14 17:25:45,7812,2033
ab962f15664cf4b4808404194bebbb90216d1480,2012-11-14 17:22:30,7773,2033
6255d9af45cb7c8ef608fc701cba3bf482cdb666,2012-11-14 14:06:03,7744,2004
fefa52bf827cab33a365bca546d565b6bc90d67c,2012-11-13 23:42:18,7724,1990
8967734eedeebf4b4eb5697eb145c80cb152de82,2012-11-13 22:18:55,7721,1990
82674676c3f7b7b4e4c7d191b44a61eeb2c55e27,2012-11-13 19:36:09,7539,1824
1faf5ff7ab3bfda2a923754b154de353f3e89545,2012-11-13 19:34:30,7532,1824
3eff3f853979f526d9305e3cb9a0a0cd7d63dd62,2012-11-05 02:37:20,7532,1824
1d6bc1983c5bdd1b1f72df2d2c43634ae105e30d,2012-11-04 21:48:22,7533,1824
42b55e31394a32db1afc01889e27a7c4cdf5e076,2012-11-02 21:57:42,7532,1824
566e8f6b407710ed14f88a4ba31f08d903b3155a,2012-11-02 21:54:00,7532,1824
9b59249fc16d14a6d93df94ec35362df827afb52,2012-11-02 21:51:09,7531,1824
01e23a838b369b3957b827b6a635686c5611b184,2012-11-02 21:48:14,7544,1824
0d5f92dc59faae52e1c5f31a778d18bd9eab08a4,2012-11-02 21:13:38,7544,1824
1b32b091b81073a63cd5048b47e13e2834c8da0a,2012-11-02 13:22:13,7544,1824
fbcaf00bd4f38491aeaaeb236bbc59b4f5857b6e,2012-11-01 22:09:15,7544,1824
e8f3c04c7c0b0a53157c8e3bf53d98108e1469c9,2012-11-01 22:07:46,7545,1824
fc57ad530b6ef260019edb18e03201669721cc6f,2012-11-01 21:50:59,7543,1824
d7e455ed6aea334af92478711b7a7b1db57ee00f,2012-11-01 20:18:15,7532,1824
4ede594db0248e93c7d0e6db723866d80fb84a97,2012-10-26 17:40:02,7542,1824
875ca76020d5e9d0fec47e2ce6cc2405358c905e,2012-10-26 17:35:57,7550,1827
eff3e5349e5d4884557bc5039a5a54943d0cc32e,2012-10-26 17:33:27,7550,1827
32915c8447c14c46a6309f663c5cdad60ddbed6b,2012-10-26 17:13:37,7550,1826
e3a1b33864eb20983b83dcfbb83c71bed4848730,2012-10-26 17:11:52,7550,1826
826445aa33d0c9ad232eb3c179f1a01973c79d9d,2012-10-25 14:45:58,7548,1824
9dc828ac025fafb2ab38559ef52f737df03291fc,2012-10-25 14:45:58,7474,1824
31be1542db87eadebbf546c8b994a863c56f6847,2012-10-24 14:51:36,7488,1824
a3fa2ecdc0764d164b79ab3f9c98eca78765ecf3,2012-10-21 17:35:08,7486,1824
3b659c11d459301574f46e163d410ba39cf44fcd,2012-10-18 16:21:45,8413,1824
70c325c86b920ce39981f336bd4fb2d19c1d7ede,2012-10-18 15:31:21,8420,1824
556d35136cf87ca3674d42688a47df2f55b1ce1d,2012-10-18 14:57:31,8367,1802
2b4f3b2c9b19c6b70609619cdd093c345f4bfc8d,2012-10-18 13:28:34,8373,1802
21dee66f948d9ad026730736497a3db2324759b3,2012-10-18 12:39:55,8372,1801
c9d76db39bd7043dcf5268b82bb47f74c23d328c,2012-10-18 12:36:42,8373,1802
1d5af494ad58f70f80d2f327020e2913dbd80228,2012-10-18 12:29:12,8370,1802
86ec5a3c5484dffa8924c10a4b2d4e2891695db0,2012-10-17 19:25:55,8370,1802
bcb41c762122c955d2d2c76ee118fba58cb5701a,2012-10-16 20:51:56,8371,1802
9b8c7307c58a5c8918b2d8ec8b61f89957ae6c68,2012-10-16 17:54:04,8455,1802
ef8fa654d8d87684ca0f6925dca6d24c874bd708,2012-10-16 17:11:01,8489,1802
86c4a328188c7173337ab0388f9c54555a0ab522,2012-10-16 15:47:19,8496,1802
aa47fcc048bbdc5918d4738cbd7d54401274b37f,2012-10-16 14:45:17,8496,1802
0060e66680d7f0b6c8e2389582f9277187e9159c,2012-10-16 14:42:33,8496,1802
36407ff316f28f7ba2ab34372610307b15595d4e,2012-10-16 14:34:23,8493,1802
67064b63bec20db5260bcb02b87e0b628c32362e,2012-10-16 14:08:28,8490,1802
3ebb2a7335d016e026372867b6c088d5097f1d62,2012-10-16 14:06:41,8490,1802
9c33cccfec7555f6eefecd24cdde3602dea9a1ec,2012-10-15 18:05:45,8515,1802
4a0328bfed8543f9f7c4455be01e6a4c1c8455c4,2012-10-08 23:10:44,8515,1802
1496426e15ca36f79b2ea8832dbe57c808d64cb6,2012-10-03 21:29:22,9057,1802
76038272992575e84fab38a86907e05ab7299b56,2012-10-03 21:08:51,9354,1886
251f9148662eb576138a03f60e4b6225a79ba414,2012-10-03 21:04:51,9753,1886
7026404de24607bff84dbf089233f5f70aca2e2f,2012-10-03 19:55:01,9750,1886
c71ff10972c3ed12ce3347ad8803804c0fa94e77,2012-10-03 11:59:41,23692,1933
9516bf8db6fce4fb079f06bcd7405f0e9cde2dac,2012-10-03 11:59:21,23692,1933
0d9e0f2878c14e00be3f05a0c1590373ea859492,2012-10-03 11:40:13,23692,1933
8b5b7c6af1fe7d4a2c62cee940d798664b53c7af,2012-10-02 23:31:48,23690,1933
4baaa8bdc3a03ba0b6677fe46c3aa8e74898db3b,2012-10-02 23:26:11,23688,1933
121295737cb6a4e2492d81dfd03f7915d1b209f2,2012-10-02 20:48:34,23679,1933
2c331894b5983c1c6eb6cbb03e00ecbf79187dfe,2012-10-02 20:09:02,23666,1933
ffee978217ec33a4cfff645a594c223b460718e1,2012-10-02 20:08:20,23666,1933
86abd632bfcd7e0e3c31cd75d3ed49ddf184dae5,2012-10-02 20:04:55,23666,1933
c6611a58f5aa0a116a1a29b15280af97c30feccb,2012-10-02 20:02:58,23666,1933
ad01e51a3d182e4f518c5ba0a6c22b870e58bf90,2012-10-02 20:00:26,23665,1933
d48e14717fc9a117bc27096d295a2de7339a87bc,2012-10-02 19:59:52,23665,1933
c865759a9060574caf10564fedb1f14da95f232c,2012-10-02 19:58:23,23663,1933
6a51cd2b8993f4bc4936c1dbfd0ebec6e16db2c6,2012-10-01 23:44:34,23664,1933
68088010b1b380b0f7f3ac99691b13533717b211,2012-10-01 23:14:02,23666,1933
d179f8b45b41acbf2ae1aec22b34e06487c8792c,2012-10-01 18:39:01,23666,1933
6ddcb31e223970d8048806087fb8e4bcb121a576,2012-10-01 17:50:37,23660,1933
fb506d2ab221aa949463424babca586cceb8675d,2012-10-01 17:10:39,23656,1933
34d5c09eb44738d333bec6e6f6c30f601961dc9f,2012-10-01 17:10:26,23598,1933
72f78d3a2b1e35612e200ccaf77d4a54e38843ef,2012-10-01 17:10:12,23598,1933
dae24dd0bff4a17358c6d88ab5c9f262e7a8ab65,2012-10-01 11:55:47,23601,1933
d8552cc844fd1385c98d1ce1e90ae4a63ce506cd,2012-10-01 00:55:34,23601,1933
8501765fb7addd073754fabf7a0e779a1a54b122,2012-09-26 23:27:45,23538,1933
440e6a1afeb372564ad827b89d9a67d0a9ad5acb,2012-09-26 22:54:24,23532,1933
616c78c61755d9d4bc622c9eecc0f91c5dc9d49b,2012-09-25 20:23:02,23503,1912
bc314fa142ddfb40a37f17c7ee1b4f01a28c52ba,2012-09-19 15:06:09,23503,1912
e288eb30d4c8f04b292345efca70f179d3377838,2012-09-19 14:44:34,23505,1912
d70cb6db809acda3755723c40c1bf8cc2888b664,2012-09-19 14:23:25,23487,1912
c7dd01d5349a73eb5e07bb043a35e7a54761e039,2012-09-18 14:25:30,23435,1888
176d003cf47d2454b9b095c7bc277b5b596f115a,2012-09-18 13:34:12,23431,1888
3ef8127482b69dbdb24eca5deb05d394ea651895,2012-09-18 13:32:51,23431,1888
09910b391a9ad1d53232d435db27924fa98ef05d,2012-09-17 20:29:59,23424,1888
ce9e30f63cadf6191c7c49456b0313f1a1d210f7,2012-09-17 20:05:33,23435,1888
e8977727186c45722bf9d0bd893a8aa71fdb4ba3,2012-09-08 12:39:00,23434,1888
70ea77077528255eb8e5813dbfa00aed22a46eb9,2012-09-07 18:04:45,23225,1733
a939e0f819975b1ce437773289439409a2916ca5,2012-09-07 18:03:16,23221,1733
dfc63c4c1ff96b09c82bf60f6474258245a69b9d,2012-09-07 12:19:50,23221,1733
68f3471dfaf024de8f704d88b739c26dea03e139,2012-09-06 17:50:51,23191,1733
1eeeed2f8e13e5bd0f637e432fb105f72864aaba,2012-09-06 15:46:17,23191,1733
f0c6bb5b16a877b6a52733a4378fd5af44b5d183,2012-09-06 15:39:20,23190,1733
9d1c13ae5c853fa784e18f308fc99c057d9912de,2012-09-05 21:15:10,23144,1698
108d3bcf7094ffd44a24edef01b7c0a752c5693d,2012-09-05 18:47:09,23063,1663
09ede002656d57cb7bfad5250a932f8bd01d0d16,2012-09-05 17:37:26,23068,1663
61067e7625c83e35ec51b76419cf009cb71a9a43,2012-09-05 17:37:08,23067,1663
f6c594df9d070655e8cef1bb8552ff32893be8d4,2012-09-05 17:36:41,23067,1663
35c7379fc6e500bc0ba621f79b1f3f6bcb74fcf8,2012-09-05 02:17:20,23067,1663
64d402654c9c735fff8e41172f24ecf16cf845ae,2012-09-05 01:29:28,23050,1663
c77c676e2886a6b100077a27c9b7edbbfd4874d0,2012-09-05 00:35:21,23031,1663
046b30fe8ff2bb3a78887503365f6c4c62a23962,2012-09-05 00:34:03,23031,1663
51158b702df8060ec7036c7bd9642e2b8bd0d8f4,2012-09-05 00:19:51,23034,1663
ded8ba7eda0bcebb967b6c9c82392441d4e22236,2012-09-04 21:14:27,23034,1663
0b7eae22b60e215e5c0adeaee4efacf5c73428d8,2012-09-01 23:10:14,23036,1663
5a678d02ef6b1569e2732f27ae69962f66d236a9,2012-09-01 23:10:00,23036,1663
1c7a465e3c14a44ed33c22b8eecd24363aab6314,2012-09-01 22:50:46,23041,1663
ebb6674b498ccd42f9bd4c6bf539b0b163498217,2012-09-01 22:50:03,23048,1663
b1f98e0268578488ded74c90a803cb368b68f50c,2012-09-01 21:01:11,23571,1791
7c1161ddc69a770f1f501af7e0f5af4d99ba3666,2012-08-30 14:50:39,23518,1709
7ab3db816d5dcebe03806030630b01eaf8b0cd3b,2012-08-30 14:43:03,23512,1709
ec585e5e79e74d72e77748f494a90327abe7cde7,2012-08-30 14:41:18,23533,1717
dca610e88cc7b612d39bcc690d843a60ba156f60,2012-08-30 13:19:29,23544,1717
21f8b63f5edd102a9f9d294ef324a5e778cf0bca,2012-08-27 18:49:24,23539,1717
be863653b05be56216546fcb91ed75af8d341cb4,2012-08-27 18:47:45,23539,1717
ed69c4677853c250b1cae59bed5fe377c9fa0db2,2012-08-27 18:45:21,23540,1717
5567ffbf59cfe65351a8060b5010beddc8d97f6e,2012-08-24 21:50:42,23513,1717
d952a25db4a750571a5303ed603145ab80dddacb,2012-08-24 15:29:19,23454,1717
ebc5ec28f92dcf29ae1e1c4feb78f860f8d8d388,2012-08-23 21:03:42,23442,1715
a1f85c93d93d32c5182d1bdcfae09cc2caf4503a,2012-08-23 20:34:10,23406,1714
dee40aa6d224b8620ecd7ac05d3c3349242e62b1,2012-08-23 20:16:04,23403,1714
caf5bf02b7fded8254991972359aba9173bae1ad,2012-08-23 20:15:51,23375,1686
b30b5fc31e8a4cedbd2d6b31cf898b8ab9466c61,2012-08-23 20:14:51,23374,1685
9d966f189870e2d3f7d4a1e1a2d12d9974731a4c,2012-08-23 20:03:05,23492,1753
82d3c22de3858d014fe7c0ab57dec07456656018,2012-08-23 19:58:52,23490,1753
d4f17ed97e7c47e1fcd0772bcabdfd868e6ed1ce,2012-08-23 19:58:00,23475,1753
6674b55677f1538d1609f42003c25cee59df671c,2012-08-23 15:10:45,23491,1776
5535f643291410006460e7ee636cc7a0d333a470,2012-08-23 15:06:27,23490,1776
451c75fd79d5e68c3e4d72eeeafbc79632b0bcf6,2012-08-23 15:05:02,23490,1776
7f3c26b06c8039d1cad3a3de9bde9aec3637e768,2012-08-22 17:20:58,23488,1776
d2c3783ba3ea1a4041df5da890132283a1999b34,2012-08-22 17:20:04,23457,1774
12995cc06570c9c51002a7f0a7a96c31e6b2ca61,2012-08-22 13:39:33,23457,1774
b672edfb16dc6adaf8e8953d6b335cc095493f41,2012-08-22 13:36:54,23347,1672
6a0d2bb53f7d55b53bfd7313882dfcba6b113a12,2012-08-13 01:22:54,23347,1672
407c869f68da44a1a8b3330593bf46d137d61fdb,2012-08-09 18:46:24,23345,1672
d758396cfa01672d117be2d3c3b84253e91a075b,2012-08-07 01:10:06,23345,1672
f15bb104ba21d4b6723e0152f6495cdfb621be13,2012-08-07 00:46:38,23334,1672
bbafbf01b7936340bf2583cd7a89475b16bb43df,2012-08-06 20:53:10,23339,1677
58662c2de15cd3c67943456340bd2eb5f98630cb,2012-08-06 20:48:38,23308,1650
0f73f532179003ba259cc20d9dc174dc9f9f717c,2012-08-06 18:20:17,23303,1645
d19142a24a0c0209d394475169de70c74ae6035a,2012-08-06 17:37:26,23303,1645
5244a269f99c5c0eb22ac44314fa887a5c59eb8c,2012-08-06 15:46:16,23296,1638
44b57274ceba147e24dcc121ed7d9b84e6ec4e49,2012-08-04 20:27:19,23286,1628
f6047a1d1147cddd949e04a9853e24c78053bd31,2012-08-03 13:16:49,23278,1624
ef570eea1f675a8a8f2538ed434fdaaa470e6409,2012-07-31 21:02:11,23269,1624
3d8aab43f3128c3b17d200e8826a6083070976f7,2012-07-31 21:00:22,23178,1606
d175f9731617fcabb709c2e7f146a1ac420b131f,2012-07-31 20:44:38,23178,1606
a843d74353c0ec12d955864dacddfae0c5d6ccf3,2012-07-31 01:54:18,23178,1606
9a0b934c6b333990384da6fa5082d8c897ee60f5,2012-07-31 01:46:37,23053,1570
ce0582d3bb907ff365f833bd238bb9ef1b0d03f1,2012-07-30 21:26:19,23054,1570
e9d21b1b1285278862098ad03c397b354d8eab55,2012-07-30 21:11:47,23047,1570
06f25a8dc32385991cf709dd98e15d593d685e1a,2012-07-30 19:45:45,23044,1570
5bd03d1184def69bae57353980afa2b7d889f869,2012-07-30 17:41:10,23044,1570
a712b111f4574cedce7c9276e5f9ec64c75dfbbd,2012-07-30 17:31:55,23042,1568
93129d7744f0c43c6b1734b20ed87734625ed812,2012-07-30 17:31:33,23042,1568
f341bd5255e7f343c9789bffcc6a34dd0b514a63,2012-07-27 20:13:41,23025,1551
aaaa7708c9dae4b5f716977c46df836e232a8196,2012-07-27 20:13:26,23009,1551
3217ad7b6fc6113ddf3f599d410412fd6b2e44a2,2012-07-27 20:11:24,22991,1551
d1743eae0375d6e08086c8f1f07c001d8a34e2b7,2012-07-27 19:38:32,22976,1551
5f180f72b79124d3aaa92bb372989a89abf4c830,2012-07-27 19:09:03,22951,1551
2290c4c4108bb0207fade1eefd134027c009dc00,2012-07-27 19:07:50,22951,1551
c4009aed26b2b24aaa2ef723952ad65228675882,2012-07-27 18:50:35,22913,1551
b9126eef7fce5397f3fdfd43372b6156727563cc,2012-07-26 22:57:29,22915,1551
aa055c3fd7010dc4f003090833b0a4fac306451d,2012-07-26 21:19:10,22915,1551
b6825d7326f9447a6f33f9df2ff40b5b7499395b,2012-07-26 20:21:04,22849,1551
255bd6c6f3c29aa5384b624f65a4ecc5f18c5f4a,2012-07-26 20:20:19,22845,1551
0f47e77688a5b7048c4404f012c277682b18a40c,2012-07-26 15:24:56,22838,1551
abbb18c41fdc7bab833310d4fc8d27f629d1e2ff,2012-07-26 15:24:25,22838,1551
db953a1d052d11afa38bb5f53381719d8acffc6d,2012-07-26 03:15:02,22836,1551
85766b718f097a4b96aef1bb8806f88f0384720d,2012-07-25 21:34:05,22836,1551
b0598849d674338a8909c2805971dda16ba71763,2012-07-25 21:30:01,22827,1551
659a8f38822d85901fa50c87db4fd10ec4e9eded,2012-07-25 12:10:20,22788,1551
1e7b2c88dee18f5d621a71075f3da9a24a855d01,2012-07-25 11:58:25,22788,1551
f7e7dbe8ced5b679b9ac7a910e270e3127335427,2012-07-25 02:42:13,22783,1551
312da5dc02f8a94e209388c2edf18fca81d2d5eb,2012-07-24 18:54:36,22773,1545
2093e58eb13bb3723f4cf730d955481f5befbc7b,2012-07-24 18:51:14,22773,1545
7aaa141980261b64c345153913d4b8b1acf28387,2012-07-21 19:55:18,22721,1512
846fade2e0b9fba37f0f775ff7770bedd703bfa3,2012-07-20 19:51:47,22674,1512
8db760ba245b30c0bcc80be0e50391fdb590a577,2012-07-20 19:14:55,22646,1512
6df88f0369daf08e62c8bafd0ba0324eaf55f05d,2012-07-20 19:14:23,22641,1512
55b9cdcf4036918201c53a8a7e3febb6387a3c1b,2012-07-20 19:04:59,22641,1512
bde4c2a5106931e916516b5398e183895f22dcf9,2012-07-20 17:18:32,22641,1512
dcbabf7f705f1f7a1e577f622eb96c2fc4ccd476,2012-07-20 17:14:34,22599,1470
9dc2af0015e9e5cb7593d70fbc46d7ac9fb48d96,2012-07-20 17:11:48,22598,1470
44127f46962433c5df768bf1390f56f18db649ec,2012-07-20 16:55:10,22596,1470
439789a13be1b6c0ee94d701ffdd3d6a145e9617,2012-07-20 16:50:36,22548,1470
4fb43cad69fd59b58274a6cc2e8dee02f7bd1f9a,2012-07-20 15:54:07,22536,1470
a6a64b7660e0f2f8c9e24587a74cc7d8e976338c,2012-07-20 15:46:17,22538,1470
7e5ea9f47425ca2a10295276c0ee8c264b63d103,2012-07-12 11:38:08,22531,1470
06f8a702134529bb1e7cf9c3e0d89c3fd69d9ccd,2012-07-12 01:25:24,22502,1458
598e079b87408b0642548c7af9be1db4ce077b13,2012-07-12 01:16:36,22502,1458
b6f3b9df5f0121c36c43f055516385a6de435962,2012-07-10 20:23:18,22376,1332
3b55891902acb6eef429179cc464d4e29212150f,2012-07-10 20:14:06,22376,1332
4c1414b0ac0070e967d8f2089231409cdc8a4604,2012-07-09 18:39:57,22174,1332
5550a9e1b41082343462dced2c8b5e3eb2dfb4c1,2012-07-09 18:14:01,22160,1332
ca12b1eb112cd8e59df0246f839c7734fefd2397,2012-07-07 11:14:08,22132,1332
72710bac810024bc1d95a91965c1362bc188308b,2012-07-07 10:56:00,22045,1332
14cfd0b091e5b120c116ffb022ce99a04723f486,2012-07-06 19:41:52,22045,1332
79389a4345a7336dc52ae6399f068bae02f1dd0d,2012-07-06 19:37:12,22084,1332
bb197104dcff652ba837fbecbd893e7c30e352a1,2012-07-06 18:47:23,22085,1332
684f9bc7f642f7dff234fa5b8d461326a5d7d876,2012-07-04 15:45:26,22020,1332
197a976db197f28f0973cf42185466809c611e02,2012-07-04 15:45:02,22013,1325
a7a5240843278fcb8ad4fe377d3b447b17b8c09f,2012-07-04 15:45:02,22034,1325
dda5fc8e54a7f0d34f6c5730195669d9cb47039d,2012-07-04 15:45:02,21994,1301
41ec506cf8855297e4b49387fb3f91e5524fc88b,2012-07-04 15:45:02,21904,1245
58a4e3d2cd844c806b218db693f6910b43b36c18,2012-07-04 15:45:02,21902,1245
a4371a8059800388f88a6e50b5917945fd1b0ce3,2012-07-04 15:45:02,21899,1244
86495b7599be1c2e66ff4b6c3272eaa01f76a1a1,2012-07-04 15:45:02,21898,1244
f8c0787ccbf93efd9d9c17205a38cfa82e31f9a9,2012-07-04 15:45:02,21896,1244
ffa31c7aa37714f83686eca998ed2167763f80e7,2012-07-04 15:45:02,21896,1244
ebae47f64d4616ce3d9ad03638f089425754b606,2012-07-04 15:45:02,21898,1244
d0983967fb97ba992a51a4658f275cc396942fe2,2012-07-04 15:45:02,21923,1244
c86c34282353d84deeedd37e53fd53dd7e487c25,2012-07-04 15:45:02,21929,1244
ca6a0fa8f290449f567055db537d0216f902a2a5,2012-07-04 15:45:02,21910,1244
502b7c6f0121c6a52bfc4a631662aeb2d303e796,2012-07-04 15:45:00,21910,1244
26e85acffa16e0d846701cdb6396a3429d9445b0,2012-07-04 15:43:56,21890,1244
84ebf4fb938df65005f0774e635c3b04bdee9f77,2012-07-04 15:43:56,21889,1244
4fc3c5bf5a3277f29b3f261f65a1821829dc777d,2012-07-04 15:43:56,21880,1240
188724136123d30fec5087df74d3ba811b0e17ad,2012-07-04 15:43:55,21871,1240
b0b9bbc782458e30cf6c5cda2e97c1939fae17c3,2012-07-04 15:43:55,21871,1240
1c159143adc6895fa1a36a6946942823ef0a890c,2012-07-04 15:43:55,21871,1240
ddf9ad6fef60ed5e178364cd587b78bcdcfd8cf9,2012-07-04 15:43:55,21837,1240
97dc6a2ce1e60b311ea8172a4a189e680886c664,2012-07-04 15:43:55,21828,1240
b5346e4e1a33c0f46b9d2ccd86dafe9dd80374c8,2012-07-04 15:43:55,21824,1240
3ab4debf7287d0197f55d5b08bc9d70a7893516a,2012-07-04 15:43:55,21796,1240
699924cff23f2d15be87f26d37323ac8891b0b66,2012-07-04 15:43:55,21796,1240
6746b0d48acc8466711fd57b9b860a51d057f19e,2012-07-04 15:43:55,21789,1240
296a8674cf1d7e553631177aced96f1408dab041,2012-07-04 15:43:55,21791,1240
438083818527789cc2aa9712dbe7808c32c749e2,2012-07-04 15:43:55,21790,1239
3e4b0dfad66fd97e39d7f58c54bc3eb408df6dfe,2012-07-04 15:43:55,21778,1230
55a53b8f4caecf9c7d0108032a3b92e6fee2209f,2012-07-04 15:43:55,21758,1223
2662dd8c79e13d970ad44cf449eedbced7598bea,2012-07-04 15:43:55,21758,1223
69a279256a3ae1b39eeb4b96fada8322f1517f0d,2012-07-04 15:43:55,21679,1205
6772812afff714fae23ef68911985d34b49140bc,2012-07-04 15:43:55,21601,1173
0c24c4143db419c1367dedab3c3f06b8e821b8be,2012-07-04 15:43:54,21601,1173
1e36666c699f1857c46d097a73e351947184eae4,2012-07-04 15:43:54,21601,1173
0391b7a2b97fce7ca00bb5a51610f0bef900dd28,2012-07-04 15:43:54,21599,1171
47fa69efff8bd775741b2a1c1708055f9abeddfc,2012-07-04 15:43:54,21578,1153
4bf1fd7de396c70b6ebbcf8abefde2f624f33e1e,2012-07-04 15:43:54,21577,1153
8efc7435bc48285f39c93f7212a650bab4943220,2012-07-04 15:43:54,21576,1152
bc53dc52f032590974d164f7c1be42161f2384ea,2012-07-04 15:43:54,21555,1145
8a46cbfbcb1f0c7ad24cb16eb5f38c2c6d9315a1,2012-07-04 15:43:54,21555,1145
2f41eda09f91e0eb77373e18636894ed38e6f872,2012-07-04 15:43:54,21535,1145
bb0175747ae930f0a1b40fabb0b29308fe506b2b,2012-07-04 15:43:54,21535,1145
c91ab9871fc29585e488a33434476dc00657775b,2012-07-04 15:43:54,21541,1145
653863e844f4b2afa790a2fce323d755937d8e69,2012-07-04 15:43:54,21531,1145
ce02c93d696444f0a35f6e4056c0365423d548ac,2012-07-04 15:43:54,21516,1145
723b3c3e4665a9b64be514f92e24b81cd9ec566f,2012-07-04 15:43:54,21504,1145
84e1111e531dc5f1fbdadb1765a74d3b7f529ac6,2012-07-04 15:43:53,21503,1145
db4081538575f6707cd32c8cfd13a3e34b7ee3f1,2012-07-04 15:43:53,21503,1145
1fac969fb8ac51cf893dbcac33e622a0b4aeda86,2012-07-04 15:43:53,21503,1145
7bbc307485b2289292c2f9e2004be876cfbd936d,2012-07-04 15:43:53,21412,1057
ee5dd6b4f986ab299cbb8c75f18646bd79e1425a,2012-07-04 15:43:53,21407,1056
3a6d80dd58ba1f0673d3686ba4d69ffe2b96e522,2012-07-04 15:43:53,21407,1056
ab0d422e8570a1c491d98add9463729a6e3088a4,2012-07-04 15:43:53,21407,1056
c450220b6539d13c2f92e90cc33b32f5db3bc406,2012-07-04 15:43:53,21407,1056
83ffd8b95a7c44a14a701c382e3fc86a2a27d571,2012-07-04 15:43:53,21401,1050
5a2d098d8f3f260ae1a4d86388edce3e20e1f37b,2012-07-04 15:43:53,21401,1050
fd00ab734dac51f7a716c78c6a7052f38a3d736a,2012-07-04 15:43:53,21393,1050
dcefc1b07df4bb5be30470e63c515400d578beef,2012-07-04 15:43:53,21376,1050
94076be12e43c62fc270c7c4d9956622bd5ebc3d,2012-07-04 15:43:53,21373,1050
fed59641d111b69ef58d7c93605a855d44568cb9,2012-07-04 15:43:53,21373,1050
ddddf595a3df0e44571b3d711167c85bd0354e35,2012-07-04 15:43:53,21372,1050
c3931bd807d81f25ca8f431b2e543f90ee610cc2,2012-07-04 15:43:53,21368,1050
a3a0d2bac1798b160fa2157712b3185c2d1b67d9,2012-07-04 15:43:53,21347,1050
21bb9d0cd78ef3b4d2bea74e689c480af22dc83c,2012-07-04 15:43:53,21339,1050
de5dab7d39036ad7731d612dae0949761c36c706,2012-07-04 15:43:53,21336,1050
b69fb00cad2c16de9b21469656921091bd3a89d8,2012-07-04 15:43:52,21315,1029
3a740df8d44fa8118938e6c7919624cdbf3105b4,2012-07-04 15:43:52,21315,1029
2721762918c72d9cd9ec375754e7d1ce83264fa7,2012-07-04 15:43:52,21289,1029
a5d31bc0a3c4e837011d3193bed4ee44d14fc814,2012-07-04 15:43:52,21289,1029
790d8d70fdf3fc31b825e7635dc09aaa42bda526,2012-07-04 15:43:52,21289,1029
391fd7b2d6f71fa4754d56610255e5fd1238f8a8,2012-07-04 15:43:52,21289,1029
f6ab292cb73733f5ad3a20fb1302fc93f0507e8c,2012-07-04 15:43:52,21289,1029
2fecd62fdddd8ae5310d3bf75b29e79ec1b2c6fa,2012-07-04 15:43:47,21284,1029
1a1bdf0a9d2851dc049ca684d30da83a87b56d2c,2012-07-04 02:40:03,21284,1029
445be8cc47b983733e3b6148d788bd9bb33f02a7,2012-07-04 02:40:03,21284,1029
8d03535c04e7f5f7a19a4fc8f11152124796184b,2012-07-04 02:40:03,21282,1029
6c7c8e5c12dc434ad9692d8cb40f5adc12ef3518,2012-07-04 02:40:02,21278,1029
dc015f3b01004f9f3dfbc614583ed3a2e9d06031,2012-07-04 02:40:02,21251,1029
fcfed85f572eea3fb32391b01fdf7e76136595c7,2012-07-04 02:40:02,21250,1029
8933e3d79272ec52a1581ea7fa0af2a406eee7d2,2012-07-04 02:40:02,21248,1029
9246a5666e87b547ed218985eb4951c5331fb8c0,2012-07-04 02:40:02,21235,1029
a2f551c3e00a81223e929b457c124ff4d9532830,2012-07-04 02:40:02,21235,1029
d226d2bb6c4dcdd50be94162c1a08d6eac3e8e0c,2012-07-04 02:40:02,21235,1029
67c5aebab8b90cdc9cf09a140c88310899469546,2012-07-04 02:40:02,21235,1029
646265a1aa0ec529ea11c7bccc9bdd0c50aa24af,2012-07-04 02:40:02,21235,1029
3944f9c0703b43f716cf64208cb4c0367254bd13,2012-07-04 02:40:02,21235,1029
a4bb8c43222ccbae4af5d250399b0ee31b75be16,2012-07-04 02:40:02,21237,1029
abd112d2b1d8b39bbfe2c4fd2fd8a30dac41fe5b,2012-07-04 02:40:02,21237,1029
461c6b05b94a6873fc999efe8c030c00286f5a31,2012-07-04 02:40:02,21184,993
ddca1089ea8787dd167ac82259fcfd312f3d914c,2012-07-04 02:40:02,21139,993
1982d5ab9efe29fb65bc22955e74a33455345a4d,2012-07-04 02:40:02,21139,993
c617993b824b0b886838cf179b5f9ff0c0cbb402,2012-07-04 02:40:02,21125,993
d1965b5a8e9d27b034119bf444efa19c5a3501ae,2012-07-04 02:40:02,21125,993
7bd88929472a9d311bd641ea3095a0db08f53e5d,2012-07-04 02:40:02,21123,993
8b5522c952d2a41a08c32006c9ee5a663535d381,2012-07-04 02:40:02,21114,993
4b99c77f5bfab2774282a10d761a416bf4f13b8d,2012-07-04 02:40:01,21065,954
c509033652cc499640be7ab188ac8fcc92116132,2012-07-04 02:40:01,21076,954
eaf28ecb47ea38f4587b400f98a554178d6eaa3b,2012-07-04 02:40:01,21075,954
32788fab457ab54a46c9e84588202cb337feb5d9,2012-07-04 02:40:01,21067,954
c05b1e7d638371e326e5a94f94557dabb651b32f,2012-07-04 02:40:01,20995,882
f4769c9c06ce889f40603d5d645ca37170835c1e,2012-07-04 02:40:01,20995,882
073022e4c7a26008fb6a6c28b6d42ecf7fcdfd55,2012-07-04 02:40:01,20876,793
a3aeab4e507a076b4e3ec24b97f257f4746b8388,2012-07-04 02:40:01,20876,793
3fbe5a436a1259fd8aed247ec9591e9a28256580,2012-07-04 02:40:01,20874,793
4ece0363fe8857279e2d7dd59f0d1b0674b5bee6,2012-07-04 02:40:01,20874,793
afe61e326a6bdd18f719d85b985b7d5da6935bb3,2012-07-04 02:40:01,20871,793
344c436c3c6cdf1ddc20b710a840759a24936323,2012-07-04 02:39:53,20862,793
882e5d155d0f1498836d98ed8aea1a3ec58c2da0,2012-06-29 18:28:12,20862,793
4f3b664d5997855553b591febef437f200e580f2,2012-06-28 19:11:55,20806,793
bb09a33fb621217d69d880f27829dfaa652e6958,2012-06-25 19:46:18,20801,793
6b320d759866f2e244c591cc888cb6878008bcb6,2012-04-18 12:53:41,20800,793
6fc560817b97579042c8045a60b4a54d5f179f3e,2012-04-17 22:21:33,20799,793
d4c98adbf567af31641e52ee997cc9c5ccc94c2c,2012-04-14 01:03:43,20796,793
820a0fdc50acdf92766a12c11d9af63ab3d48538,2012-04-13 05:57:59,20796,793
398c1a782a790d9dfaf47b9b6ebeb91cfc63f589,2012-04-13 05:53:06,20796,793
24d627ed0c6daeae01ce296fc39dbeb3798415a9,2012-04-06 19:26:06,20782,793
49c12871dfc32cf3ae9a96507fc1270736eec44f,2012-04-06 19:16:50,20781,793
834bfc2bee3fa80517df2e65972d1a7e5e666de3,2012-04-06 19:15:53,20772,793
06cafe3e07cd3aecd78bdf53c387328ba546da03,2012-04-06 16:54:38,20757,784
c7f75ee8678ce06b6432cea6bcb12c9d77017bbc,2012-04-06 16:53:51,20743,784
17a071fdca8fcb849a09f3e8cf817be9340fdf0e,2012-04-06 16:19:17,20731,784
41d9e912136cb36cfdadc01c10ffb8634090a3fc,2012-04-06 16:18:45,20730,784
0cf795cb5476016ed84f1559f92bbaa31c99c900,2012-04-06 14:13:06,20730,784
dad7b07a5d3f14fc0e14a72aaec457e097649f40,2012-04-06 14:12:43,20724,784
ded480c660da3a288f3a7e9e4e7773bd2a7cb2c7,2012-04-06 14:11:51,20707,784
e5c003efbd65ed754f1ab7d8630c4e5563f9514b,2012-04-06 00:36:49,20631,730
4de50265189ebd61c54e258a9d831f33b74912a6,2012-04-06 00:36:37,20631,730
58eec6587ff39165f50dab343a69f86a3dfc25af,2012-04-06 00:34:50,20596,730
e8bd7bfbd9c20c6fec17aaf3290cb0a1117558fb,2012-04-06 00:34:17,20596,730
e7dfc4a728e2e004b5dd0699fd3deef1c3f5c7a1,2012-04-05 21:48:04,20591,730
c3b16eceb88dd6ca449904c0052f7178f894eda1,2012-04-05 21:39:50,20591,730
c2b56c0d0bd345101729211362c04959d375534b,2012-04-05 18:13:33,20591,730
c161b140c263211abe81b2e1027bc559b4efd3c4,2012-04-05 18:13:15,20591,730
46e3965f2984f89136000a59b56ef559d6241113,2012-04-05 18:12:57,20591,730
d66ca6065789e0bceb20d1e877da4663b8508e65,2012-04-05 16:07:18,20752,741
47cf3ab96cca75bd9e478571c464331fc7bbdc3b,2012-04-05 16:04:27,20752,741
e077ab02d44aafaa34f7e665e1bfc13559fc925f,2012-04-01 15:10:11,20748,741
43c0c3d5769f858e9df7650fd7bce6f567204716,2012-04-01 15:08:57,20748,741
96fa7ba5a06573864adaa59542f6fe0187fb70da,2012-04-01 15:05:57,20747,741
3865f25c6dfc3dc8ccdf966d80880f25f49cbed1,2012-04-01 00:07:59,20744,741
1fb682cfda94e2e5302a4dc68697986c083bfc2b,2012-03-31 11:12:49,20758,741
6e437bc4e79b7f318ba9c91cddf7dbb1fbcfc21d,2012-03-31 10:54:45,20692,741
248c9b922e3809d23ca2a5fbfbb9480a2d68c085,2012-03-30 19:50:26,20677,741
58f0ee7f433f45c8157354eb685bc17a3f72ed92,2012-03-30 18:35:00,20675,741
c7d707f082df79a533c258bf739dd44075f7d7c4,2012-03-29 03:16:46,20596,741
c2bcace7be386f63a1e9831845d5b26e2376ea28,2012-03-29 03:15:22,20596,741
38fe90d837fb5921efb30b623767a6a5f7c82321,2012-03-29 03:10:57,20595,741
3f8616cccd624a502609301d2418324c24f508f4,2012-03-29 03:05:06,20593,741
1a36b0b66740ffdb70c5eeb353ae7ef287a6e6e6,2012-03-29 02:54:26,20593,741
ee5e1326f3dd41279031f0cc80883a2453f9fd20,2012-03-29 02:54:12,20590,741
a92f9a46d2b949aca4d472df90c6010cbb2aaeff,2012-03-29 02:53:56,20591,741
ab5ba65b0314240b3f266c4fb3db6a57ca616247,2012-03-29 02:52:44,20602,741
a1a4011d6d59bc66090980ccb3b7ae246e9766ae,2012-03-29 02:51:20,20603,741
f2cbb33a5311fa75407dcc16995d351a2ce0edcc,2012-03-28 02:41:38,20584,741
0f25dce3d8ecf1610287ee07e4bb1173d87a4f55,2012-03-28 02:05:27,20563,720
2c051bd82a56473529ee66b93ac290134253562c,2012-03-28 02:03:11,20563,720
60ed0fa17fdc90ac912b57e1d3d7ba889d84a8e7,2012-03-28 02:01:49,20562,720
ec6abf83c0a401e4f8b1a2101a743ccde1b6d655,2012-03-28 01:40:14,20562,720
fe50c84c822ecedada0a027c832b2e4c96d618da,2012-03-28 01:37:34,20561,720
1e894c47516a2b8ae15b513857dfd48b9caf61c1,2012-03-28 01:35:00,20565,720
3637e58452303ac240a91a81e1ed02f59b36893c,2012-03-28 01:33:53,20561,720
5a2c8f898b2709a97ee6a43fc90218c59e968b47,2012-03-28 01:32:56,20563,720
fabc37249f9c64565c8457971c88b466f9b8b636,2012-03-28 01:32:23,20563,720
00ed541b763d52814040f9540882ab19b17c71c2,2012-03-28 01:31:30,20563,720
c60e20c00ea95647201555305430413b670f171f,2012-03-28 01:30:23,20563,720
b6a11228096c8bd9e868ca0e115b7e69fa20f3ef,2012-03-28 01:29:29,20563,720
6d328bdec6ee69ef8dd5d68b1221f0e95b9f932c,2012-03-27 22:50:41,20563,720
96fdd241dc297552277405dc1e3989873d9b42d9,2012-03-27 22:50:18,20561,720
d0631e80071489dafdd0741f97594f63dc1eba22,2012-03-27 22:16:30,20519,720
4a969a481a7bf6702599c069f1a227c97bfffdeb,2012-03-27 02:29:59,20519,720
921d3c286a59af6cb3e09fd411fea03a3b2bb109,2012-03-27 01:37:34,20519,720
a081992147c8c3447865905e3e10c042c3cdb130,2012-03-27 01:36:35,20519,720
91d668c362c8eb0335aba59618d7dc6ceb47a2e8,2012-03-27 01:35:37,20519,720
705290601d17051e8c9cb88626084cc22ebcd32e,2012-03-27 01:32:06,20517,720
2e5cda32dc05dc43b6b5760de1c88f6f58a6b107,2012-03-27 00:47:15,20503,720
41983a84d27a5996eb9dd5719c3f08180bc7e51c,2012-03-27 00:47:03,20503,720
f263cfb0fb158f3b66bda1ad19368df8858a2e63,2012-03-27 00:46:34,20481,720
4204e95ad1d4f55a816d401ab5f4ee70c0d7cd4f,2012-03-27 00:16:50,20487,720
5f2c8e07a63eca2068245ad2ee54ced4129b5067,2012-03-27 00:06:58,20486,720
88997804556a50311aa81cd786ac74c4774c8aad,2012-03-27 00:04:56,20486,720
2b6459fd20773d0c93bd0c174d6fffe545e1ee43,2012-03-27 00:04:19,20343,720
1158df2eb6b2a16806d279b70ed428f346c443bb,2012-03-27 00:03:48,20342,720
6e26f710512be8a6b849b6984a2edd965a4bd89d,2012-03-26 02:55:33,20340,720
ebf6ebd93c37e5c5873a463e013cee225c826027,2012-03-26 02:55:19,20340,720
1b90c4c1b446a897a45b2d4ac2b3dfbfb0d03e9b,2012-03-26 02:24:19,20324,720
3ad27150bfd27018d077e95d19841339cc912041,2012-03-26 02:19:39,20323,720
65a6f62e8aa6ca65f30b88fe5efcd1f4c48df9b9,2012-03-26 02:01:10,20298,720
052c5163e328bbc0f904a7034e008dc8fcce942e,2012-03-25 20:19:09,20296,720
e67f15db6ff341e466d50aca39d3f92846a2d0f0,2012-03-25 18:51:22,20297,720
24368d026d23e09f457b28d26147bcf6efa07f9a,2012-03-25 18:29:06,20159,720
7ddc08c50aef53c4e8c3bd48c97cfc720ceb5782,2012-03-25 18:25:10,20159,720
73dee4ca290e901dc96be4af58d3af8c0f8366e9,2012-03-25 18:18:14,20158,720
e8f4e69610f184a014a8393236b7c59a924eb494,2012-03-25 16:33:27,20151,720
b7fcb96ba34a6a4f080f8e90b2aa075e4f5ff468,2012-03-25 16:29:02,20139,720
085f7430edb62368d22f54032287c503d9458981,2012-03-25 16:28:46,20139,720
9f47a5e5efb4e4c7cff913b424a58c727eeff771,2012-03-25 16:22:50,20119,720
e16acdafc88cc029c9f4c21b1b06842e85e91ee1,2012-03-25 16:21:47,20119,720
66bd0ebd82c80cc60ef2b6b695fd88463c0e3870,2012-03-25 16:21:05,20109,720
4b0212d24a10a2d6f09ff7292b012e96e988e60e,2012-03-25 16:18:34,20109,720
65c680761eb879f3e2cc33a77b34414e03924a6c,2012-03-25 16:16:28,20109,720
9d07c9e2c2c08b7fd8dbc15f59cf8de73f7d8065,2012-03-25 03:09:33,20109,720
a4b31b0f3aaecec0367cec495c577a0ba6167a7b,2012-03-25 03:09:33,20108,720
f8db8d7d9385ca00c20fead3cf6538581707365a,2012-03-25 03:09:33,20108,720
5d7cb59ed6dcd57b1b0dda673203ffca1bb1dab8,2012-03-25 03:09:33,20097,720
38dda3d083886938683117b1fa079c7219b8c424,2012-03-25 03:09:33,20027,720
e4d32c3108e7637b8c38811a018dd353565085c0,2012-03-25 03:09:33,20025,720
2c5e8c5c6a0667c7585ccd2cd28eae305f099de2,2012-03-25 03:09:33,20015,720
80fe203b3d3cbd0ad0ccdf1290308e6333e29473,2012-03-25 03:09:33,20015,720
5bd33a282fb36317f42745d1d86d61a1ad148a45,2012-03-25 03:09:33,20015,720
8a15b5bd3127beb24e275d2059211663750979a2,2012-03-25 03:09:19,20002,720
c7ee0ab579e03c8cb41a4901b4ca6a73e89163f4,2012-03-24 12:26:34,19993,720
85cb8fdf8460da58eeaed08a02a4f729ac739cd7,2012-03-24 03:37:22,19974,720
e17f4bdf45ff8be27efd57ebe6efffceed11fdb0,2012-03-23 20:01:30,19944,720
373f71ed9d5ecee121c9f1d7ccca759d1646399d,2012-03-23 19:58:29,19944,720
c917edac85ce07b3d69345f1d5557596d64b3e73,2012-03-23 19:52:02,19943,720
6d407a1b8c39584d2455f686424db74505edb0c2,2012-03-23 19:51:06,19943,720
59f8578f3cb54533bd58be0418a7e1346e97119b,2012-03-23 19:13:17,19943,720
1599f6256a6a56e0c8e00403548e11fbca25033c,2012-03-23 18:49:46,19947,720
5bdb706f4bc79291a80a21a17fc1466e7a761c54,2012-03-23 18:32:38,19913,720
d0831adae1c2b3034c8a4aa0c9d16f02977c7845,2012-03-23 17:30:53,19913,720
cc738cce8e8f326edebff0504454a6186c73cd33,2012-03-23 17:06:15,19913,720
b633cb700c048f5e030bfc818a8c48bd20ee72ff,2012-03-23 12:47:07,19913,720
9e7d9fe6c01d868897e2ae5c0f8340f68ee9dd8f,2012-03-23 12:46:20,19896,720
1bb1604c111c2a5543d0a70649bfbbce20b3d861,2012-03-23 12:12:55,19881,720
8d9506205fcf36d65693e646f628bb501d877de7,2012-03-23 11:52:36,19881,720
e991a8f1dce8c255836ae40ae522f7f8589cea89,2012-03-23 11:51:38,19885,720
2b199e7a4e3482641a1db95c8058978fa0662685,2012-03-23 11:10:28,19862,720
9db13477eee4154b691f74bb3041022abc3a00cd,2012-03-23 11:07:51,19862,720
f8d2662e09e62f760d363ffeb66e6923a4cd6206,2012-03-23 11:04:50,19862,720
2d532cfb99accf60c2081a56fcf8a4d3b77e9eee,2012-03-23 11:03:52,19860,720
02268e2b2616420ba5bd662f8b656199694900a6,2012-03-23 03:27:06,19852,720
a50c1ce392ca67a23c0b8446f7c6c095343f1466,2012-03-23 02:49:20,19837,720
44004c596f6c8d22c4069171d34aec9407e3ce69,2012-03-23 01:25:36,19836,720
cafc7f3880dc10bd8005ea8d1795113cc7af8e0c,2012-03-23 01:08:11,19836,720
9905fa69cfe75ec0c9c2d50c26bc0d8844b9b35c,2012-03-23 01:06:16,19835,720
31645cbeeab600bc3e1e1f5611a80e121ab2adfc,2012-03-23 01:05:38,19833,720
bf13f7a19196ce4672cefb2ec2fb8c7af3fe517f,2012-03-23 01:01:22,19833,720
03814fb51131d47f82a20e60905674c4dd0f9cb6,2012-03-23 00:59:13,19833,720
268faf96ef5db71fafe191d2c9407b0e1c7dca72,2012-03-23 00:59:00,19656,720
f6051b6e3e90235b69a09317f09877ced95fa5b9,2012-03-22 21:45:09,19661,720
9c7fd5fd7e5544a68dc0001441943d6b5a9a48ca,2012-03-22 21:41:26,19661,720
edc321331c054aedbdd6c560350f6672cb0d43b3,2012-03-22 21:40:33,19661,720
0754a6be79cc74324bc89e487db89227781b35b1,2012-03-22 21:38:34,19661,720
09f241232147f93bcef4898015bba890062e2222,2012-03-22 21:18:47,19635,720
e0fd0ca3e8071ed6c18de5da158bab75028d9a1a,2012-03-22 21:18:04,19635,720
3ee5173bd13ca184ff537365c5218e1b0f51263e,2012-03-22 21:17:01,19635,720
8662392486cda55446d1ef80508aa1e6cc744ce1,2012-03-22 21:14:56,19635,720
e5fc6c6d7d028da6056f214f028f0c8be7d017e8,2012-03-22 21:09:53,19633,720
01169c48f87cd19cf2ccc1ea144ee96f6d5ceccc,2012-03-22 21:05:01,19677,720
4514d5966a9562b7a452f4286f80fb6ad1882428,2012-03-22 21:04:20,19677,720
d0634e59b479377ca55aff10d8a0baea361c74f1,2012-03-22 20:35:47,19677,720
140c0e8aaa998b3d6082c131623f1398d11350c7,2012-03-22 20:34:05,19668,720
5759026d433f6d07b02cacf998b4f28f2938d179,2012-03-22 20:29:53,19668,720
d7bc705bc03d66b99144ac9be45fb5096bc89961,2012-03-22 20:28:43,19663,720
743591dabf6cbeca55da910c3d050d81678af168,2012-03-22 20:28:03,19663,720
a182f18cda392953a1668175652003271b832b85,2012-03-22 20:08:55,19651,720
0386eb2d2ba268466b92dc096426309cdf6f5c06,2012-03-22 19:41:38,19655,720
e8a0aac1740f5c46827110237b84079940e7ef92,2012-03-22 19:39:26,19647,720
81360830c758c479331fc2598ca21474ab367b58,2012-03-22 19:29:30,19669,720
98d482dd2cfc024c7d95cb809278e1d88b98e0b4,2012-03-22 19:27:43,19672,720
a0535fb5f321fadac841e7c0212fbd78d15eee03,2012-03-22 19:25:19,19672,720
f4abb0d040064d5eb5224ac4978ea7eacc2c3a94,2012-03-22 19:08:30,19684,720
4d11a5f8c24357b6eb9b8b44398c2e53ce28848c,2012-03-22 19:06:40,19684,720
07febf8040340a29d1bd185c46780c065cc090bb,2012-03-22 18:46:37,19658,720
110142129e4fa15e0964896320335d85b06fffa1,2012-03-22 18:36:31,19656,720
5f85d55e712e29e9edc83720c2d02f6998aa0d14,2012-03-22 18:34:20,19656,720
dc3d2e115cba5349f0f71d8f5b6e8585633bf7e0,2012-03-22 18:29:21,19662,720
6979e921504c1ed4b0aaf407038c535484945ec2,2012-03-22 18:12:03,19593,720
f9af350041f6bbf51958a5ed048941bd12e55fa9,2012-03-22 18:09:18,19594,720
b70a53dd7f0880408e24eb41a0be0b1a69047a77,2012-03-22 18:00:42,19609,720
5858126913a34e07badc09a6fc6f397aaeeadc08,2012-03-22 17:43:15,19602,720
1056bd115ed6e4707fa68b4212da2e4e4e760bc2,2012-03-22 17:43:01,19578,720
b57cd10366221d156194c772cd1c693cc5600bd9,2012-03-22 17:25:36,19571,720
e9b255c3737dc33cbb34b3217c644d249a8eb642,2012-03-22 16:40:29,19594,720
2f63e53b59a5e9a7d217ff21d5a928d8476b7947,2012-03-22 16:35:48,19593,720
d934dac6ad825da2e112fc2cfd0401b8c58b4c75,2012-03-22 16:31:19,19593,720
1553604f2a56e2da20153fd89de8b9037a82061b,2012-03-22 16:30:09,19595,720
3eee370e3f646cf911c38bcfaf4ddaf72a7ab780,2012-03-22 16:24:35,19569,720
2683ba15ca74b28eff6c5a7116727d8370e05d57,2012-03-22 16:24:04,19567,720
69b48d6a6ba047d8852afcf25cd5e05bcc62e19b,2012-03-22 16:16:36,19564,720
34d3fad98aaa632535dc09767b0a882b48672805,2012-03-22 16:16:16,19563,720
5c04eb8cded6769d3391ee55ce48a2eb0e363252,2012-03-22 16:15:55,19557,720
9fe0fa7e42928bd3ba2ac7093a4a023b91d917d1,2012-03-22 15:54:14,19550,720
23b7f3551e85e15ce96861ff406c0393a1164de3,2012-03-22 15:52:46,19550,720
6ea969dc3a512ab8aade830d0303e46db33b04f9,2012-03-22 15:50:58,19550,720
2f767bf60d1336f8e1a1cb432d5c50c349d4fb1f,2012-03-22 15:38:05,19541,720
b2d3bcaa4b7d94b7c040c8671d26d8c2d1416f1f,2012-03-22 15:16:35,19488,720
8e7da8cfaa3b8e36fce5465a58a7d994352d070e,2012-03-22 14:55:33,19395,720
8cb9799279208ff399cd0489be8ebfe598b9f54e,2012-03-21 21:29:42,19401,720
5bcdf9d36217ae86c8619fbf30b12949e5660d67,2012-03-21 21:28:46,19401,720
50e170ce7e4a68e897edecae028923f8a9765433,2012-03-21 21:27:46,19401,720
f5886339452b507126159b003ab88649754ea2f7,2012-03-21 21:25:20,19401,720
14a950017ac7aaf3245adaf08fcf4c7dd0f889f6,2012-03-21 21:18:04,19399,720
4e98a37674f7235544d146b03dc87ceb367a38c9,2012-03-21 21:02:54,19313,720
2466ed5b9506c0018f1f67f8e71dee92366dee69,2012-03-21 20:43:58,19310,720
03e821a58c6b48d6070556cc072c31f290efb4fb,2012-03-21 20:42:40,19310,720
c146977144973df9eec5470b08b8de9fce738bfd,2012-03-21 20:37:02,19362,720
4cbf0ca897ccc42838de346e81d54f4b05a01fe0,2012-03-21 13:55:08,19377,720
6fc8bb09d9885fceb93bd2ab2e4149d4b9e32252,2012-03-21 13:51:29,19377,720
baceff57ad6b6c22520f1ce0229881e7643dafec,2012-03-21 12:33:38,19377,720
379c4d10c187b5c1ed8c3d79d933129bd7a3edd6,2012-03-21 02:24:36,19370,720
8960a36eb03b9fadf3c2896408200c1e62878250,2012-03-21 02:23:54,19370,720
251b9bb68dc79f65732a5bbf33adc7559adcc3b1,2012-03-21 02:20:41,19368,720
60c9ccc89b0533986c66d84e80a923ed839d91a6,2012-03-21 02:18:35,19368,720
f2011889a5420dbfe21bb23de15bdf6709419d55,2012-03-21 02:11:54,19366,720
449fa77e91ed3674116bd61e6a2a0ba186503e47,2012-03-21 02:11:47,19366,720
30256657d808c4131c1491dc30bc3e5b35f29d7f,2012-03-21 01:38:11,19362,720
591e94682130c9fb6ad9650d44d286d9ef040684,2012-03-21 01:37:02,19365,720
eaba611398e58e61321a555854a7f673549f3e4e,2012-03-21 01:34:17,19359,720
a71678a3e436f30e9e5587c0f734b82277ed7d48,2012-03-21 01:33:48,19355,720
76185c01b4ed4326c1e83a330105dc226d880128,2012-03-21 01:29:28,19354,720
84f1a8c90af2ee6950329a2ebe0d5cf3bda43b2b,2012-03-21 01:28:30,19354,720
c5e00fd572ceae79e70bf579ae887a8417156323,2012-03-21 01:15:23,19354,720
425b5b17846f0b6d6449f3d8e0a80977a7a9371b,2012-03-21 01:10:44,19418,720
aa3a9e581395ed4a418d6e218bb7cf9f4c4c0533,2012-03-21 01:09:59,19425,720
e5f437ac296a607e6420342613f933753689aa98,2012-03-21 01:09:33,19425,720
c93d191ebe9e3560e3f9fcf0fd9fad6ffcdd0d7f,2012-03-21 01:08:37,19435,720
6164340fe78fa985bee7ca57837f5c551fe6da14,2012-03-21 01:01:48,19447,720
e496017eb8e43eb11742ace6a03f9c0ed1565fc0,2012-03-21 00:58:47,19460,720
ac21a5dd928d7514c6b3f39a01adf2c5045a4f16,2012-03-21 00:58:12,19459,720
ce0189ef61904998f0b7289d459081d976bbfcf0,2012-03-21 00:54:39,19461,720
8c60a7586d17a371ef492f821d1a563caa7b9ad9,2012-03-21 00:54:08,19440,720
a18ba15819cab10677de30b14793f94e0354ce1d,2012-03-21 00:53:33,19438,720
1726c021a6f3133d3c243659f04fec967f90db7d,2012-03-20 23:28:34,19431,720
463107079d97f395dac6702a8c86f6a98e55e42a,2012-03-20 23:04:04,19422,720
e3fbf9b690ed65b219c465e977079b24abf03e88,2012-03-20 23:01:45,19372,720
0229e72871e6eef302806bb9c58aeaa91250b31c,2012-03-20 22:58:33,19371,720
4122bea0d2c58a7027aca1048de8e1ef159872e4,2012-03-20 22:57:32,19371,720
7be12e79b044a18521ed29a8fa1bc91a44982df5,2012-03-20 22:47:28,19355,720
9afca5d9aefa9756399a08af81d32d16a9c720e9,2012-03-20 22:45:51,19355,720
5bb0dc6d60b35aeba251204df409f04af552c29a,2012-03-20 22:39:37,19351,720
3f07b9da624158d981ab5938c9d0bf1b51d5927f,2012-03-20 20:57:39,19352,720
8e5a86152f183cdfe31dacda51b7e83131089cf0,2012-03-20 20:47:24,19392,720
6961f430e45f531e37bee5d6f67c8a6abbf93e07,2012-03-20 20:47:04,19392,720
bed8f32e066c2a217f30da39ec03166c7d133d50,2012-03-20 20:43:24,19388,720
ec0342aee4d19a7ee8a9b43db3d2b7c4d3d8f5f5,2012-03-20 20:41:29,19392,720
ed6e9f12ba00981c3a968050616aa5e49456a64b,2012-03-20 20:25:17,19338,720
d413d55be8f58e915e40c9d897a2300f2acfc0ba,2012-03-20 20:24:53,19163,720
825712c38cb830e99f28855127f0e81ce8a57064,2012-03-20 17:20:43,19152,720
48cec610ab1166baced56914ecf705c7a7900882,2012-03-20 16:27:59,19152,720
0e67d4c731d047c15f986ef3eec17578530a85c1,2012-03-20 16:18:25,19153,720
bf88fbeb19dd742fbf61fdc853edebfd0f37518d,2012-03-20 16:17:49,19153,720
c97b5e0fcd7317092baad68516fa71224191dc24,2012-03-20 16:15:28,19153,720
678d1033bdde2fd29a6111ce0a0d7deef9976d0e,2012-03-20 16:11:12,19168,720
f7c2f501f6d0af3ba0e6795bdb0133f173cced9c,2012-03-20 14:09:13,19170,720
bfd4630740bccb67650d4177941c05b902e61c79,2012-03-20 14:07:37,19170,720
19675e0936e9e99328cd7ef56b3ee9087e87eb94,2012-03-20 14:07:05,19170,720
6d9005dc79e09331cab4bf86471c3c7fb506fd64,2012-03-20 14:05:25,19166,720
8e1ae7430f4ab710fde9a960b4e7cb6aedce7d00,2012-03-20 14:01:51,19164,720
2622f7bd8e5be76375b95ebc4a4ef1c9ba6c7065,2012-03-20 14:01:19,19160,720
dea2db7d7fff57c33903d6219b4c056347f65c96,2012-03-20 13:59:43,19158,720
2e59c0577494a5eda20514c14435cd4846e25351,2012-03-20 13:58:04,19162,720
618f76bd1aa646bb0dd50864eadea33c29fa57fb,2012-03-20 13:51:53,19158,720
a167b634af01321936722baeb0baf2537fbdc0c9,2012-03-20 13:44:02,19156,720
5d9de74b010858bc6ca9c34b419b1b0a6cc48d41,2012-03-20 13:40:32,19147,720
46c8f4ac1fd7368939be228d84e138cb8e2328d5,2012-03-20 13:40:15,19145,720
f683ef951c44fe1ad94d618f97878d8452100e6d,2012-03-20 13:39:01,19143,720
ee19952e7a690c27ca83b9c5917c5918a7d70bcf,2012-03-20 13:36:42,19143,720
f353857dcff659f6681a2d73a980a1ca539143f8,2012-03-20 13:36:09,19141,720
eb0df14e7c3ab2097982e614f74f5b29bd0c5657,2012-03-20 13:21:37,19218,720
aa1ef8e55dc30e6ea7e3fd966aad5b3bc56145a4,2012-03-20 13:16:06,19217,720
f1471571a39940c5278ba6d81f600d9e550adb8e,2012-03-20 13:05:56,19215,720
1402ba38ce11b94b7b50254852009afb2196efa8,2012-03-20 13:05:35,19215,720
e84c2f1320372dec4a40573d03e395b6679164db,2012-03-20 13:04:40,19215,720
89ccb3eb74837d089a82ecf02e3d6b7444657c0b,2012-03-20 13:02:29,19215,720
d7920eaabac45bf9207446a0ea7d54e191eabd11,2012-03-20 13:01:05,19216,720
8f83f855c070ca98caa1e74cf8003120da3cf789,2012-03-20 13:00:25,19214,720
2b76fd5dda2a8d3af8eee6afb32fc4db9add316f,2012-03-20 13:00:10,19214,720
7e1323fa4abc0af3841b2f701926a816edd0f189,2012-03-20 12:56:50,19212,720
6b1f6935d7742ec1184c49423de8d95c869f2310,2012-03-20 12:56:10,19212,720
c4c7da41a8b75e958595ba759d93b653adfa43f3,2012-03-20 12:53:47,19212,720
1203b87e758e1c18ee87c8369bd96729ab11abc9,2012-03-20 12:53:15,19212,720
78099bbbd2e1602725008aedab17c8eee7105b12,2012-03-20 12:52:50,19212,720
b4289ef45a17d35fbbc505f4f2344eedb0fa1a56,2012-03-20 12:38:31,18954,720
1be2e7139e27f7b73b59e651186970c4a4df9ed1,2012-03-20 12:37:33,18954,720
add7f0635849d3a3106a7eee8ed705808132526e,2012-03-20 12:36:47,18952,720
fcf6e67799d0f9eeb92dccfa646512ea7336c136,2012-03-20 12:34:59,18952,720
335ed297ac8470fd0cb67ce89ba5f5a56404d2f7,2012-03-20 12:34:35,18952,720
29a06f8d71154098be78a3dbc28438bc386024b6,2012-03-20 12:32:58,18952,720
7e13cf48fd51c8e496e4bd5e315827e2248d8d8c,2012-03-20 12:30:46,18949,720
9e294b7f4fa724146a654d15cbadb118a86462cf,2012-03-20 12:21:17,18790,720
f5bbabe64b12594754b82846b155579edcbe7744,2012-03-20 12:20:37,18790,720
ac14addbb39f61d0355f64f09e5dde2e00d56d40,2012-03-20 12:20:09,18790,720
a639d4f94a6896fdab19f891fb54c2d342d74300,2012-03-20 12:18:23,18788,720
98fc55e65ecf3210965e837515acd5b7e7049236,2012-03-20 12:16:37,18788,720
53b9fc136f613f55f542dbcda11621a42841df30,2012-03-20 12:16:01,18789,720
72786fa980a6f53d270b6980415d0001c4afb215,2012-03-20 12:15:24,18789,720
51393d86f3249d9d079cea9be0e1b5059efdaf56,2012-03-20 12:13:49,18787,720
2bd055e6259a9d6b74c07bb87e524f1b08e2c546,2012-03-20 12:12:26,18787,720
c746fbb08c7cbc15a01b5e3bd1eb4f1b81bdbd2e,2012-03-20 12:09:45,18781,720
10cfd4663bf693bb338ab09f17212801152ab669,2012-03-20 11:13:30,18736,689
4e02a4e0f25ed61577c88fabe998e5bddb25f64f,2012-03-20 02:44:21,18727,685
350be064d77297a477440cc7cb34fe1db467487b,2012-03-20 02:41:27,18721,685
ec4e75d3ea67d474d7638ad08fff676bce5c67df,2012-03-20 02:41:23,18710,685
403f66562acee885b842aeda0450ea14a79663a3,2012-03-20 02:36:07,18710,685
1b08728834962a35695fae5ffc81d7b357c1f220,2012-03-20 02:35:59,18667,685
27ef83653f7f395c82f8ef4c0c4f35e64c79f3de,2012-03-20 02:10:38,18641,664
50b31212f217f4df9c190021d7f648f227db8ca2,2012-03-20 02:10:23,18641,664
1fc4ec2ed339f6c27ceb7e39e821e97a17f9b0eb,2012-03-20 02:09:45,18641,664
d8f4bcd29cb1b58400be6fddf586800f07b6c819,2012-03-20 02:09:11,18641,664
fd871d2eb13bd3595937852c8e5c53524bd501fc,2012-03-20 02:06:41,18641,664
0651f7c20df9f2fc00bb7248b86d49d526a5f989,2012-03-20 02:00:14,18637,664
6f02aa2388eed890c8834521e0e9c733bc42d22d,2012-03-19 23:29:40,18628,664
62a362fda2ebe5e93483da1f668e4db1850e646e,2012-03-19 23:28:51,18634,664
de9d1ae03eeeff10af29b47351e4661ed6aac842,2012-03-19 23:27:56,18634,664
7a71c428670b839fa135fa88f297a32f69ede1df,2012-03-19 23:27:00,18633,664
b72e4cdf5f441bee05de64e1d2afd45b6d364e44,2012-03-19 23:24:28,18628,664
c5d8fc51abb01c3320852a12e00fb6c89c6a37bf,2012-03-19 23:19:03,18630,664
8a2e5c34526d4ee0b9b841b9a342c014d7f0ecaa,2012-03-19 22:51:45,18573,664
81d0d975799c44ac4cf1298fbdc9c7cb2858f70c,2012-03-19 22:34:14,18572,664
21589336fbf6579cbe7d492c8b0b4fbbd2ccc450,2012-03-19 22:27:44,18568,664
eaf4429e68389a2c680c9b2c3ae47c2120bbf7f6,2012-03-19 22:26:53,18564,664
87717184afa22d1436dc93cfc6884104fab758ca,2012-03-19 22:24:20,18561,664
bd929a353fbd661d9fac6cc463297bc4e5c933b2,2012-03-19 22:23:54,18561,664
d185b1f44dfdcf8e5cb70937580d354291aefdbd,2012-03-19 22:19:46,18522,664
b744b4e6ca1b0eff720a79b283a7c8667515b618,2012-03-19 21:53:07,18519,664
e03cb7a73a5e7253227eafd70e685993d15d5525,2012-03-19 21:48:22,18508,664
cb7a64a7c60c52c7fa671a65d3927fdaebeb955c,2012-03-19 21:44:01,18508,664
5870cd6b27953872d60a835d0ceb116b340376a4,2012-03-19 21:36:04,18505,664
48a8956f00edb7b3d9420750166ec0193f998445,2012-03-19 21:35:47,18505,664
b60dfe1401964df1d88953f5b491d70b93bf4d73,2012-03-19 21:34:30,18505,664
18e3d0375e62ac4785758f01e9d1f85216a95897,2012-03-19 21:33:20,18505,664
3ee851633138e86388571c881d7b7620dd6a699d,2012-03-19 21:22:55,18490,664
02fa6f22ae2746ce91f2d12d713befebaf870d33,2012-03-19 21:19:01,18481,664
e0bfa0bd23e5d9ee3ebe0def9af826f7af2b9302,2012-03-19 21:09:27,18478,664
d5dee5210f4188b1c758b4ced6fcde8b0a624fe9,2012-03-19 20:59:11,18478,664
4aebb8f2935a65610d16a04197b0513079591e78,2012-03-19 20:52:56,18477,664
f74b3f207c7a446cf7e00fdb569249112e628cc8,2012-03-19 20:51:04,18476,664
d5405a49a3c5d372dc0e1cbb20fb28a902225ebd,2012-03-19 20:50:08,18476,664
62a16c0911b066c5c454d8c961e660bc20422a38,2012-03-19 20:49:41,18476,664
36cf50744536fdf45f1dccab1ffc60480c87fed2,2012-03-19 20:47:55,18476,664
148d6ee68d1a1960458a6f99b7e28c40d55c56e5,2012-03-19 20:43:03,18474,664
2e6d2f75723ad15d314c11797c54c8da70f4b788,2012-03-19 20:32:01,18456,664
8e385e24505db970e9b688fd6c3f2c5694f92507,2012-03-19 20:31:28,18462,664
323e9ae1f8c09389204a67acd06cf6d64f64ac1a,2012-03-19 20:30:57,18466,664
6a891d1ea52997a7acbea879790901c2f2822fa1,2012-03-19 20:30:14,18462,664
fd452388dbcd2f727faa8785940c626c250fcf7a,2012-03-19 20:26:03,18448,664
82a6799cdf609857710b26e3a0e6b9764ba50ac3,2012-03-19 20:24:11,18448,664
5be5bf327af08a652085633c885b532d0119faef,2012-03-19 20:19:10,18448,664
451428fd36e7a3589056608536560df31ec60e5f,2012-03-19 20:16:26,18440,664
cc0891887a707388091b3d28cff6b4e6bffe0698,2012-03-19 19:59:12,18423,664
9a0833de75a6f7bc4e447e5a3830bb1c848b809f,2012-03-19 19:58:06,18423,664
5c469024fc623def6afdcdd0870664983ba6bbdd,2012-03-19 19:57:26,18423,664
5dacc941d9eb10ff71411858b05a85ce7dfd055f,2012-03-19 19:56:31,18419,664
e2bebb66b034a405b88b2c8b3438088db68efd8c,2012-03-19 19:50:25,18407,664
16c967bdbc3f3a1cee7fcfafef22b669853dd29b,2012-03-19 19:44:51,18401,664
b2a86d8788678c61f80640d0a6c9e4c119b61a7f,2012-03-19 18:06:35,18400,664
ee1939e910e3e2f9d3a5a0eff15e9a2fe36681c7,2012-03-19 18:04:56,18400,664
c8e22b44bf1f4dcc04d9f29f3835da1bb3e6fd51,2012-03-19 18:00:29,18371,664
5b73737344882cd876b03e4c55cb31a796fccb3f,2012-03-19 17:57:53,18371,664
5a414664490e33929e1a0bbd994c18cfa0d22360,2012-03-19 17:54:43,18370,664
99525fc57825cd004a232fc9d671b77ea6fb6f66,2012-03-19 17:51:08,18370,664
6ea2db44e31c9f7d4e981389fd78c53646e0d620,2012-03-19 17:50:46,18370,664
31950ddd90e861d3ab142e292f711ba4728de9ee,2012-03-19 17:49:41,18370,664
fd855a6ca9e077b2c3707622fb6472ea41607039,2012-03-19 17:48:50,18370,664
34274e30d6a54cfd1b89f0343229543d6885051b,2012-03-19 17:44:52,18370,664
b260167c2632c7b6ccb9d616f3dd7020c0f66fcc,2012-03-19 17:32:37,18360,664
80581c2026f144e976b4c5e8a1e1f76609773ce0,2012-03-19 17:31:16,18353,664
0e2160ef9d346168e883a747c14754a3e103f2fc,2012-03-19 17:20:26,18344,664
fbc0986685366245c60069ff6133ef986765c3b5,2012-03-19 17:19:40,18344,664
f53111301dccdaa94498b5afdb37df2944bd32c5,2012-03-19 17:15:39,18344,664
ce52f0b43e20e4d5aa9e867f3b98e42be8db9845,2012-03-19 17:08:23,18334,664
29b12b9612810523bf680c9716c8b278b5358fde,2012-03-19 17:08:06,18336,664
48bcd44140fc1d43a43da9e686bdb7fb9f4d85b6,2012-03-19 17:07:33,18336,664
dbaee9c8c81242e977a764485d036fd55cc5a148,2012-03-19 16:32:17,18333,664
6812b292dee3a9fc22c5a8a6056c0f024c293975,2012-03-13 20:32:11,18233,664
6a0554323d1958334943b64ed84c44a423270828,2012-03-13 20:29:57,18217,664
49a4ba0147f37aa1c148816496c97861ad7c362f,2012-03-13 20:29:53,18217,664
761be92e9e437ceb46cbac220b733f042aecece2,2012-03-13 20:28:01,18201,664
73ca1d8fe4fbd48cf5da3a5e585b47e7febfc5d0,2012-03-13 20:25:56,18201,664
3dd063c136387a37ed3642b94c2869ed55096d0b,2012-03-13 20:24:54,18185,664
337a72522b032078de47ae51ac90e853939ba7f6,2012-03-13 20:21:57,18185,664
ed3a2e147c1d1fb1d7da48a7d94ccca63f301cef,2012-03-13 20:20:19,18185,664
4b32daf00a0c28f2a8095351223003867dfc15dd,2012-03-13 20:19:19,18185,664
ecd85d13e42c9497ac3a7b01e1a9242fc9b80301,2012-03-13 20:17:37,18189,664
8806f987d6a283015525b2e860cd350b5e6b3067,2012-03-13 20:12:59,18167,664
f185115119894c9d8a56aa5bd7c043031854e9f3,2012-03-13 20:00:25,18168,664
a895117abcd5a92dd61cbacc7057681b451f7865,2012-03-13 19:59:18,18166,664
945f8529c7caf1f708e9b9200b2c5d23f28851d5,2012-03-13 19:58:39,18166,664
a07977f12ede5dd68e1b6df61bfa83385382f57a,2012-03-13 19:57:23,18166,664
b389bc545db0f5c795b0fcc8b2c3cd6f5d5e2fee,2012-03-13 19:55:56,18166,664
4ba671a7ea226a5cc8762eb456f85073f60e79e6,2012-03-13 18:13:07,18135,664
20bfdaa92d62c5af276be9a3bc96b262d9527306,2012-03-13 18:08:55,18135,664
24f2be15394f68c03051febd9467adb3095efcf0,2012-03-13 17:58:57,18093,664
ccd251c5fe5d619aa97905e2e857bb82590f1243,2012-03-13 17:55:21,18093,664
7ab0bdb2e9d731b3d14e20f5eb6ecb10c6659c9e,2012-03-13 17:51:15,18093,664
41260c3d493c18df1ce471792ce647a7fd6fe9c3,2012-03-13 17:44:55,18092,664
2615d3411cf807c9eb93f17c480a10b31fe3250c,2012-03-13 16:58:18,18073,664
bbdf8428cb50915355722ea3dc34d3ea54fc3598,2012-03-13 16:29:52,18072,664
c80150205c24fe860c1269fa806cfe25bb7bd371,2012-03-13 15:46:25,18073,664
cbc4fb34d0e56ca2fe783b5822520df59a15d542,2012-03-13 15:35:29,18031,664
430af053e028fee779572851ffc24347a2bbdabb,2012-03-13 15:32:49,18081,664
2aea4e02f826743bbf10685ed76d6191bd79c945,2012-03-13 15:22:44,18081,664
95c22c1b60a76eaeeec171b2014692b415a2f6ac,2012-03-13 02:53:51,18061,664
fef06933f2e5f8db75a9816dc1bfaae773f79983,2012-03-13 02:47:21,18061,664
67cc5db19143c313c548827c8ea32d2c7af6f6a8,2012-03-13 02:44:17,18061,664
596bbca6c8f95a2e4eda5680c25dcd8c16999176,2012-03-13 02:36:49,18062,664
5b68e061f183d6d50a565bc94aa9a3af52d2a00c,2012-03-12 22:35:01,18061,664
6beb43077eefc184c7bfbb1f9f33ba870fe90b88,2012-03-12 22:26:25,18061,664
a0dfb408abbe3108801a729aaed0d6e43ce80ed7,2012-03-12 18:19:59,17741,645
697020bf3f883d4f65c34ef4f7cdfaf9503846c7,2012-03-12 16:15:51,17741,645
891f04543ec148d9fd1ff1487af2ab1ca08fb6c3,2012-03-12 13:01:54,17712,645
f4580d269f91eca2cb3473a4ee144d25ee69a77f,2012-03-12 12:52:15,17703,645
06c2f8250e49233a352f2a66e4b8feace881d494,2012-03-10 23:35:40,17600,645
5b86c8b5f33de514acfb71a69d0aec238ba7e341,2012-03-10 23:35:14,17600,645
c5f3c2b7366ec6d403b70d8d668dfb6d24a14ea4,2012-03-10 17:04:22,17597,645
307afc280f93bc6dc8ddd4fac0685de45cff5f22,2012-03-10 02:39:37,17533,650
a809e85e1b62222bb15f1e0add220f5c406ccaa0,2012-03-10 02:05:54,17513,650
7f2e18ed11178f87ba9fee2303a5ad1ff3c54c39,2012-03-10 01:54:45,17513,650
14f377192a913c24ce6686bb9601e0ad15d0a86a,2012-03-10 01:51:11,17516,650
7c79c0cb26046bcf154a00f72fd5b359cb2cefbf,2012-03-09 22:21:42,17514,650
9785559fa66d5afb6534343b1ee622d443a09811,2012-03-09 22:20:21,17510,650
ddc7da77faeee8fe3126dca770906e441a6d1016,2012-03-09 22:20:00,17510,650
49ab392d83a464df090612382bde77cc813d2693,2012-03-09 22:19:22,17509,650
a30fdbc7ba4a8a0309e6f3682374dfb134f9db78,2012-03-09 22:18:48,17524,650
38762c4a15479aa1140a2326993365c94874e194,2012-03-09 21:20:53,17503,650
658314660902eacb6349c0afe64eb3c7a1f41710,2012-03-09 21:14:40,17494,650
6c076fcc3498ca72d590fd99e5d8dc84874caaf6,2012-03-09 20:43:17,17494,650
19d2b64f5617d111f8a4845808c15f9e6d4609c2,2012-03-09 17:20:23,17484,650
c706a5ffd4416c08043d973464e26e3a43ba880b,2012-03-08 14:36:05,17450,650
abbf4fb6ce51fcfbce91ced43363dac6920014e5,2012-03-08 00:19:39,17447,650
9e9dd0ce729e72a442cd7aee13be831cc1416163,2012-03-08 00:18:35,17447,650
ecb7355bcad87b2623a8c4b975579b70417770de,2012-03-08 00:03:21,17443,650
e4289adae4281063923c6eea490db5b54fc2ff89,2012-03-07 23:58:01,17443,650
ae191b5ebc0b5a3445ab613be292db77993df4b9,2012-03-07 23:41:07,17444,650
7998c4121dfce30a6065707ff8ec84aecf5e9ac3,2012-03-07 23:40:54,17441,650
f948610e7935fbec86d8617cc7e791c0bc8121e4,2012-03-07 12:19:29,17435,649
151bae6751587f00652eb2127433aa9d999cdbec,2012-03-07 12:16:55,17433,649
070a71d7837a1226e26d923f56a540607b9718c7,2012-03-05 21:56:11,17408,631
7943e19fd38482312acdc2debc559782b5f2f2b3,2012-03-05 21:50:06,17408,631
2ada0361b42d935f1885a2dc82a1537065a86687,2012-03-05 21:27:56,17385,631
49c0a577ea6764c74bfa14bc611d9bb17bb8a0c7,2012-03-05 21:18:20,17328,631
242dc7118877a544495f9b3c5fe1c47324aaed10,2012-03-05 21:17:39,17324,631
fa8f1be7ef80e07dd4ac0c6f5199fdf83b51c39e,2012-03-05 21:16:57,17324,631
382de31d834dae6418c0f1dcbceaab4d1e7aaba4,2012-03-05 21:16:43,17318,631
392aef195c3b86fde72cfa77d6174375d459cc51,2012-03-05 21:16:21,17318,631
198ca1680b3a2d56c3e4a202c3272d2caec225cd,2012-03-02 23:06:04,17325,631
095911ec36ab196fa5616dac2c408ce9d64e55db,2012-03-02 22:42:47,17324,631
6fd0441d05287e35aea5b483894937cf719d9990,2012-03-02 22:14:29,17324,631
cf5d5784c51b90f34171eeec8e5b3ba1cf3f9299,2012-03-02 19:55:30,17324,631
05f27ea43dd701e77327a7acf6a1285dd33f0331,2012-03-02 19:54:54,17320,631
4f6b877b93a33dc348d6198109af04d7cd95eea3,2012-03-02 19:54:21,17313,631
1f8e53584f8a18ee846aeefb9443a06a791aafe3,2012-03-01 23:21:54,17304,631
b3852a28464b08a53647e6d7bcf24043385bd1ea,2012-03-01 23:19:53,17294,631
14bc827de414c0d388783656211e831c4e6fe92b,2012-03-01 19:15:25,17280,631
38153a29d44713579e858533a941dde73fb2f801,2012-02-29 21:21:46,17268,631
f02b196e9222f8b21345c02b1252fa22055ebd3e,2012-02-29 21:19:51,17268,631
abaa662d1aa5ba84c554ffc027b3a88a6d6b4cca,2012-02-29 21:19:01,17256,631
d242afcee7f9d721b60bde0bb7b8c859cf1e1052,2012-02-29 21:16:09,17245,631
bd1ae9e97c93ff605f90b6a7b2e95cc1ef5dee57,2012-02-29 21:10:21,17238,631
8a8106c0dd64ae4d88d77647e80050ac4c4d51d5,2012-02-29 21:09:28,17238,631
d0ba2c7ec1db835d33b1e8a07996de557c8711e6,2012-02-29 19:02:33,17236,631
872d0fa2ff4c657a0a597498bf4f35dc6b16186c,2012-02-29 18:59:41,17229,631
c32e85d06155b59b85789b81a2f958149b5a1269,2012-02-29 18:51:15,17210,619
7dae34c12872f3b16f92fd2f6af6fa45eff99c94,2012-02-29 18:17:41,17210,619
a573b7870173f3d2b79d7a14ea057889c66a6c68,2012-02-28 22:46:19,17194,619
6693afc528433423624f85e428d2880459241ebe,2012-02-28 22:46:00,17191,619
7a5d41bfa5f5abcf8ea2f7e2c43e3c2111f450ed,2012-02-28 21:23:38,17170,619
63c363d33cf3fa548ba3368963e049360e2667c9,2012-02-28 21:23:00,17013,619
814f3fea5fa5b9f31602a50063a1af679b2d4ac4,2012-02-28 21:20:21,16972,619
031b266f46826c178ff9851f24b4699dcc69da20,2012-02-28 14:44:01,16971,619
dc9aa7661fd9033823347b6865bc0ef55cddc55e,2012-02-27 20:52:50,16935,619
4e84b745b669424cdfed5346532abe14fbb5fe1c,2012-02-27 20:52:17,16935,619
2a6a44aa4fdea184597788a8790e1cd9d0ada8ce,2012-02-27 16:40:00,16930,619
9c95b50ea795f8e6ae7b79d69b4bce67fa88cc61,2012-02-23 13:21:24,16882,619
b40fde52da0c6b48135575227f24169fc3731d37,2012-02-20 13:39:47,16866,619
5f2b46999cc52156ccc911a3e4edb241e644195b,2012-02-16 21:36:01,16864,619
54063e6d859c85d9767dc39eeb913ccc0da40e45,2012-02-16 21:27:47,16887,642
7738de4e02209c23b38f96ad47af91a93858877f,2012-02-16 21:27:30,16867,622
c059b7f7a8dc578d68cf2f32a84ea961e3bcf9a1,2012-02-15 16:48:45,16837,600
61c3b8373be3763c1f330917637f9388bed41056,2012-02-15 16:17:58,16783,600
d1a6d09580df44595f717a5592557af720b50d91,2012-02-15 16:17:22,16781,600
f85483d132c76c4263d93ab4cda8fae5498d1ec2,2012-02-14 22:01:15,16769,595
2a30f4bb7c48e94fe3a6b626eb7a033828af3fca,2012-02-14 19:38:44,16749,595
5ea30d3d1e60b8963d6e3e1b6618772fcca37287,2012-02-14 19:24:05,16743,595
7ab3d3200b2976d23361cbcbe87830f4dc76c9db,2012-02-08 18:28:58,16730,595
5d53879f391d5da279a5443e6d5de5b6e9ecb60a,2012-02-07 21:49:50,16730,595
073e4d1435428a5e6f1ab4578f03d888cac23d03,2012-02-07 21:49:36,16730,595
c1069731324d096b126598bb51edf839ae6d5615,2012-02-05 22:59:33,16730,595
3982d758b41700272980cfa98de69f530f3f83d0,2012-02-05 22:59:11,16729,595
c199001d10baae47ed868b430b694bc87cd5a97d,2012-02-05 22:58:22,16752,595
cdaa81ac4e3ad7ee68b6a7bbee0b0cb974e49a12,2012-02-05 17:40:18,16634,595
d0315304521850534e7d90e00c0c159748516959,2012-02-05 17:12:54,16632,595
e95d43efaf41797a67cf77a54d51825d41df60e2,2012-02-05 17:11:26,16631,595
8a7e2e96ba650e3a71f8478eaa66ede26226b988,2012-02-05 17:07:01,16576,595
233f8422a0599a943586801ba3e4dfe15fcecc4a,2012-02-05 16:54:50,16576,595
273c5b303f1022befb09505ebafdcbc173f90786,2012-02-05 16:50:09,16578,595
3b105b2589e5c1a5835d2a869230ebeedbd75689,2012-02-05 16:49:34,16578,595
f2bc0c0e6e87e83e95158f192624c1e552b234f0,2012-02-05 16:48:23,16577,595
1416d5b1b9cf9a10c83e933fefbf1cf780de99bf,2012-02-05 16:46:26,16577,595
6a57ed2eaa7a10767a30db88e8dd8b364b49d384,2012-02-05 16:44:27,16573,595
1ab56c031a81169b69efaeb49ff1fdf30fefd9e5,2012-02-05 16:41:44,16573,595
b1886875406e95e0690e12f4039646007a2512bd,2012-02-05 16:40:16,16567,595
2e8e45f416842c371146162601baa27b460df7e0,2012-02-05 16:36:22,16594,595
2ab2f640ff6b3e60f5f21303d601a6b3e68005d3,2012-02-04 20:15:07,16500,595
79ac9e3ffa805e9ef0d3d9b5df164ba338095db0,2012-02-04 20:14:49,16499,595
495dbaaa154e71e6e9dc32b32d3ecaee68d00ed6,2012-02-04 20:05:18,16477,595
7f6a52b26b3163aee9ccdcb72796aac7f5b0624c,2012-02-04 20:04:20,16477,595
1930507772ae2434a532664fcefd577123b8046a,2012-02-04 20:02:47,16477,595
890aa8617da5c0e1a2fcd145a39742d4f71ce3ad,2012-02-04 20:00:44,16477,595
1e0ac5a66aa42ca2604d0a6378125b7b893ced5a,2012-02-04 19:58:09,16477,595
920230da4a92ffec22f210a7ad51b8e9a2de43ea,2012-02-04 19:54:20,16477,595
33d890cc1ba090da41ecdaed512fd12345eb34ea,2012-02-04 19:52:33,16475,595
8d332e2ad7235ef362e77e87ab2d849c93c74b9d,2012-02-04 19:49:47,16473,595
b81594aa8b3d503fd7ca5a72beacbf5e1daaf1e4,2012-02-04 19:45:58,16472,595
af4afd2cfc6ef68d174523519d4308368f869917,2012-02-04 19:36:01,16458,595
b65217e6f3e3b7ce84c272f1e1944fd8c3446958,2012-02-04 15:49:03,16409,595
7ee61b695a81c6a9d190814318fe95bb16c2074b,2012-02-04 15:44:40,16745,595
e401fad7d52a88e0aa81603193a1c0f702b05131,2012-02-04 15:36:53,16721,595
ce21178a3808174ef38a0d280e1b5e43c4b5eb77,2012-02-04 15:36:06,16721,595
f6b20f0469d9fdc85eaa74d3a736e74d1896b120,2012-02-04 15:35:46,16721,595
49ceb5de2e24483ee441cbf13747f4889911d64b,2012-02-04 15:31:48,16684,595
26422d9576f3047f0cd2181267d65da26d2b67a5,2012-02-04 15:16:01,16632,595
87ce763e5220d853b7a63eaa361b02ac84aae45e,2012-02-04 15:08:23,16630,595
b38875e4c58be8e4bcf7ce09c4bcb46f30336d39,2012-02-04 15:05:57,16621,595
5ff655c7c450f8826528db57b9b50cb9eb146e90,2012-02-04 15:02:19,16621,595
e510686216ae712b6fe207397536937751080a1b,2012-02-04 14:56:53,16609,595
6dcfaca8f96355133dddf3a4c8dcda742c4de83e,2012-02-04 14:51:12,16600,595
66033093bd64182020ccb8eabad4cfbb3eab8511,2012-02-04 14:23:00,16572,595
db3135cf2640f3bfbc234fd956d74155f027f484,2012-02-04 14:12:53,16568,595
1af14df1f5535f82b5eee2a9195cb40c50aff1c8,2012-02-04 14:09:07,16568,595
c90637dc3f5dcb1df9ba57420d915a360d1d170f,2012-02-04 09:54:34,16574,601
939c210c23518a7283d5c6f5bd624c63df9afeeb,2012-02-04 08:39:08,16572,599
bf556c15afdbafe68e9265b6a57f421ce5bfb04e,2012-02-04 07:36:12,16561,588
718ab0fbefe6ed21a9addb50416da90279d85c7b,2012-02-03 22:55:51,16507,534
cf8e19f3cb6419b46f6ed5b13235302cc21e7fcb,2012-02-03 21:17:29,16324,534
4f97f45a0949082e4ce8e3476b08e691909b0509,2012-02-03 21:15:28,16304,534
c973dfae64a6e8a7f3060143e90fd8e36b479941,2012-02-03 21:06:35,16289,534
e6e4b097a4e4309944e1c5df7b187b26718daa05,2012-02-03 20:55:00,16273,534
4d6ab1e04407028f2ad955290715d51aac71b548,2012-02-03 20:51:01,16209,534
63848a64cfef2d51305f32332c1c3c78ccef4470,2012-02-03 20:46:53,16265,534
a25fe6fb14a1f7a38832d4a2503123faec89d4a6,2012-02-03 20:14:33,16264,534
ebddef7a8d6f99c2aab210670490ee23374fd003,2012-02-03 19:41:12,16248,534
1f730ea4d0fcffd63988c5bcb98c13dfb042da1e,2012-02-03 19:28:59,16240,534
bd5719da539b3cfcde6a93e7c8efa7c14e30ca5a,2012-02-03 19:28:19,16240,534
d18dd3d14f7bdcd7a58bd1217d852769c660d873,2012-02-03 19:24:33,16240,534
dd74a8d637f98f13f7a427f9e07a6300ee61bdf4,2012-02-03 13:48:17,16197,534
bdc9798df7edaeccc5931b1649cc933c8a4b5913,2012-02-03 13:48:01,16197,534
782b43698734efdb55acda776b2a9939d01f3b46,2012-02-03 13:47:25,16192,534
94d44995f8532c7679fdc13c19ff5d480720798f,2012-02-03 13:47:10,16191,534
6473438ffd570b71651e4675c10d5a8083d25e8e,2012-02-03 13:28:41,16191,534
7f7dbcb9e326e4d44393edb575f2c0f83c749849,2012-02-03 13:28:19,16192,534
ce5c2f4d4794a0c52897bc21f2e5a98e30b9f06f,2012-02-03 13:27:26,16181,534
73c003fe066176a51a9621c67b6aaaab6b52150f,2012-02-03 13:25:47,16175,534
3eba018b0551e5aa1f0cf42d820c386445766ac5,2012-02-03 13:25:10,16136,534
137f758a117f0510945ac030fbcb4d7ce77d6a14,2012-02-02 23:56:18,16130,534
3178f2bf6939543b53d1d5077387fc1dacb647ff,2012-02-02 23:55:30,16128,534
640fafb5cbb65dad1da77e9bfcbdd963c5490dbd,2012-02-02 23:54:43,16112,534
e25813ceb445f3ca93797e1132a6ac9f1a249bf3,2012-02-02 23:54:09,16103,534
29fa8a2306e942cac3d2b05c5c70a79908eae5cb,2012-02-02 22:44:20,16079,534
5516328944843fffe898faa22e14e660191e2ab9,2012-02-02 22:42:00,16005,534
c31697fa6805ede3798b9d5699cfbbff39817282,2012-02-02 22:40:25,16005,534
9d42edafd5047db922eb63a35d0926a307018606,2012-02-02 15:00:57,16003,534
a61c5717f592ffe35f987315c9dbdaf8706c44ab,2012-02-02 00:42:27,15971,534
bd7da59e4b480dd2b9ca17873bcdeddfa1351c11,2012-02-02 00:40:23,15971,534
15da401cd963257c16bdc8b847682832750b1a4a,2012-02-02 00:36:25,15970,534
184207dbafd284826f2ff5d0ba5f1801c9379c63,2012-02-02 00:32:58,15970,534
837ad146d9df72f6f134da56eadb412be057ec83,2012-02-01 19:26:02,15879,534
383124019184d5583643abc8abe8c723e448c8b2,2012-02-01 18:48:18,15879,534
7583685c57994f842fa252fc87ea283bbc7d7d4b,2012-02-01 18:43:39,15872,534
5635a15726aa90dbb4b3073f6862d693b61a3bfa,2012-02-01 18:27:01,15872,534
661370757ba65eca820c66077e11037bb1bbebdf,2012-02-01 18:07:21,15868,534
66cd4923c88cee60f5c2c209fd92ac3f4b13eba8,2012-02-01 17:14:14,15855,534
6f511b5f38a1ff4d1da2206bd62b445ec9419740,2012-02-01 17:13:39,15851,534
ab9400f9ae8e4c51b61927dc32713026fd13df6b,2012-02-01 16:32:55,15851,534
570841d80bcee21134f21458b18c858b472b9a2b,2012-02-01 04:16:36,15814,534
56ead0b1de86115aa2680320d52decc77db77416,2012-02-01 04:07:56,15814,534
3b4e6d9a49b89a3820089be71fd40b5fb4562d2f,2012-02-01 04:06:16,15813,534
0e6e0e5d580e0b5046be89eb3a964b19b02fec8e,2012-02-01 02:10:01,15808,534
4ccb22a680e69bf293876e4afe04c125a6260bc1,2012-02-01 02:05:28,15808,534
2baeba35a115e8ccd062b88babb605b3ba5051bc,2012-01-31 22:22:44,15838,534
92dab39107fcfbba224ca07475ef17e69678ff10,2012-01-31 14:09:45,15798,534
9141b9cd448e32222b503ff6a32b23bee9a3a605,2012-01-31 14:09:16,15798,534
e418ee590c59b70c3d8102d0f9ed091d34983d93,2012-01-31 14:07:09,15799,534
8d323d3f9cff4db5cd3b57d9295ac2cbc48dcc51,2012-01-31 14:04:02,15799,534
03d398e927c49273e353fadb399c06d2c422792d,2012-01-31 14:03:32,15799,534
3dca906f9e05ae847eef6a51384ca2ceaa2937bc,2012-01-30 21:56:04,15779,534
371b5d4a31ee092e2cdbbc7e7b30935544804727,2012-01-30 21:55:31,15779,534
2595cee693640faf60e057c105e11494095c47bf,2012-01-30 21:49:18,15778,534
7bf2d37f293f9e1b956602ac9bb7343e693b44f0,2012-01-30 21:48:01,15777,534
1e64e58bf0bacb3e1a8b490f8fe93913d525de2e,2012-01-30 19:51:14,15777,534
ec20fe11004862c0ee3979c8146cb4023b0d655a,2012-01-30 19:50:00,15777,534
4b9d1a36e4a0e25a2f5fe4ba6638f7b2082c70ea,2012-01-30 03:34:58,15781,534
9ed3155c5b57e38c19ff1853ed2c5f598d3f8dc2,2012-01-30 03:34:11,15781,534
c26ba80b54110d8c91d62df46c871b148386809a,2012-01-30 03:03:19,15783,534
64761c8341e4ee44081b8a834aeb77530380c4ff,2012-01-30 02:51:49,15769,534
c33969c8eed410d54ac7f653240d10c24f2336e5,2012-01-29 22:19:32,15765,534
9566d4b3cafe18b8b57740ea02d05f8736a9216c,2012-01-29 22:17:05,15764,534
80173571f4504086adcf6bcd885993215c93648d,2012-01-29 22:16:08,4454,534
b7052813084c8e30f1d699c8cdb15144b24fc477,2012-01-29 22:10:53,4234,534
b8acb73070f6e53a67689678d2d2f3b7616db72e,2012-01-29 22:04:17,4217,534
4aefce89b6eb8c820eb55f8f997a23288d4fba9d,2012-01-29 20:07:24,4217,534
6e0b05bb8b25620e055fb0fa672093d105d3fc23,2012-01-29 20:06:47,4215,534
b5718b81fdc5bfb9157acccc82911b1b3ff6a3b7,2012-01-29 20:01:42,4211,534
2c06aea91187c7527f8d0b08cf814c07905ad51e,2012-01-29 14:18:20,4211,534
a956194cc5b0e797dbfed77d77e038b06ae46226,2012-01-29 14:16:34,4200,534
ac819a0b87eb9a0abbb525ac1f54f9dc6ef12f91,2012-01-29 14:15:16,4200,534
1cae3fa302ab23afaa9487be4d4a8d027009cb5d,2012-01-29 01:45:42,4194,534
7b19b101b50edd4257d8bb216d84d89b6f9ec36c,2012-01-29 01:45:10,4194,534
2d500dc0f2aac4a0eb0ecff32f98ea779cff1f38,2012-01-24 23:23:44,4193,534
57c06df3be5c5b436ab77a744ba5764f7af70c03,2012-01-24 20:57:13,4183,534
aec14fda61c053751ecc966718e30061fc4c737b,2012-01-24 20:56:10,4018,534
1dbb46870a5d930a6aebe34528ddad3a11242294,2012-01-23 22:50:58,4009,534
2706bf143897a4b27bfa062d6db55c28ff6d8528,2012-01-23 22:50:27,4009,534
4e13a81aad187b19398c21bfa392bc0f674889f3,2012-01-23 22:49:16,3969,499
086ab0f1907d74546a913f8e8ac89a05b9bcf4c7,2012-01-23 22:00:53,3969,499
e324dcf1616c0036586077e6144f8183163be0dd,2012-01-23 14:40:10,3960,499
eddaff99dab1bb5e54eee8640208e2d19536c1d4,2012-01-23 14:39:38,3960,499
aa858e9de566b7cb8335a02f48ed68ce07d41bbc,2012-01-23 14:37:34,3956,499
f89d03e62403050e34155db7593ac13b39096752,2012-01-23 01:53:09,3957,499
8438292d03a1b839d96851eec045ac44bdb3f1a4,2012-01-23 01:30:31,3955,499
ab934581d083433e4e2f748da19a6ae4fba3e91d,2012-01-23 01:28:47,3955,499
0ae50ef2922eed6801d53d4ff7c24948f539b5a5,2012-01-22 22:44:29,3911,473
3506314fd2144c2f12b375fb39776fb62f9a2271,2012-01-22 17:29:35,3910,473
2cf808e3db0b3a9d2de72b2b1cf94d0b9e3a215c,2012-01-22 17:16:02,3905,473
0e8f3af06cfebe44b94ad2d2026cde67726cdcf7,2012-01-22 16:45:18,3923,473
e2324aeff357d160613f6193d57d84ae0bfca793,2012-01-22 16:44:57,3876,473
bb88a1d9eb45d421dd6c9030a0968f930d201bab,2012-01-21 22:41:53,3837,473
5bf0bcaf40fae4d6977344d3cf6d4702693d3afb,2012-01-21 22:41:25,3838,473
7f031b1c4ce886be2433f660eeb43760e8ca2ba8,2012-01-21 22:41:00,3832,473
01bb2c4ad7888e6e5629fbfffb78ee8f62239339,2012-01-21 17:24:44,3829,473
03f3cc56eb86a08a78062f1c79cf385951f5aa28,2012-01-21 17:14:03,3829,473
6f95d3120d321ba63527be42ef8f19408af5a810,2012-01-21 17:00:24,3828,473
e53709ba62ebafeaf52d05422b3462c9b0923e0f,2012-01-21 17:00:04,3828,473
8f643e5ead1a6b286c713dfbb16d45b470356e4d,2012-01-21 16:42:46,3830,473
97533a87a3ab66550d24d45206673e73bdbd17cf,2012-01-21 16:42:21,3378,473
5a7f7f95914581516df07704ff2a5cb12f4f47fd,2012-01-21 16:41:36,3375,473
029936cd185b01d3a33f48cf92fab7e9d196570b,2012-01-20 22:21:33,3372,473
2374b64dee598b69d9ac5935510fc412858a7d40,2012-01-20 22:16:42,3371,473
6850bdfd6453cb69ed1983e5b63c29fe5b6ef2f8,2012-01-20 22:16:42,3203,473
88851cdaa4403a86c39e62bff7ae0e1bbb2dd91f,2012-01-20 22:16:42,3206,473
3702899234e14c3133ac0825aab67ab4fa047f12,2012-01-20 22:16:42,3113,473
50a595e5cb1150bca2404c47cf378bbee1904070,2012-01-20 22:16:42,3113,473
f2c3059a5411886b18a258bd0061eb9595858006,2012-01-20 22:16:41,3065,473
374f79345af034def271c07aa854927d908718f5,2012-01-20 22:16:41,3016,473
5825f9e8a6c9e9602b1f1f689e5c332f6c0680b2,2012-01-20 22:14:10,2938,473
3932dc9e0d5ff689b3bc5c946be0568a05858a84,2012-01-19 17:44:58,2931,473
660ce792289be8c72307b4f93a99b32ff51c3100,2012-01-19 15:25:24,2930,473
f942ec942cb2bb9b9cb52eab6a30b1b405840953,2012-01-19 15:18:27,2930,473
bdbdae17450b6c7179c2247f6b9e130dce5c5227,2012-01-19 15:01:40,2925,473
f368dadd3307dff1aa62f4a05dc3758c21d81225,2012-01-19 14:58:16,2924,473
48010ac0dc5c18a46c44dfc251e8599343d0b13c,2012-01-12 13:08:38,2908,473
9f7323f34b6d1f93c10aa13e21d60adef77a97cc,2012-01-12 03:19:22,2908,473
5437bd5840a39f11ca3939aa8d3edbcbdb6ddc8c,2012-01-12 00:25:21,2916,473
ce76143fdc26dc2300f11b15b0e0412a403338aa,2012-01-12 00:23:43,2916,473
51a4be7b205dccf1bfe4a7b95df2f7679bb21c86,2012-01-11 22:29:31,2911,473
818b0e430616b881b8f13b55bcc9659113870abe,2012-01-11 22:11:14,2906,473
248cc3fff19c43636855f0eea6ec51d082425f62,2012-01-11 22:10:29,2906,473
f6b9a8f5a2ea12dc5e2a37c3c94b8174c4934a75,2012-01-11 22:09:44,2906,473
2c054880953b58c3997648a9b3a542075d572d55,2012-01-11 22:08:24,2892,473
ceaba771c15fb1d05fd5c2ba7891b97821815344,2012-01-11 19:58:25,2865,453
7698047deb6a14bc09038ccea36b243599a8e7f9,2012-01-11 19:50:39,2861,453
eacff98c82971128efc4b1975544d65c2d2d625e,2012-01-11 19:43:13,2861,453
0350043ea9506ffe2216aac6919e87bf5e78b3cc,2012-01-10 23:05:36,2849,453
371e622abc84de9b767feb4c60e12a0c513322c1,2012-01-10 22:49:22,2845,453
99e6cf6513d172eb117c3ec7f4944d18ecc017d7,2012-01-10 22:20:11,2791,453
469bda804052b06f42d3281f9f7e34e9d434cba7,2012-01-10 21:22:10,2734,453
d49d372386aa5e40fdeff68917f2e66116452b91,2012-01-10 17:50:46,2643,453
78e424b45ff58ebdc4f5c856d6ca9a994ac7869c,2012-01-10 17:44:50,2639,453
86486ac9aed2f38b297ef661a35031e8f0fa9740,2012-01-10 17:02:33,2634,453
b21f9b12132287970405b770ac56a41378919e7c,2012-01-10 16:49:47,2634,453
1be6ea7590ef64ec3c8f35de8c5051b3db8d2e53,2012-01-10 16:46:27,2635,453
c3e5dd3449ef4aebeb931d9ff1ee0813ac80ebbc,2012-01-10 16:29:17,2629,453
ce5f9f22aa69844ae4285d67fdc2c18f17c15852,2012-01-10 16:28:19,2626,453
aac533a17135eb1bc27645dba7ce0f4727ea09e4,2012-01-10 16:27:42,2628,453
36c58cf9bc0a255bc8e16be38b732725f539386e,2012-01-10 16:25:42,2617,453
59e2531771dfcf0e56a0b77925a108ab76893377,2012-01-09 20:42:20,2589,453
a4e26be372079170774290ddbfe4d36c5a53f401,2012-01-09 20:27:03,2590,453
51f456d3ec300e4183b753ee6608cde5da087cc1,2012-01-09 19:51:49,2586,453
2e53ba1f5342547095f611ae4ce4f7ded00b4223,2012-01-09 19:49:49,2587,453
938fdf2c21b2b9289cee0216dce61a7fb1f939a7,2012-01-09 18:58:13,4678,453
f6577f04dc29d9d84cc75e5841a1803df9cc9e99,2012-01-09 15:21:55,4507,453
132096d4e7ce2ef52f0c6f4716afe3a3457d0f95,2012-01-09 15:20:44,4512,453
01cc80eff16ac03bf81749e584f9bf034576e3d5,2012-01-09 14:42:30,4503,453
70d1457073e069c12f7fa87b7e48d44b2c87b8df,2012-01-09 14:41:02,4493,453
750f35d3b4bb5eaff1a3acb1b9f306a48194ad00,2012-01-09 14:40:36,4481,453
355f90a0b445bdf333167b8db0113fa845f3e62a,2012-01-09 02:41:16,4484,453
29a17dc51c349790d7658b9c60108f37c3ff5a35,2012-01-08 03:52:18,4484,453
5f00835b53de8acf067c9d91c7cfc79f43be1706,2012-01-08 03:49:48,4598,453
9a60ac5a06fe3e606175b8ac286dcf2fa89b64d9,2012-01-08 00:00:31,4558,453
782c8b8b64c653206bc49958dc2da098e98e61fe,2012-01-08 00:00:13,4559,453
42bb48d88bbc95ff978691d05fa6a17e909f2b11,2012-01-07 23:59:48,4554,453
5aad12e653284be7c383665c7b6e2eed8990a302,2012-01-07 23:22:48,4538,443
5eb0bfbfb97dcc69225f0f1c81a6897d985b8ffa,2012-01-07 23:09:40,4808,443
51d409eb7878b97e2569ed37c3aab19d444d6113,2012-01-07 22:09:08,4788,443
1018a3d55e931fe06fd16ec2f990bcc7bc483e03,2012-01-07 18:30:56,4788,443
41a7a37de3e180500cb0d432c71aa2ecfb83e135,2012-01-07 17:52:46,4788,443
00b55aa71ba7ce72df1dbb950d7391a055c0daea,2012-01-07 17:51:38,4788,443
4a13d57759bed5e149dd0ae03e496a7d55dede10,2012-01-07 17:46:08,4778,443
a2dbb10d9289b40a74420fde7250ff2c219131e7,2012-01-07 17:12:18,4778,443
01c5c882b325d59ff0a5e027d60a65369ce4b4f3,2012-01-07 12:39:24,4662,443
93b40ec99ec6a11f813a2294522e4a4a7e92b1f1,2012-01-06 21:45:50,4663,443
9deec92cc93ebc9cb629e8bbf9825977ca3709fd,2012-01-06 21:09:16,4628,443
7fa2fe0ce45a1e04b439fff686c1c63859478d4a,2012-01-05 02:32:30,4625,443
acca248d00de0d1ea547743a4b95dda16a3218a7,2012-01-04 21:36:50,4653,443
8e9fae68944c66f79b1fec987ae2233ff7f8a8ad,2012-01-04 21:16:28,4636,443
ebdf4f90892cb2cd559f5ba48917463140d627f4,2012-01-04 21:15:52,4633,443
6c2a7125ad2e80eaaa6ecd6cbe1cf8ee95282be1,2011-12-12 22:48:23,4632,443
260ff96fe6ea2b387bdacd34b23b7cc43b5ddf2f,2011-10-31 13:25:26,2638,443
0b6d4caed167c695b3e5e791e20edb9c96817704,2011-10-20 12:36:04,2640,445
65a0bac6ad14f77cc448cb47187a1895f06fc152,2011-10-20 02:47:41,2576,376
fc40f9aac9ea0e5ba694e9dc3065b3571c368b89,2011-10-19 23:16:01,2576,376
4aeeb78f6ace70712c1bc768373101b7420f2513,2011-10-19 19:38:21,2438,344
9e09c126e1340de0e389c89206a06c30d091e68c,2011-10-19 19:37:56,2438,344
34a92798cb4cf48500c766def16773697ee2a843,2011-10-19 14:48:57,2428,344
c082f6a324047d8ff419f85c9863d9f408e5f31f,2011-10-18 15:43:20,2431,344
b996cd318955e98759e4834c98c6789e8de5440d,2011-10-14 20:14:22,2425,343
b9428965ef3ade08c55277a4ff19234a189c3ba4,2011-10-14 20:00:26,2415,343
ab62e0f39bb1523de3fce68b5c316ff7f8e3cec8,2011-10-14 19:46:41,2351,343
ac254d5b63038c43358747ac524e5173580ca8f6,2011-10-14 19:00:09,2209,343
e019c3c10eb9d910f0029338cec5607909b26540,2011-10-14 18:46:08,2174,343
831be275a98ce8700c7088e53f2f2d11e88deb66,2011-10-14 13:02:34,2073,343
2bdaec68592d7e9569861223a963b72bfad73d60,2011-10-13 20:44:11,2123,343
9e694565723ab6800dc549f97c348a8c3b6d6bec,2011-10-13 16:19:52,2062,339
326ca1ec5fa4b99fd6409caa8bcb0a7a2e7188ce,2011-10-13 13:11:49,2045,339
f930800c7f293c35268ab396a014835847b5c8b7,2011-10-13 13:06:08,2048,339
58398dae51fdfa7fcc1c9e1aea608e9d0e00533d,2011-10-12 21:18:28,2104,339
ed3fd7b02fdb546f181a30b311c3966900c4ba3c,2011-10-12 18:48:32,3178,1155
cef83a4b3e094c0515f7205ff6f4f2defa5de7df,2011-10-12 15:19:26,3091,1105
9c11cec60e458fb40d0d08eb7b6c08f5ac893dd3,2011-10-11 22:47:27,3059,1087
2023cf6ae147e9cab306017f1beb5f3e60fb8a0c,2011-10-07 17:25:21,2020,415
ffa40213b8784a8d1b3763cbff118bfc9b319e3a,2011-10-07 13:08:00,2090,474
421eee047c6a8f852b2d8aa499c0c29e004061fc,2011-10-06 20:57:59,1936,363
bbf9c02c268756114aee41ee88b71b643fe37a72,2011-10-06 20:36:32,1914,363
9fc9aaa1bff5b6ec8d63f436b2a09ab2f23cc632,2011-10-06 18:47:43,1913,363
35708cdec82da6eec7547cd899685d3893979685,2011-10-06 15:41:50,1909,363
a3dc4a58aa89a0f5416c513e0f74127eeca0f3af,2011-10-06 13:06:16,1922,363
5d9fd1d4c9ec1af1c6eab042d923a2759bdd373b,2011-10-05 21:11:33,1894,363
e70441f0ebbcdf4722f6fb33d7944d68fe1ab399,2011-10-05 14:24:12,1840,363
f782045a61ca604a55f242217abdd7da8941a184,2011-10-05 13:53:35,1836,363
2e25aabd902665db954f4828bbdcf61d92226511,2011-10-04 20:38:51,1783,331
4a098c87053aa4c1b014e0616a335cd6265325c9,2011-10-03 14:13:35,1210,45
5339df414e6d5e4594d00d7324d146958b5ceac5,2011-09-27 21:26:57,1121,0
02f0b9403652d5071c1dcdc73d250243a4733625,2011-09-27 21:04:29,1119,0
6da61f3a544817e1f15a99d8ad7b48e92e3cc437,2011-09-27 13:58:13,1155,0
658e40beb2e8774e2dbd51e8114dc04c02148637,2011-09-26 20:54:53,1130,0
f4fa02330744dfde4758e13e4f3f27a7ae28e6e6,2011-09-26 20:13:49,1071,0
fadea26a4117f4426b8b2a78e3ccb2828390313b,2011-09-26 19:33:39,1075,0
8e1cf173427b6e996aa1ae552ce9a40bb8a011fb,2011-09-26 19:12:00,1074,0
e94c50e614830d58d62f1b3011253fefc3b1ae8e,2011-09-24 16:56:32,980,0
db8b11e27bc3dac2afa3952553095e7b7e1238f9,2011-09-23 15:49:26,939,0
1be70f03834c20e86a47ca374a16e86ed2ff4f9c,2011-09-23 15:12:28,913,0
02441ae3db5de6720f2b16e2771ae81a64c4672e,2011-09-23 14:51:38,912,0
1bf2aec53bb643d759be9db097a2d947f0fd7687,2011-09-23 03:25:02,906,0
9fa7beda847d0aa6f1bdcc326db53d33ad3dd918,2011-09-23 02:30:44,886,0
1e4b0fe7760e8a632cafd8b8a9943dd6027eb2db,2011-09-23 01:53:14,856,0
3e26e3670d6fe0494253274fc267eb22a2fd0a50,2011-09-23 01:05:07,844,0
2deadaf6ecc490d95f3cf7c5ebb60b1f62f0d9da,2011-09-22 20:07:54,797,0
ef744ab981e1f7f15ce7eb441f9cd6d701ed6cb2,2011-09-22 16:30:28,755,0
34a2e359754d4055a1e2c04449dff2f930a96827,2011-09-22 16:29:06,769,0
9d54e41c1f622b0851e3c93fd34372fd008cb54a,2011-09-22 14:25:49,668,0
1c241d53ca00e38d8eed554372ad7689b5a429ac,2011-09-22 05:31:07,593,0
cf1975e1c976e20354c6f882c4caed5bee43d12f,2011-09-22 04:53:58,565,0
7415e4c1f9d7849b8f23ba3727f59d2dd5609e65,2011-09-22 03:43:59,505,0
4ad122b69fa358e65ad9a799df7d1bb91a31c205,2011-09-21 20:06:31,474,0
0493335ea6fe2e17cbe236b253139a06eabcbbdd,2011-09-21 15:15:24,434,0
