95dbc1254bb6c9f238ff810489348e9fe9580a50,2014-01-19 03:30:46,34495,3143
96a6b0a9057534fc02c86f1c84e1cdd1a54602c2,2014-01-09 20:10:37,34435,3102
7b97b1c1657000603970e32081ba3dd456e3d6e6,2014-01-09 20:05:38,34535,3102
0c0971ad6b0006b63e75a0887433715ee1c789b2,2014-01-09 11:52:55,34535,3102
db1b69394b18e12eeaef7c9f72a54493a4b4a5e6,2014-01-09 02:23:27,34420,3102
b9e9337ed932a0d95300c2dd6f30de2ce27110a0,2014-01-09 02:21:52,34415,3102
61246019156c411c69e9b8b1f1e0707f1bfc08b9,2014-01-09 02:12:35,34414,3101
12b32da2f4dfea026ccc97be1e662013aa2f0690,2014-01-07 23:55:00,34405,3099
fb6434e357f1d2a0ac299aa0d63ca60d2119f340,2014-01-07 23:50:10,34388,3099
63e3741c037611dbaabe387e0ec2db3433b2b6fa,2014-01-07 22:52:10,34371,3095
c0bc78805c26e01ef17437f3dbdfdea7e7f4351a,2014-01-02 23:26:40,34367,3095
7e7f3f376b9508605ea664f1b3b9c38b6d62f894,2013-12-31 03:39:12,34367,3095
fbe1462ca47641a4a57a0319bd9152290281ce58,2013-12-29 11:55:28,34359,3092
48a3d20d82205a2fa593b78f9d0d25a5fee254d8,2013-12-24 12:56:50,34336,3099
36addf44dff51569d0a3019b0a9f7f4577b3366a,2013-12-22 18:58:54,34336,3099
5a794e883cae407caf708e731cc8c26a04aeda9b,2013-11-12 15:20:21,25390,3024
af6e52b5e33a0b3a35726239cf9f9a1e5779cb70,2013-10-24 16:37:36,25511,3016
522f1e61c6cac9e53f476eb06a4e50a4f913cdae,2013-10-17 11:15:35,25523,3035
9f838b38826e5bf892d6714654dfc835af079f97,2013-10-14 14:38:36,25522,3035
bf30434f0c897d689612f35e98ee5b35e880944e,2013-10-02 08:30:06,25504,3008
3b4f97dc86fbe6cc5b18b8826749138a51d2e95b,2013-10-01 13:52:18,25384,2976
a6a3e10743b613a36089ba4d66473ea9c0d3c5b8,2013-10-01 10:13:47,25352,2976
e3089148919351a1d67e4b35d0aac1d039cdf2e2,2013-09-27 12:46:29,25337,2961
d4ded649770df995919c713ccc431a1979c2a935,2013-09-27 12:39:11,25337,2961
49bef3756a71c1d12e470c72c5c2f0e8891d535a,2013-08-25 02:05:25,25379,2961
4032027f1e57913465cd7a722f333ceae0dabb71,2013-08-25 02:04:07,25379,2961
9ee8114899142384bbc445c2ccfb948fb3c6912b,2013-08-21 13:41:45,25353,2934
292c729d5ef3fd48e401f65020171b10344caac2,2013-08-07 19:41:22,25282,2910
9061edef3292e495d6eab77ebafcdbb05b0af794,2013-08-02 14:18:38,25241,2895
6f27aa06195618a28de651fa565a994277292376,2013-08-02 11:07:18,25214,2895
6f21f478533bac57f348dd7db139a88b2729c82c,2013-07-26 22:54:48,18062,2895
a4c72eb87b53b1297838006ba99e705b8f4782d5,2013-07-26 22:54:34,18070,2903
a4f9242cda1bafd84f855e3248d043c26b0e544c,2013-07-26 06:27:36,18070,2903
31025fe79ef76c1e1f062992ec549e1423807514,2013-07-26 03:38:32,18055,2888
9c18a1cb6479081dceb59dde58e08364c3d1597e,2013-07-26 03:36:01,18050,2888
1274eaf2d38193b763dfbb7a00ac69230bfb3fcb,2013-07-26 02:27:09,18050,2888
09811a42ea16e05c931cd34cc099e89dd4726224,2013-07-26 02:25:19,18009,2888
4b06e294d9630297871b06993bac01d17683f277,2013-07-26 01:24:06,18134,2888
57e9169e2c1aa11afce6206083b635cc65e262af,2013-07-26 01:10:11,18121,2877
acc12175b92e3283ad836e6c7c54c1747956e821,2013-07-21 22:47:26,18112,2884
7b68a8d41f1549dbda6905c05298d777f6b8ca55,2013-07-12 01:12:55,18055,2831
2df2a93410d597078c4fcb273291030424ca0cde,2013-07-10 22:20:06,19211,2728
976ced795d930e448a1e14bc08b24da46e1a0db2,2013-06-28 16:39:11,19193,2716
f318c522331f4b77f78560a285e92b287a80857b,2013-06-28 16:34:11,19185,2716
e8f0fd81440dec056e58c217cec1ce76c9446cdf,2013-06-26 04:29:24,19205,2716
4653160484392a1a4482d34f9190b11fabd8ce5c,2013-06-16 01:39:53,18845,2716
3cf08b16bea22cad7827f0f8d120a82f6845e200,2013-06-16 01:37:49,18845,2716
665a6257c7b61f126c4bd59e4d15dbeec92f659c,2013-06-07 21:12:19,18818,2683
96a26bbbf442d6f640006caf5f6ad43f566c341f,2013-06-07 21:08:56,18813,2683
62fc6731a87e78083b40778318764399c4122f0a,2013-06-07 21:03:51,18805,2675
90510f95f6f37fb230a5956adb31fa39fe16635a,2013-05-31 16:19:09,18805,2675
a565478912e4ab9f03c5038863d06b5aff29dda8,2013-05-31 16:16:54,18798,2675
432dcbf5baadf19a140b7097a8986f1e039a95eb,2013-05-31 16:05:54,18797,2675
31be9c57fa5db0e8a5f9b6a4bdf3cd59e0ed5945,2013-05-31 16:05:05,18797,2675
51319d5131e0fa3fc0f13c4f09e02ab2e6e183e0,2013-05-30 19:06:22,18797,2675
59e94547e7e74437c4a9c6d31e9570d89ef13545,2013-05-30 19:02:46,14613,2675
939bf3fe1e79f1ec15c3f385214f510567f30b71,2013-05-27 22:23:56,14620,2675
c06ab5ad03ec45769bce869525edfbc5b1fadc62,2013-05-27 22:23:21,14620,2675
6f6c3b2aaa46164bf15469cbd9bd6a81f98fa916,2013-05-24 16:21:21,14638,2693
3c4c2440f26b758450d44c6bc648e8590c127c46,2013-05-24 15:50:00,14620,2675
757f52d63a76dad41a46922748cf5d759806d999,2013-05-23 13:54:02,14607,2673
1861beafe84041c06364af26939079dd5cfef465,2013-05-21 15:33:54,14594,2664
96d751854146b6d774cd53265bd6b8a1529430ef,2013-05-21 07:15:45,14594,2664
b9cc3375f3d5942ae7e49fb686b4a643182b73f5,2013-05-21 07:15:15,14594,2664
b1026fd65d2e451b99c9361782dd8fd1c76cb790,2013-05-18 03:32:27,14590,2651
1cc101b859e25eb6253045568887dcf1d7658756,2013-05-18 02:25:00,14589,2651
e4b0fd6a357948055c80c7f1535db70396277565,2013-05-09 23:11:09,14588,2650
72043cd7ed1d7dbed6dcd9ca315c9f1f41ef38b3,2013-05-07 22:09:01,14588,2650
00053c02d7ec7bde51371cef85bb5ef9ba4375c3,2013-05-07 12:16:38,14444,2620
79f62c45cf692fc45515e2cc920065f0811e177a,2013-05-02 09:01:54,14401,2587
27e68b2741a5c4e08e260dbeab3d5268832303f2,2013-04-26 02:51:51,14400,2586
d7054df151026469c38df2e716c6f77fbf627f83,2013-04-25 21:08:57,14400,2586
9e287a2a4cff90525c33366491941cf85c577dec,2013-04-25 19:12:56,14400,2586
77989af47e0fcbd8f7a1020a146b5069b821fa29,2013-04-22 15:20:57,14389,2524
e82571958e7648cc44cf40493c882631376b8322,2013-04-16 19:52:03,14379,2515
f71302a9e6a55ad46a4e7e3e7d9a6e77144e4060,2013-03-08 15:49:50,14408,2478
3982c54584a8ecf414412357a4e940fb1f32241e,2013-03-04 17:51:17,14397,2478
85e11c43866e8e7a1a44ee99ceccd6f14807fac1,2013-03-04 17:50:21,14398,2478
60c289fe4ba6929e941c16150ddc36b63e9523b2,2013-03-04 17:49:37,14393,2478
600b827b583fab00aa54e76d32c9c7618a6f78bd,2013-01-10 20:47:55,14581,2535
dbe949f393753f1354d07e8f205dbcaf1a3dafb9,2013-01-09 19:17:51,14575,2535
2ee3656a3d60fc1e0ddf4f2164eddf136a9ddd5a,2013-01-09 01:08:36,14563,2523
0ba703c35bacacaa5cbb1c6fe4c8fe24d4adb323,2013-01-09 01:05:57,14542,2523
ce055ddb148fffaf3b13cf557e4821c26742f09b,2013-01-09 00:38:52,14525,2522
343d19271849b4631b92083b6f7d5c56b546919d,2012-11-06 01:52:44,13710,2514
c8d593ad357133a0ecb15e1cb39bdcb0616bb3ff,2012-11-05 16:55:16,13710,2514
209c6efbc57c9b5dd99d4e2334a6c25b2e712aff,2012-11-01 20:52:47,13657,2491
30c173dcbf13d363dacd6269543c4cfd1a67cb46,2012-10-09 01:56:27,13643,2481
06c9210682a6e472cc06716a7c0fc3541ca69d30,2012-10-09 01:39:16,13638,2481
90bdf63e30f170193d1d020eed59ad02f5295ad2,2012-10-05 21:31:19,13642,2478
7235b9e11a274e6cf3eab73e39734385de63c649,2012-10-05 21:30:49,13588,2478
712fd07019b1575fb3812c9c009ff05e39e21691,2012-09-30 19:27:29,13584,2478
dd0db08e6cc510bc6321b9cb0d29004b43350b03,2012-09-24 18:59:41,13552,2462
2641ae8a9b44189e5ec2d0f9d8523527004a8ad6,2012-09-24 18:59:15,13547,2462
1aea1dd340ec88d58dc5493dfb571b87e9f67378,2012-09-18 22:01:23,13543,2460
454975f666eccf420f8205b3483f34a9ba62492a,2012-09-18 21:58:24,13538,2460
7a48ace3aea5e93459f58518c4c6e70f93627c8a,2012-09-18 18:27:04,13506,2429
77f0e74db9c04d52b323beb2836e9ce1e0d86af0,2012-09-18 18:26:06,13500,2429
dc382ca57fe2bc82135a8c2019f40d7e0ef99db3,2012-08-21 16:11:47,13492,2419
000f6ed86f689489673e7a02330f2467d43c43d1,2012-08-07 15:48:53,13492,2419
68e54acb0258b545f698b0024e4e2c99ecc5d9c8,2012-08-07 15:48:18,13487,2419
d976049431c65eef4d47e4a6bc469a8023aac2a8,2012-08-07 15:46:48,13481,2419
b5c3676450dfc746e9325e33bb52b9c1f4626064,2012-08-06 21:32:24,13486,2424
c215ce422eba91f74ca2dee046e097b5f015ba52,2012-08-06 21:31:55,13486,2424
1a0d0e6f7a6609fa3db74766bd652f8594ee93fe,2012-08-06 21:29:50,13480,2424
4ea11195759d8e36d167c9d6087b565f97b9299f,2012-07-26 16:00:31,13478,2419
427f6ed92d8174786e1f2a948f0b3848de603ac5,2012-07-19 16:46:30,13463,2419
a95aad53823b41fb3203777776f2e6069b8e1456,2012-07-09 16:02:42,13424,2394
cfaf312d741b8810885fa198ef83f5ed9142f05b,2012-06-25 16:21:44,13390,2392
e805f6a2d5eb80c680e7bbddd3ea4390b2808c2e,2012-06-25 16:07:15,13395,2392
b10883b923b64367c3d9c1f0dd0bc369af8cb0dd,2012-06-25 15:53:09,13390,2392
2859d97e8857795e2a51da9ddc6fcfd1116b054f,2012-06-22 15:27:48,13391,2392
246a4273dd6ea59502acfca01a8ba11ea329d3ac,2012-06-20 16:57:24,13382,2392
0146b8122ef847a63dff38b592b5ee5b055a517d,2012-06-18 15:46:02,13383,2392
d61da14d8617ad09be58752c29988adfb2746e8d,2012-06-15 23:22:53,13378,2392
debb6c4d08e519d0ee31bf66aa3498237b9727cd,2012-06-07 21:01:10,13378,2392
bc1fe7e5cb25b2ebcbccc98462517e823b15b6e0,2012-06-07 21:00:59,13341,2392
4a2332ae7c179ea976732cf51b8a12e311b8768b,2012-05-28 15:58:46,13342,2392
6cb7826eb1152efbbab1b13918aa10aa6258dcde,2012-05-28 15:50:24,13344,2392
30078ccbc7e31c556b666a480c75ef68288b9640,2012-05-27 19:18:36,13278,2361
2c307f0a540a4336d6c04417e211262f5a993619,2012-05-22 17:25:07,13268,2361
606572927b77d958e27ed457bca0207988eddf00,2012-05-22 17:15:01,13077,2361
c94e5ddba24720e943f8896c5e0e38a62c480a1d,2012-05-22 17:14:40,13073,2361
9108ecc5252926ae041679a8a9a0126253c7eac0,2012-05-21 15:14:14,13042,2361
4ac9f02edb6a3f4d43c6382816d327c5ebbf399a,2012-05-21 14:37:30,13031,2361
6a3caa1880254718681a236935fbdb3754d6f608,2012-05-21 13:54:41,12988,2318
962ae25602ac41eb54dd97de88a74a94c352bbb3,2012-05-21 13:54:06,12987,2318
6b6f759a9b26b823f8cba89593e994289ee3a15c,2012-05-21 13:26:49,12697,2223
e5277390db4d52800c80302ec1947e861fcdbb71,2012-05-21 13:26:20,12697,2223
474b3410c2a5c598c3f4ec26c54319142f706bb5,2012-05-21 13:26:20,12689,2215
55bf88a65d035cb67ea59eedc5a7c1e283d6e81f,2012-05-21 13:26:20,12689,2215
928710aab9571ad35f7d077c20ef628e1df5bcd5,2012-05-16 18:29:45,12689,2215
9b492363f46d3348e7aa494a024c8b35231b41fa,2012-05-16 17:54:07,12688,2215
1e7bcbd7cf774bce9adfcb8e3443257a116c51e0,2012-05-10 21:03:58,12680,2211
47bab06d8a1f0942b2378c89561a9f710b6dceab,2012-05-04 21:10:07,12680,2211
7a9ae58eae2ba86486cfdea718f684d80976d378,2012-05-04 15:22:51,12601,2157
f7b080a904ee3576762413654ea0a952eb6753fa,2012-05-04 15:22:13,12601,2157
9f37c4442f683d78e5ad33101fc2ad84e9ac5a47,2012-05-02 16:28:46,12702,2258
2ce30dfe3620c5ac9ae155ede821c031d5951eea,2012-05-01 19:24:22,12670,2246
a2a7fd2df3318775a07dce8f9197e36320ecc45d,2012-05-01 19:23:53,12654,2246
b94713fedd31ffc38cfeec212d1c402cac83a3a4,2012-05-01 15:40:34,12649,2246
7e1da0f0ada3beb7d9d8b5f888cfebbf67972839,2012-04-29 17:06:34,12603,2199
96bff337e7b3903be6cd0c35d59194b40601718e,2012-04-25 16:27:54,12591,2197
6943137740009804794c1118c315bd24b7c99366,2012-04-25 16:19:08,12584,2197
1c090f55a5f47b0b56ecea802771f276ce27015e,2012-04-18 22:39:49,12584,2197
0cafd87dded8ff2f7e94db9cfb52709ca0503697,2012-04-18 22:38:00,12424,2197
ae8e8b7d3a8f06ddf7988154b231a8702d8067a9,2012-04-18 18:02:12,12358,2197
fe0d3093f681d0775b8899448612b1adf11e79a9,2012-04-18 16:33:00,12193,2131
f57384f22b693604b2c277a03e3eba02827785d8,2012-04-18 04:15:16,12193,2131
0ebbed44a4c76a582011ea91c6d07565f8230f62,2012-04-18 04:08:24,12181,2131
84ed2a0009e02ce653712c9fbc45223d6242cf1b,2012-04-18 03:59:39,12131,2143
0b3fc25dcffbed4f54dbefe5a2e5b9721dacada6,2012-04-18 03:57:54,12111,2143
f21d3e519311669cb7d44a871603a8f38302b97e,2012-04-17 16:22:13,12091,2143
bf3e968b4112047b756fabfbb508e8f15103892e,2012-04-17 15:09:45,12067,2143
25e9a851371d79af7cbc317976daaaffccbc9236,2012-04-14 20:49:59,12060,2143
e5da902503e5aa6573a43adf1798e1635383b01d,2012-04-13 22:54:12,12081,2143
3bbd723a31e273e8d8162c0efa78e3ca09b22417,2012-04-13 22:52:13,12108,2169
d3f5c6ad802986f29588feff296e5f74266b0e3d,2012-04-13 22:52:13,12114,2167
b27490cf483247df765d38b627b20f03daaba042,2012-04-13 22:52:13,12113,2167
912033350759c8acc4f42b531c3e58e943f57c32,2012-04-12 14:32:40,12098,2167
121565f3bfbd4123210838bbff13d31429166357,2012-04-12 14:32:15,12097,2167
4d3a811f5e6d1ce63532bc4c1e496df55f9fe2f9,2012-04-12 14:28:05,12097,2167
867c6be9f858c7019f66db5465503339daf5c1fd,2012-04-12 14:25:59,12092,2167
636a710826862c9cd6b5f34f70ff07106bec7995,2012-04-12 14:25:30,12092,2167
de9471f6c758e985cb5cdeba49c6534254423e46,2012-04-11 19:27:04,12174,2260
66abf32f68cee6e54aa823f993915fc3681a3476,2012-04-11 19:25:50,12166,2260
89b67964be0c28fbb669d3953ef132f22de07a72,2012-04-11 19:25:29,12136,2260
07782d31672e47c73196c674002d013ef07522a7,2012-04-08 17:58:22,12109,2251
51654dec7590bfc0824a50575bbe1a369e73d40b,2012-04-08 16:54:21,12096,2238
b6e69375dc51ec517ccfc6fe5a3e4e4af31cc93c,2012-04-05 17:37:38,12594,2238
bef31f8ed3620adaef6385b1c60e9e1ae7bb93b9,2012-04-05 16:14:17,12591,2235
06cf2500c3fd1cd87541f76b9e4a822e06bf7555,2012-04-04 23:11:21,12581,2228
3e9c448e26d277895b151af5c394005fe2e02886,2012-04-04 15:27:22,12577,2224
dc99938ce76a2fa02300c291427122baec603836,2012-04-04 15:25:59,12570,2224
0f0ac24f3d741e69acad47377097af22700afdf4,2012-04-03 15:38:59,12559,2214
ed1a7321620b0b9d7198b837d2d2a6c20eea5e9e,2012-04-02 16:13:26,12554,2209
e119c95f082c27f1c63b3addbb2dd0df1a6d962d,2012-03-30 17:05:58,12393,2206
1deedad37160e442f8fd2a0f393ecb1490de85f2,2012-03-22 15:57:29,12380,2193
3eb96a5614356b00c3f21d024dfae6e659af7be3,2012-03-22 15:49:00,12355,2193
29eb34e6027740539fb9a61d213ddca784df5d4e,2012-03-22 15:46:19,12336,2175
8eef32c5877e582d7943cd39075b7f364a6c82f3,2012-03-15 22:19:33,12285,2145
34a44f2cccea7039d992fa406f5dd270e6d655da,2012-03-15 20:52:04,11395,2145
0dfc5ea096e4b8d9fe85389c44d67996f1a4cece,2012-03-15 16:07:35,11395,2145
02e8afb2bcfe461bc072517df7d80fc8903c6890,2012-03-15 16:06:38,11395,2145
829d55c9e1f798f2e875ee11eed10083056577e7,2012-03-15 16:03:32,11390,2145
b93e17e13caa589c0f60e3e170adf0e3ff6cc2b8,2012-03-15 16:02:07,11385,2145
0fad9239dae44bd5b2525566ff43134ff94d7b48,2012-03-15 16:00:35,11380,2145
462509f5fc1c586c39f78010748457fbaaf81065,2012-03-15 15:56:22,11380,2145
62d5e8c200f2e833c88f9bbb5551576470457935,2012-03-11 19:11:18,11373,2145
d48145c6481dc33392404dde77000817afa31ec6,2012-03-11 19:10:22,11373,2145
5aff55e652aacb4cec76ccc598eb3a8ebbfa472b,2012-03-11 19:02:32,11351,2123
60d039ad985d25ac9faceae81e2f6dcf4d1d40e2,2012-03-11 19:02:02,11350,2123
a749b8196b767fd6770e3f02f059ea934e52ac3e,2012-03-10 20:31:17,11317,2123
fbd05048873afe35292fd5f352328792a9b9e50d,2012-03-10 20:25:49,11306,2123
f60903cb122860a05167823745cb6df84c993ecc,2012-03-10 20:25:11,11451,2268
f4b8a4298258ecc0ec1eb8d45590ea6b054ae3c8,2012-03-10 20:24:12,11448,2265
b430df2016335536c1a9b07ab531fd924c00edf4,2012-03-10 20:23:35,11444,2261
96529c0a2abc8a150f0b33be02431bbfb04b5682,2012-03-10 20:22:02,11438,2255
9d4b1310b6ba25bb5d321e033823261359630c93,2012-03-10 20:20:36,11432,2249
70b92692b5c205e2cc06469bfade0a6c393ff5ad,2012-03-10 20:17:11,11425,2243
d09ec8aebb2a003c7fafa7743e2bf6b721aec335,2012-03-10 20:12:36,11425,2243
e6ebdfa0537d20b4bdec8881a90d8f8d3de727df,2012-03-10 20:12:04,11412,2230
e2ace9cb7a9b9e8c84e5d5e73a4e3da54bf91afe,2012-03-10 20:10:55,11407,2225
55e0c5467649907a91ceb5b9fbdc8f7ce035b075,2012-03-10 20:09:56,11394,2212
7b24930c28451d2b2a2d22d778e43711f6d12f87,2012-03-10 20:04:59,11370,2188
cccb4705518bca37318ffc1905de8cb3ea94df68,2012-03-10 20:04:07,11349,2167
a189cebd3bd3a7ccbe09d58aa4dc525dd25af53c,2012-03-10 20:02:11,11339,2157
2ab33a0e12de93b5edba16e6eaf36fbd80e3250c,2012-03-10 20:00:54,11324,2143
9c20ecbc6856d50087adc39ffafacd2b20cb3e90,2012-03-10 19:57:17,11310,2128
d533f9ed3b97db29288fe171052d460280c95a90,2012-03-10 19:51:02,11296,2114
73a79d0d64844bf6586c0d2da8cb240c246a3915,2012-03-10 19:30:02,11296,2113
fdba223ed5c8048e0807f36ce6089b986e95144b,2012-03-10 19:28:21,11274,2091
38439760f22231ec55e039eaf5b2d10c0ce89db3,2012-03-10 19:19:33,11246,2063
cb16e62c4f5d62f5caa0089f56c7b899add23147,2012-03-10 19:15:25,11154,2062
7063e386744a93521c1e1165851f3c4c541e0a8b,2012-02-24 22:36:23,10632,1542
5611013c8aed155afaadd84f7cc692508aa237e8,2011-12-28 21:05:08,10579,1509
fd74aee18a9546ef2ebd3fa9fe43235739946241,2011-12-28 20:56:33,10571,1509
11caa19d5165de4728a95daadec29114f5bf5166,2011-12-28 20:48:09,10552,1509
e2f0040a532eaa21e97143e3e1ca578308abe0c8,2011-12-28 20:32:31,10533,1509
6fb6a224d489133126bc93047aab1223cbff5128,2011-12-28 20:30:45,10533,1509
0f2e11b1deb3b464d2105ec62ed8dc2eb96f0c15,2011-12-28 19:47:25,10455,1509
7bcc3dc4cc604c8ea12e7fff2bd8464ff189a4e9,2011-12-27 18:07:42,10435,1489
e8b98b7462c2c44f4b22bf2823717198dc0d105b,2011-12-27 17:53:16,10401,1489
7d16c7316d5d09885e0ee82a02493db48f82ec07,2011-12-20 03:02:20,10330,1445
943a955175ef38b6e31420800eb95043b2f90df4,2011-12-14 16:52:21,10305,1445
e05140c41f312865330f185704c9ea22862ef00d,2011-12-11 17:12:56,10306,1445
1d549ecb00f7f55e5336220c021e73ff513b6a13,2011-12-08 22:11:00,10306,1445
7915b07425c4626655cea4276780ae32c7cd47d9,2011-12-07 16:52:32,10306,1445
e41f7908190b759b63c3a1a88119a776b53196e5,2011-12-02 23:18:05,10297,1436
d8c35f356a81d5cc99724fb30625841ff2cbc279,2011-12-02 00:27:13,10225,1436
08687c0238cecef8d81d04722e0a43fe595e5803,2011-12-02 00:20:53,10190,1436
7b71d2e1b9970b083d8b6e592753075215e576dd,2011-12-01 23:43:45,10018,1327
2625d467c05730067993f98a7c7e2f5d687fbd1a,2011-12-01 23:43:19,10015,1327
ed33e33126452554d3772653b6ac969724f7d7a7,2011-12-01 23:42:56,10011,1327
aa4c4c0828e5e7678a6c321eb942ffd660730d5a,2011-12-01 23:36:54,10010,1327
064aa7c64b9e7019791c3cce9d50c3eb17fba906,2011-12-01 23:27:56,10010,1327
234639e9cd80b4fd3174696b2b695edb4bbcfc00,2011-11-29 22:56:01,10008,1327
2000f04b1d00f44969f2e3f4e0b42b12d420bd07,2011-11-25 16:46:01,10007,1327
01db218cd9b93525aa98c8029f4166d0b1f806d6,2011-11-24 16:18:54,10004,1327
7519e02040d304bea9b13c0d2d2d68513c6f3c25,2011-11-21 18:50:56,10006,1327
278f291bd799d0f9ca8ace58d605c532403a37fe,2011-11-16 16:51:32,10001,1327
99d9b5c77624d26b68dd846016d7c6fe0b30d00c,2011-11-16 16:48:19,10001,1327
b38f8164dea347ad82f393c77397b2f5ffee8164,2011-11-16 16:45:29,9996,1322
db8f54a8557707ae7c4e386b348342ac5ce4e2fb,2011-11-16 16:42:52,9988,1322
7b05f23f9ed3e15c878d377a0478fc149576e0a1,2011-11-10 21:54:02,9996,1322
7b15046f99b4c6e7302ecd9f29a48b2c88e8c619,2011-11-10 21:52:54,9959,1322
30fbb9ea60b5aadaed94d0bfc2e0b4b234fafa88,2011-11-10 21:49:56,9961,1322
92c3140be92b2880cc53dd577d110eb479d67d8d,2011-11-10 21:47:31,9961,1322
54d5219d6b3eb2a608dbb747112c250a17f80d10,2011-10-24 23:28:21,9931,1322
8e833ac6fa8ab144507770a976b5d2bc3579e962,2011-10-24 23:15:11,9931,1322
8e85b1dcb285c6e91c67f93b76bd96ce9f939756,2011-10-24 23:14:10,9925,1322
0580e70ab9635430f49d19395d408d3ed5abb2e9,2011-10-24 23:09:36,9925,1322
c06cdf532588d2d183547ba7c6842240f2644d89,2011-10-24 23:05:47,9925,1322
73d550b8ae3857ed962b118ae9958d78229205b4,2011-10-24 23:03:17,9924,1321
ec7ad0e8e2b34f82b3adbdf8c0c26e2138718c3a,2011-10-24 15:59:29,9924,1321
4ef0bf95a71f6b811267e1e8c31ef51cc1c4bcee,2011-10-24 15:56:43,9746,1321
97a6f240539e5121c5d87f2499254fdeed0b2bd1,2011-10-19 16:13:50,9720,1295
5b5bfd11bcfb121b575daa3e0431f5a859bdcd49,2011-10-11 16:32:09,9714,1295
17b3828ece7ad73dfbcd6b37fea9abcd010d1f3d,2011-10-11 16:28:55,9711,1292
7adc1aa0f3df2ec563c453c8d7ff76a8385d2cfa,2011-10-11 16:21:20,9698,1279
070e479b364f43787c1526b38589d2b17320cdcc,2011-10-07 16:10:21,9698,1279
03d8d3fa4942f8bf7636fa81a6d050f13dbf8db0,2011-10-07 16:04:51,9675,1256
cb30aed30daf86cd7102b83d355e53095a64d9fd,2011-10-07 15:57:33,9647,1228
dae89bdde57b5c6bda8f8d30b94e61ac42ebb9c9,2011-10-07 15:56:28,9646,1227
934c4f706fc86b864a9df580357a1afb0cc5819e,2011-10-07 15:48:33,9645,1226
675de0ae80ff86c35d3b66211dcb851109aebcfd,2011-10-04 18:28:49,9590,1171
0d7b590f8940c8dd5bb49ef9ce656aea35abdda7,2011-10-04 18:21:26,9588,1171
314b9caf5dbb4bb27bf869ab7dbed4b1794b98e1,2011-10-03 22:16:13,9587,1171
99c98f2a6aeaf4d8cc189c6f81f04d4bc45e206a,2011-10-03 22:14:36,9647,1171
cf4217ab1bb967728566d0686ce295e58b3400cb,2011-10-03 21:57:40,9555,1141
938b059d45e4ea87be613d29bf9711470666ba49,2011-10-03 21:50:57,9405,1141
0c5a8de67b8b45456a5d7bf93ea0c8ccff82c346,2011-10-03 18:25:35,9405,1141
6fd09be1122ea03920c2754d611b25acfa2c724d,2011-10-03 18:24:46,9405,1141
296be5d7941db1518f325d8b37542e7fb3124a4d,2011-09-30 16:48:35,9393,1129
c03d8b073e4955132eaaf9b74970b2c0dba98112,2011-09-30 16:48:07,9388,1129
733dcafe6c08476965f39c4779efed16163712d4,2011-09-30 00:42:38,9358,1101
ac9bd034aad14f38f8577913e6c4f5d1752d4996,2011-09-30 00:40:42,9312,1101
c6bc38fe5e41f7ef7d529c73a0c6e5a8d111c55a,2011-09-27 22:59:31,9312,1101
f5e3e0cef1fb97f5d6b45544a26f5b8865ae5535,2011-09-27 22:57:33,9311,1101
7178653b070182937153b970f9b556df88794205,2011-09-26 18:48:55,9310,1101
86d9cb7b22ff14092fe99d4985178fdc2e1a9f46,2011-09-26 18:32:01,9323,1101
f51b999566b26902f08724fa58fba5d34f1bf2cc,2011-09-26 18:27:00,9297,1101
de9979e1fc0756075b44791a38adf1b2246fe8da,2011-09-26 18:16:35,9295,1101
484cc9627a395c1b9eb120e469bb07a60569f436,2011-09-26 18:04:19,9238,1101
ca1480cf694d913639dca4d82bd40febaeb85206,2011-09-26 17:52:44,9221,1101
b5963b02b0478444efcb53828edbf2e780984de9,2011-09-26 17:49:00,9048,1101
cd832de5a94ecd8f819d842ab4b9a7a8b31b509d,2011-09-26 17:46:02,9049,1102
3e06d3856aecbf197e7d4c6cbf8d01df228a195e,2011-09-26 17:43:57,9047,1102
a233ca1bb0446506ef917022aa53406b2b1c3067,2011-09-26 17:41:42,9051,1102
8897d31ed83134fccb352712c3c80020d9bfc66e,2011-09-26 17:33:25,9037,1102
31937ef800f7339b4f92eb955475bac2d9a59df2,2011-09-26 17:27:07,9001,1102
509083d88fca4a849f1fa224c14a24dbc2498913,2011-09-26 17:23:59,8992,1102
5b54edc9798bdd35bf31e0f52841321a43f77697,2011-09-26 17:22:12,8993,1102
27b7bac329b680176bb3214607aa504f25be0ff4,2011-09-26 17:20:39,8992,1102
673635d86ddcf9f84d1d6c2cb048d7404f776332,2011-09-26 17:20:12,9059,1102
3711a66614927c7053ea759511a57bfb4e6c36cc,2011-09-26 17:19:10,9063,1102
db70ad070dfba29a0e24c5c12160196f470a5811,2011-09-26 17:18:35,9063,1102
f6924d199882c6e86451262535ca8c179069a63e,2011-09-26 17:16:27,9067,1102
421594f793a87b93a68f4952787c062f4782b0c9,2011-09-26 17:14:57,9065,1102
171c7ad28944e61b32dba005687cab588f56712d,2011-09-26 17:14:17,9065,1102
35d00d2f431b09596fab153dec618d31bb5be909,2011-09-26 17:11:28,9067,1102
a37305e935dd9f6634e8fb00c54bd91a32217834,2011-09-26 17:10:53,9067,1102
010834448f45bcb1d5733b65de47666812260b32,2011-09-26 17:09:58,9066,1102
aa400f7616f4d80b33463a45b473c681e4c34d38,2011-09-26 17:06:26,9059,1102
9aa4fd22a075abfbf1afcfc98a4320a5a0fdbb8c,2011-09-26 16:58:35,9059,1102
ebac409378beca057854c47714ede56b496c2564,2011-09-26 16:07:37,9015,1102
46f47996d4cf27d179331a6fee1af5f337553dbf,2011-09-26 16:05:21,9015,1102
09d2b356da67f39f2a45d3a99696416d63fa4850,2011-09-26 16:01:41,9014,1102
75c1c9a73fdf178696230180a0dc2122b76bee2e,2011-09-26 15:57:11,9014,1102
e19325114f80b71f5925cc0da61dc7150995aa60,2011-09-26 15:50:56,9012,1102
2ae93ff832e2e85d310d6f0ae94a791b1d12bdd7,2011-09-21 04:26:31,9012,1102
4b0baefc224b2188e94570dc6d032c705a39f2a9,2011-09-19 02:07:01,9012,1102
3a60d2765847b6f7cc60053e43d184a385ae37cf,2011-09-15 17:37:53,9005,1102
4467f1c66a2257b49ae9e7f5e4773ec895ce58e8,2011-09-13 23:11:24,9005,1102
a0370c306df8ba173ff17a0fa8ecf753b328b81b,2011-09-13 23:10:10,9004,1102
c8eb94d6aa7838c6be98493b6d77a4b0e7781afd,2011-09-13 23:09:05,9004,1102
098eebec437138fc63af911f3b2f96583b73f09f,2011-09-11 01:10:45,8995,1102
a1bd613402e90d750025045e5985981ee155cf99,2011-09-09 22:11:12,8996,1102
e3ddc344d0c593c9759268080030c10a269c7322,2011-09-09 21:31:22,8996,1102
47a615cdd25139f2ec78f61dd01fec26dde9dce8,2011-09-09 21:26:46,8995,1102
f730fb7a63e3b226007e1dfb52463f1b8dfeaa35,2011-09-09 21:25:05,8984,1091
17d834c03b60c1f77ab2ade63eb6c11d19fad8b7,2011-09-09 21:23:26,8985,1091
ddf9783f40288a99d5fc123bc60484087d6ce6d7,2011-09-09 19:27:10,8927,1077
f79423ab35d943cce091ae2debbaf77d054f8efa,2011-09-08 23:14:18,8927,1077
010992213c943bc19aa007b8d753bed9e26f5f5d,2011-09-08 23:12:24,8914,1077
df6845e6fb600efa69509940c9eeebaf88ab4544,2011-09-08 22:42:14,8899,1077
c74ad7eecff32d225decddbe69240345a3683b71,2011-09-08 22:10:51,8892,1077
6fb04a96357120aae021d8aa66ae64a489a711fe,2011-09-08 22:10:20,8893,1077
c0f373d467bc9ebede53243ad434fc180e582fc8,2011-09-08 21:44:13,8906,1077
9141b62479317d2bc65360a90774f06fb6df2f23,2011-09-08 21:43:28,8907,1077
4f2e368e749c14320b2fcd362588edbcb58ec6f3,2011-09-08 21:14:55,8893,1077
faecd8af01f54a9f8f2ddb4e6eaa32c12a19f4e8,2011-09-08 21:05:19,8893,1077
c887fda7d3353fcfea2300b0f6e65822c2385e18,2011-09-08 20:58:32,8899,1077
26323d4a64ef7a3d12ae9cd41e36624dc4390199,2011-09-08 20:52:42,8905,1077
4d9c72ff3f7645524c79bd8940ffbfe4b02d874b,2011-09-08 20:30:22,8897,1077
f48ceae15812b3d9d327fbb32197edad2221789a,2011-09-08 20:11:54,8881,1077
012304655c7b793daacab3941be1204c7a773d97,2011-09-05 21:03:46,8807,1077
7221444b2fd4496832c0489b0b2cd40f60df763c,2011-09-05 18:15:20,8807,1077
9f7f1434d4438ce1aa0f50a23f0508d736e4e823,2011-09-02 16:59:46,8800,1077
6d7e4736987387dda7b855e42d8f9297c64f1d8f,2011-09-02 16:53:22,8778,1056
6805325a37dbd26e8261a3e34adfbf37b35b6644,2011-08-30 16:04:33,8795,1073
6d805aa91e1e92bdf8beb9127ded6e0d63bf5dbe,2011-08-30 16:03:44,8789,1073
5283b4f6f3b493359bb7a0f3c5c62a7effad8b6f,2011-08-30 15:47:28,8772,1056
fcec60f84cafa825d43cae4802626407e1b6ab06,2011-08-30 15:46:56,8766,1056
8c0ef4c938e582ef388cacd2d1e56fbdfc0a8af3,2011-08-29 16:15:58,8741,1056
1699c2887fa5e31133c520207664efffa9ed359e,2011-08-29 15:17:17,8741,1056
80fa3e6dd76b435e7af6db1ef28a8f751b00d483,2011-08-26 21:50:46,8741,1056
a1dbebd53ac1f2a7a00b2b64d91bb4f8fb67e474,2011-08-26 21:50:13,8736,1056
21096beba885ff7d8430e885d8be163ff74fc14f,2011-08-26 20:54:56,8734,1054
7e5ee149292201d28c829cfa4e6b44df23de0a8c,2011-08-26 20:44:38,8704,1054
0db8f01c44c8666a5f05b76b9c90b9b285991db3,2011-08-26 20:38:20,8698,1054
1413e7e8bc4a2018de9f3c47ab7b6e61760d013d,2011-08-26 20:28:45,8695,1054
a1c60bc3adea0c04cb58c6f92a55828a9ef4a228,2011-08-26 20:21:28,8691,1054
38fc7b449dddbcbe361074cc4238f716543af53d,2011-08-26 20:15:10,8788,1054
19ca1f295763d3d6917a9b8ba6cc9411cccf39b5,2011-08-26 20:07:15,8819,1054
09b7abcf7d7c487a4492fb54e2a3f3eb8c1810e2,2011-08-26 20:03:55,8801,1054
7cbe8fd3da1a6e0bbfb0a9ebe211a873f32cbb41,2011-08-26 20:00:11,8814,1054
81baa3ced842851aeb078187d3c4c3c910e1f982,2011-08-26 18:32:43,8811,1054
3cfc3f1a73b627ec45b83adef3c1d2c269ae8dc7,2011-08-26 18:26:06,8796,1054
3bf3612b271fc7c565d1f8360a7d9790d00d1604,2011-08-26 18:25:59,8787,1054
a22ce629690576ceb0f764780d0bf3b0baf78802,2011-08-26 18:22:21,8791,1054
5ea12ef913e344053e116b8758452c9ed495d44c,2011-08-26 18:01:15,8874,1054
b3f4c1d83fe4345b5e958308095b21f89b917a25,2011-08-26 17:55:24,8889,1054
efe487485f44d8b339bd617ac75d377a7a85811b,2011-08-26 17:53:45,8897,1062
1861b1082bd81ae32ab277c4aafc7fe12da46c50,2011-08-26 17:53:26,8897,1062
465057ecf18401e877af7faac49d4d22067fe6fe,2011-08-26 17:14:20,9084,1135
4174f65d6c2aa6a41dff11d460b1029752416405,2011-08-26 17:11:38,9078,1135
601eb2935275ab6a14e2f93e961a536c2ada9f4c,2011-08-26 17:11:20,9072,1135
bb41b26687f724d8fb2118b42d05d7652e7c1cf2,2011-08-26 17:11:00,9072,1135
dff55a57cf1b180d667ad60225a3ec4e36e0ad67,2011-08-26 17:08:10,9066,1135
48cc48a96cb7bfaab412697fa1799bd5e4b5ebef,2011-08-26 17:07:51,9019,1135
d1ce9d9052f54bdbddc8b3e5b1a340c4ab1323ce,2011-08-25 20:30:40,9007,1135
617acb780907387f85bde4a850e9311f0657bd2f,2011-08-25 19:52:02,8901,1080
e16bc02e6a38b8a9c33f0bf77abf140dc1fee578,2011-08-25 19:48:44,8910,1080
dd1acf07cea8ea5e73840f15f3d69ea4acc96fb9,2011-08-25 16:46:45,8870,1052
4523886115417f16cc514deb632232691fec7564,2011-08-20 20:21:43,8831,1052
623184da281d3570606eb60ea108e3745fa7179c,2011-08-16 16:14:53,8999,1052
745f14ee6f392e9ca90931e59215f578092698b5,2011-08-16 16:12:45,8921,1052
8d7952083127bc877999581abe5f4f68f01fb0d5,2011-08-16 16:11:07,8920,1052
727a3485f36ad768d1207553412b748f7e0fb63c,2011-08-15 20:27:32,8864,1052
71351b4bcf59217602c4681f6a917da0053ca23a,2011-08-14 17:58:04,8848,1052
697120675a59c53ffc9b64f12c47285b876a833f,2011-08-14 17:55:25,8812,1052
065e5e0e6c65ac5ecf14efea1f5cfa8c0a099ddf,2011-08-09 16:22:36,8796,1048
a2dff68a04d10054e775b63e632d7155efdb2a4f,2011-08-08 16:05:09,8787,1048
b935d8e533e73626ad8d671c47a46ba0e811fe4a,2011-07-27 16:06:15,8780,1048
86dbba24b3d49e9d7267ee6d0726121e61b81427,2011-07-20 23:42:59,8768,1048
6e9348a410ee2518760ce209ae67eeb12f2c93bd,2011-07-19 19:47:05,8696,1048
5a87f2c1629dd43acb9b809294f09f4bb4b40c39,2011-07-13 23:31:14,8454,1038
5e96f167b22602f99a00410daa49eca99dd0e48e,2011-07-13 23:03:39,8334,1038
21d8c7f82dc102e1dd40f32e5b4c229d4551a564,2011-07-13 21:51:07,8327,1038
97303cc045f141cc665f597e51949c6cc99977c2,2011-07-13 21:50:31,8327,1038
7dbca5f3845d294085189e87543209a279c786d8,2011-07-13 20:44:17,8239,1038
62b3ed6900086299e3f4a5c96544cdb10c1600c9,2011-07-13 20:38:48,8196,1038
3f41c2f375901992ae4814914a74b048d6ac7ea8,2011-07-13 20:22:57,8174,1038
5f780abb9ddbd8fc189ff65ba85376a5d1d68d76,2011-07-13 20:20:00,8174,1038
d94db763ae729a5245e362b5e4e9e3bff4815950,2011-07-13 20:13:08,8128,1038
b5fc9e243757aa6890d96c64adedd01f6953173e,2011-07-13 20:06:51,8125,1038
944b4f69b31968bf124d0497b27cc57dd681b30c,2011-07-13 19:51:07,8122,1038
3173462398886ad3258dd7a7fb9f5b1b3deb530f,2011-07-13 19:44:26,8122,1038
a4dcce88d96bcc8a90d3b6ae0b8b169ccc1b3126,2011-07-13 19:44:21,8101,1038
6f09ce0e86d5c97861ce3b5ea5733fd60f4f1675,2011-07-13 19:35:58,8101,1038
bbfa8dd6c3127ee223c3b86bffddd604f33919fb,2011-07-13 19:33:46,8099,1038
ea0cffd5a217733b5ef947da68044dca5143769a,2011-07-13 19:31:48,8099,1038
aac678d21acf231214d046fa48e7d6e84e01d0ff,2011-07-13 18:44:14,8066,1038
8b8d408743532ce4b693a652b3a54e8da69f9012,2011-06-24 15:57:21,7944,1038
6d852f8b47f6288e6f11fdc390f2d7fbb2b01205,2011-06-23 21:51:07,7941,1038
f44f0dc88d2b6506ba2b6a6661b2fe347d5ec13c,2011-06-23 20:40:22,7930,1034
83583d46f668abb3b923813cd034fab72e1a586f,2011-06-23 20:39:35,7925,1034
31417f3c86deaede332e04f94a3ed212be861c55,2011-06-21 18:55:26,7924,1034
b7dd7d9e22c8b0b809de330f52908b8fc6a334c0,2011-06-21 18:54:44,7918,1034
447f190e25b135f5c08361eaffd8e636bc655b03,2011-06-21 15:41:51,7920,1035
1727ce7bfc18601df437eccc2bf01b9cba482c4b,2011-06-16 17:38:36,7920,1035
c87cb82c767ea005fd592a873ac7264debdf047c,2011-06-16 17:29:03,7914,1035
b7a251466947f33ff89ff5c28c8d4b523c11f11b,2011-06-16 17:28:27,7913,1035
f57c419583ebcc1dc2f5634ce3b576fcc501a9b6,2011-06-04 18:32:13,7931,1035
d9808606d87f721cf077c23bcbba2024f952351f,2011-06-04 18:27:25,7931,1035
7fc32da71b4c5aa6cad43fa3c20c7bebaeb83f49,2011-06-04 18:25:28,7913,1035
f8af92c5391afa929791bf2171e415f3d32b92a4,2011-06-03 20:22:49,7902,1024
7ed66e1b2e8133688de81851114884ec4ea7e329,2011-06-01 23:59:47,7894,1024
87f8dba3cce775d9757ba887a032ee4a0e5793ae,2011-06-01 23:50:20,7893,1024
a3b4a54632d60922ebf11d05f8367cc71557de7b,2011-06-01 23:14:37,7891,1024
6f0e0d7149cd2c1e3e96eef8211c0c9516813659,2011-06-01 23:04:12,7891,1024
9a7dfeaaa572999af015e2288edb2d946a58434d,2011-06-01 22:59:10,7885,1023
628a70d6186c0afda8d247572ce3be8ab4735a28,2011-06-01 22:51:56,7876,1022
ae54aaac44dc667c18087de6be6679413a0bdf03,2011-06-01 17:05:21,7834,1011
2db80abb1bf7f7e90b36953d0fa0786b71ec59b7,2011-06-01 17:02:15,7825,1011
07c181a5c1a945c0dfb2c9a487082ee24a11b95b,2011-06-01 17:01:52,7799,986
36d6be5f57c2de3cf758dc8e3c37c33bb5810dcc,2011-06-01 17:01:24,7797,986
052569c16c7d7061886ea7eaaf92c0d7891f13a1,2011-06-01 16:58:07,7800,986
7166f94f7ae75dc5832552e0d8729059cba06013,2011-05-30 17:39:57,7794,986
d774c874ba28adb1e1c6244b7fd7e32cb1e114e4,2011-05-26 01:21:23,7794,986
29b661053e82dfe3fe902394b19e5c038ff0223a,2011-05-24 18:03:15,7787,986
237380d9a4f7a9083edad62c61937842343567da,2011-05-20 17:16:32,7784,986
f97e03793d486d22e65758ed6f1778329432acd6,2011-05-20 17:14:40,7784,986
02f6fa456fb6866f7646131ad2ec406fe87ddabc,2011-05-14 18:52:59,7788,989
3a957efa46f7de1dfea91ac09c7ed6d7e5ae2ed0,2011-05-14 18:47:42,7750,989
90811681a5b2c51631afb251dfebcdd5ce531ada,2011-05-14 18:46:14,7750,989
db3f8f7cde58a41c8fbc538253e639965d54dbfe,2011-05-09 23:54:54,7697,989
9a2057fc6bda93b03921dc85761e0ec301a1373d,2011-05-09 23:54:29,7698,990
e03e11fda9ffd422c3754c5e43f4fd0ad8fe2d28,2011-05-09 23:41:33,7705,990
e7f2efbf6d4ec34c90d371b0c3fc8cce7fd69484,2011-05-09 23:41:33,7704,989
6c115e746b8c759e8e81bac6f551c5bd49049d03,2011-05-09 23:41:33,7717,989
d7e5f0cd348318b85df722fc3c1785aa4621f31e,2011-05-09 23:41:32,7687,987
050e37eecd46b552a18a78023fac817b6148bae2,2011-05-09 23:41:32,7673,973
b7ffb97f882d31febcb53a0c845336cb2046c83f,2011-05-09 23:41:32,7673,973
655e60bb9c37661e02d8e6add9890a2f5d8b0ef5,2011-05-04 17:40:42,7651,971
1c2a1176783f2cdbbec02cd39799c92cad8814e6,2011-05-04 17:39:16,7654,971
86b3fb378233ec7ebf3aa79d69c5185f1677bed2,2011-05-02 19:01:19,7662,971
337e310710f3ed7b3d0a8e95006ad27b453ac763,2011-04-29 15:46:50,7656,965
8bc9f5ec0142abaf8f1d7824451b9fec62a66a13,2011-04-29 15:46:20,7656,965
b8c9a49b1ed1938b5b7023a130f86d41170114cf,2011-04-29 15:45:36,7651,965
3d5bd9e3f5d126658f61e72dac1622a66e5d0de4,2011-04-28 20:05:49,7651,965
fe392f304f400cb52d433cca185a9e3339995a7e,2011-04-26 15:22:19,7650,965
b66c7c36460a6fc6ecd46755548a5c7d81916e61,2011-04-26 15:19:23,7605,965
ef4b11443701b6d705097ec90b618755bff4ce37,2011-04-21 16:00:24,7601,963
eee173e287d040963af88efd47ea7fc92abcbb98,2011-04-21 15:55:38,7600,963
7532a5cdc3ffded52eda6ee1ca32cfbc83cbb938,2011-04-21 15:48:35,7699,1063
bdeb8b9fb403123387e020532b401cf5ce8b6604,2011-04-12 02:08:45,7700,1063
87440c67a80777c85dec335da3096afb910334c4,2011-04-12 01:58:04,7700,1063
4def3994f9c35e8fbf30920535a55eefd8bcc5db,2011-04-12 01:15:08,7686,1063
1c0dd942b65b8ce804a755e69d6f92e0b85728c7,2011-04-08 17:20:56,7686,1063
d63a6da4a8c163fba705b90e7adc7317627601b9,2011-04-06 16:05:29,7686,1063
8995a0b148feb15b0662ddcf614a389dd07f4989,2011-04-05 09:49:42,7682,1060
95969e8b3283bbbb63e19d356587dee10613794f,2011-04-05 09:48:34,7676,1060
6cbaa9ca9fdbb5b8f44b8d612bf1e9d80b6a959e,2011-03-31 01:56:52,7676,1060
6ee30718ac3060795510efbfadd70aacf6fb76b6,2011-03-30 22:30:36,7675,1060
8162161e04ef9d569f6a13d9b9df19e8c556efb5,2011-03-30 22:29:59,7670,1060
37cd0d8fe6eee04eace74bc19ff18366f68435b1,2011-03-30 18:23:20,7651,1057
c465a34f1007235fcd125f2a01ce44f94b711b4b,2011-03-30 18:21:29,7646,1057
a07eca28b5990baa434ae1dfca0e325174ae8f55,2011-03-30 18:17:01,7646,1057
2c9bb4b607df03e4f1f20b30f350c3c963c1212a,2011-03-30 18:12:12,7646,1057
45be2d06868c4e9b56ff72ccc5d9ec59015ff650,2011-03-30 18:04:46,7647,1057
9ec358e0f15804c3ddd65450bc38df18ea0e4d87,2011-03-28 20:35:32,7645,1055
2dab77276d8e6d9e1639f74a064bd7e2d2b05667,2011-03-28 20:34:26,7639,1055
69872e5a448e025231183efe929452c2e6746058,2011-03-28 20:28:53,7621,1055
1d7780870816d0d60589062ae3a756f31734af74,2011-03-28 20:27:00,7622,1055
f005a719fb6e2f6a17fafe40eea329345ca0bf65,2011-03-28 20:23:03,7617,1055
eaa62a611cf335b318cd88ec5f422b9d132b50d3,2011-03-28 20:21:16,7614,1055
dabd89bdd1c9226f67fa0df23c377404a5db6bea,2011-03-27 21:28:28,7605,1055
86c72b9f0fc199cb6f4a8036ba8bf8f874d2c51f,2011-03-25 16:22:52,7604,1055
31d4ce68317d33500736254a01c41b310269f3ab,2011-03-25 16:21:15,7563,1055
81c8b6df20672d19b7416e156010323fa33066c5,2011-03-25 16:19:43,7562,1055
9004a789dcf7b915406825dda25b53bc469c3fa8,2011-03-25 16:19:27,7562,1055
d5fd6811ba876a39d3c054b8f7360d076f738f85,2011-03-25 16:18:50,7562,1055
fc4ed8bfb43efb344d641eae9342ab027beaac8c,2011-03-25 16:16:54,7564,1055
13e7d347b823b002df4735a62ba650a29e30ebac,2011-03-24 19:45:02,7528,1055
699a3ae92c6d6644920fee9d731dde9edaf12dc9,2011-03-24 19:44:40,7526,1055
87473d4e985e780c9eee336a6dc25539b5bcb659,2011-03-24 19:44:13,5247,1055
936de40395dfb98c0860acfc5765f215ba977069,2011-03-24 19:41:58,5240,1055
a972a597bc4f7a2a7362b84dd1d0f8576726e072,2011-03-24 19:38:22,5227,1055
b723896f87724087f0281cae039afe3ae169001f,2011-03-24 19:36:12,5215,1055
240090fef8571301c4a0cd8918353d5f0b9c1f2a,2011-03-24 19:32:14,5232,1072
fa833633bf2b67fb3edcb8ac927836d96b36516e,2011-03-24 19:26:44,5235,1075
56b8d6810b28fa2ed5f3b2cafbe33297326d7967,2011-03-24 19:22:58,5236,1076
edef39dbc8341d3f377a6527906568e2022a188b,2011-03-24 19:21:41,5250,1076
4d7f0d92ca851a42cf18d7407d9738495bdb4a21,2011-03-24 15:44:07,5257,1076
65650e1e8b87feebbb009845ee1ff929eab456af,2011-03-23 17:44:28,5255,1074
eda9d9ac55696df5a8f8d762ce4144571d879f22,2011-03-23 17:38:55,5251,1074
ceab59b15cbc48b15ebf503c209c4b9792972e4c,2011-03-23 17:37:50,5245,1074
0d50ee64441f1f5d342d37cf55fe9d13af451807,2011-03-21 22:19:29,5241,1074
499dce2aa1877117dbfca161918509d336ded437,2011-03-21 15:20:06,5251,1078
13e48f7dfa108a1343050c2606d66d2dc61e77b2,2011-03-16 17:22:43,5250,1077
ae3d2c19b150690f13f03bd0c5aa78179f14907f,2011-03-16 17:22:22,5245,1077
723a9eb1bf1df570b338a065d214d436b3973ac1,2011-03-16 16:18:15,5244,1076
00c4fa59f050b1ae78b28c83fdef63fd29ffa5bd,2011-03-16 16:16:56,5239,1076
50cebe85a49192cbdb2286adbb600094c35aca68,2011-03-16 16:03:37,5239,1076
8273aff0b94fec18e718455bed17eddd0f333280,2011-03-16 15:55:22,5218,1076
07fa0842ba5d275a0a1c71a1ce4115395f71d5c3,2011-03-16 06:25:43,5198,1076
8395258da304656a79b051f821284ecda8af2725,2011-03-16 06:23:27,5196,1076
a87b3f4e2a988a173d3526163dc69da2b41a9b8a,2011-03-16 06:22:22,5203,1076
7bd4b47b9d0564190f7c67df03c8191f246c4874,2011-03-16 06:02:41,5196,1076
04204b1440e68fc0da4c0e39321bcc76b2071d1e,2011-03-16 06:01:12,5186,1076
6763ce29551ea97d451c0f58e5b1d6816a2ba346,2011-03-15 19:30:41,5014,1076
a2fa15cc4eadd9dbc03f6749bd2638bd84904ee3,2011-03-15 19:30:13,5009,1076
dfb74e60dd45be63f3dc980bf4ff5aaa45824ed5,2011-03-14 22:49:56,5006,1075
2da316df6c1e04a63b189537f88fd430a6de3ff0,2011-03-14 22:49:31,5001,1075
26c3f25232b2a1e01b02801f13ff93d147f5e882,2011-03-14 22:42:57,5004,1075
5b883b4411f088735a4a2d96eb38ab6df78459c0,2011-03-14 22:41:16,4995,1075
c83d3b835f29f4337f0e6274e677ac5ca20d2e2b,2011-03-14 21:43:22,4987,1069
bbcd1add3042aaf0503db16c794017f6ef67457f,2011-03-14 21:21:49,4987,1069
71156ad03185e42b5a0d1f4aacec012a8f4ab57c,2011-03-14 21:03:31,4987,1069
dc8b9e77bfeda717187734266d9dd7eeffafba40,2011-03-14 20:59:05,4986,1069
b13fd13a5151481220b49e54b65df733df8d87e5,2011-03-14 20:47:26,4960,1069
dafc245aaaef94553adf295e649218587db6b6c2,2011-03-14 20:45:05,4969,1069
2b250000b9925bd07a3c397f4887b629d4891ea6,2011-03-14 20:45:05,4969,1069
68fdd4d840d894a0f0c68d9401b0e6834fe348c1,2011-03-14 20:45:05,4979,1069
7a47bd7aeff5d845d60d89b5faacaafee94188ef,2011-03-13 17:21:50,5000,1069
39a4858675151fa4d9584937b86520e1e71d4e6c,2011-03-13 17:04:15,5001,1069
417622ebcfd88d2b0c6f67632280e95434fe8d86,2011-03-13 16:55:49,4992,1069
809448c4d6fb9f6ffcdd3c9cc3165729b90a4a8a,2011-03-13 16:54:32,4988,1069
96a50e770ce30abe4d0a275d791ab0eeb5cc3986,2011-03-13 16:53:57,4988,1069
444d2902f45ff372e61da7196f4526579b745831,2011-03-13 16:52:23,5003,1069
0516a9c81a3dd661672ade4058915e368a6b546f,2011-03-13 16:50:02,5003,1069
28319b792110fb21f7a356b2e8cce5f237596a9d,2011-03-13 16:48:05,5003,1069
0b08744496a45e977acbf2c034ad7b502bcedd54,2011-03-13 16:45:30,5003,1069
764b87613cd3042c2187ab5e693d96cb285a10f0,2011-03-13 16:43:40,5003,1069
c70652bcf05a6233f3bde18589befa920e65d07d,2011-03-13 16:41:52,5004,1069
e06db9748e100ddef7b07825fc3a27d24339ddbd,2011-03-12 00:03:26,4880,1069
f7cd0e87f28386268b537f731a76558a6044b0b4,2011-03-12 00:02:27,4874,1069
3bff6d333892f81fa217206b0032a7eca143f5b1,2011-03-11 16:52:53,4861,1066
1e23782b6f7f7cf99c355609c5261370cadb208e,2011-03-09 17:46:02,4852,1057
8355d094cb5c4693066bfe4cf219ddeed396fbe5,2011-03-09 17:24:04,4845,1057
5a62e630774e6639824068db3ad889517737f4bc,2011-03-09 17:21:20,4845,1057
a2365a96c33dae3723b1f7abc0d070220e82e47b,2011-03-09 17:12:58,4812,1057
9b7fad2196a26db513391e6aae2600ea3a96dcb3,2011-03-09 17:10:47,4798,1056
5fceaf4981855da66de210e789fef73142fc2305,2011-03-09 17:06:25,4785,1055
6126a1bb40f769cebb0a68e50e9817069e45520c,2011-03-09 16:51:14,4779,1055
bb0c4abadee12f4573d6f09fb093dc687a0197bc,2011-03-08 17:01:14,4777,1053
201e42038a61e051e9c5e05ceddabde6fcd8bf85,2011-03-08 17:01:01,4777,1053
dacd8f9930b9175d766cde7cf45cbd5feed7fcfb,2011-03-08 17:00:20,4772,1053
38705a2b76e8886ae8f6c7b35e763bdb52b9878f,2011-03-07 17:05:58,4771,1053
5de0eda0cf87b1b43fa3350fad7fb454dd88c5be,2011-03-07 17:04:23,4771,1053
66081bd841899a6839936f357b2bb3ac1c8956b4,2011-03-07 16:37:16,4763,1053
f903f279a3968da19fd21ed7c4e0f0b21d9c5fb9,2011-03-06 19:21:44,4757,1053
67844a8b1c3fa67fc2f2db9733b286ff4a255dee,2011-03-06 19:19:46,4741,1053
7882adb0d5e918b3ccdaccf668e7b61ee20c53f4,2011-03-05 02:46:48,4751,1053
fb17496f86521688367fb5595321dddf13da766f,2011-03-05 02:46:14,4746,1053
3c002865b70fcaccee4c5333790345ced4215ea4,2011-03-05 02:33:08,4727,1053
59746aaace4a8ad9924dbf24806ac1cc5ab5ace8,2011-03-05 02:31:35,4721,1053
174579afc99c5c14966d870f78814fcd0d88edf0,2011-03-05 02:06:58,4687,1048
6cf09eed38d06755fa568af8d8747d7de2369590,2011-03-05 02:04:52,4680,1041
f7ab2018edc62c8bdf48118f02d436e38aa79719,2011-03-05 02:01:55,4678,1041
524fa58918cfdd16d7b5e22c345f53b58f41fe5f,2011-03-05 02:00:04,4673,1041
89f5fd16cff2cce470bef6b99a1393425543203b,2011-03-05 01:59:42,4668,1041
ec19ffa32afabcc01273a1b832c6197b2a0219d0,2011-03-05 01:49:08,4668,1041
caf526ea3d9bde5d4f708dc5f738db51e0b8f414,2011-03-05 01:40:03,4650,1041
3c10c1f16a1607fd7599d22807b2fef37ad38fee,2011-03-05 01:39:41,4655,1041
3a58eb88fab1ec6c3dee6d330bfa0ea83fbe9a79,2011-03-05 01:24:00,4651,1041
cff6189929b08b6663d1fcfb366bf1b6febd6fa0,2011-03-05 01:09:21,4625,1041
5c78fa0a114a24cf6f947c79b3fba7480eea0c7d,2011-03-05 01:02:47,4625,1041
a1edef6409f7e5f6845b3fd884eb851ac829a18c,2011-03-05 01:01:21,4625,1041
69623b9a576486d66d297bb74c57e4f4ad068b57,2011-03-05 00:59:31,4625,1041
71401b7c45fe2ee9ed8c0934500046c53be4de98,2011-03-05 00:59:03,4649,1041
a525eb868d9b405f32cf2695aa133b4ec2a49d41,2011-03-05 00:57:51,4655,1047
1dc3171524ab2beb8f63259a8b7da0ac38078129,2011-03-05 00:08:49,4630,1059
88791722ee5ad6c86ff39f74a94c0f5358bafad6,2011-03-04 23:28:51,4629,1059
bd38a91b688f7452940cf5bd5076f86ad99ff040,2011-03-04 23:28:00,4628,1059
000ea9da09718479ceea9ba1d1ac0d9696f7c064,2011-03-04 23:26:34,4624,1055
df7f0785f18808e9d7aa08b2b29f2777974d096e,2011-03-04 22:56:50,4631,1090
8809c02632074a3b950be1c10a0ab3960f529fe3,2011-03-04 21:54:39,4593,1081
2169260008dff990a5b07f52db7ec6a748e0b1c9,2011-03-04 21:53:40,4586,1074
213c51c18c44e7685364b7a608e86338987c9057,2011-03-04 21:51:45,4586,1074
3693a06d94f64e0a1d8a6ef9539bf4937fb6b3b2,2011-03-04 21:48:15,4577,1074
c2750fd23ca2571c2f2ccf2464d46edb76455e4d,2011-03-04 21:30:20,4576,1074
7cb7ac36fb995542708bb9e075193cdb97378e23,2011-03-04 21:09:02,4460,1074
57754c3a36c34b70f2fedbb7694bda23fc9673b5,2011-03-04 20:54:35,4460,1074
4a8e82f2f6cb41c2dcacf725916248ec021c1a8f,2011-03-04 20:52:55,4460,1074
96c8ba83f8cb01b6ef37167ee380afde58e629d1,2011-03-04 20:50:52,4459,1074
29fc5ff62a197b56dd4486b58d796e17016fb36b,2011-03-04 20:43:51,4435,1074
a19b5c48f0992f5206b99d86f33c340ba706ff0a,2011-03-04 20:39:48,4413,1068
c68809fde894fab3ef8a1bfa615d0da7656f2aaf,2011-03-04 20:37:34,4416,1068
2113fb43c1157599443fd361fde091965a6ff1d2,2011-02-21 16:41:41,5263,1068
2fd4f113edc88e42c990200d01d6bcac2d58a382,2011-02-03 17:36:09,5257,1068
06d6947c6b9e471815c02af860eb2557d1c25850,2011-02-03 04:19:10,5258,1068
8f80ad90e9f6ed7c36b51afdd28494ff8d95e90b,2011-02-03 04:18:03,5249,1059
46072d69ec9e3c51f9f89a1f3fddb7dc1aba98fb,2011-02-02 17:41:31,5250,1059
44e6aa2cdd3ded368a5c25d8933f7729818b869b,2011-02-02 17:40:25,5245,1059
6da416acad1b9b06315294490b68ce0ff61e7b67,2011-02-02 17:40:24,5234,1059
9a1e1dc56f766e758e48c386143d159dd166e543,2011-02-02 17:02:27,5219,1044
fb2edc0b87667d74b2eed21907f70bfa94e2c91e,2011-02-02 17:02:10,5219,1044
44e8b8509cd819b3f136e09f17b6021d0d0d27d4,2011-02-02 17:00:26,5211,1044
9cbebf5e65556b7ca4027333f0a50295d18b7d45,2011-01-31 16:24:40,5209,1043
77fadc1abbade19131582705da9e77fdd30fabcf,2011-01-30 06:52:26,5199,1033
b082d6de2d51437e22e4c4feeb4db9a70d57d57a,2011-01-13 21:30:13,5200,1033
fcfb3664ed98e3f3372aa74925aa302751499b9d,2011-01-13 20:08:34,5200,1033
5428d8c1e1a8a8e2f1561f1a3261b82235876242,2011-01-05 00:34:52,5153,1033
5a2d497cd4e95b5b532cf75ff4b989c34c5bc391,2010-12-19 22:37:00,5152,1033
7f28996a94a5983a813114684d7635f63870163d,2010-12-19 22:36:29,5148,1033
ec6fc45ed3ff1300abb34eb73bd3124b10963861,2010-12-19 22:35:24,5142,1033
bbe99ec592ebc6e326afa23a02128575a8f262e7,2010-12-19 22:33:38,5136,1033
f46683deb1e66dfabb13a7a0582adc5f1e8f01ae,2010-12-16 17:15:05,5132,1032
5b249e849d6ace2978ab3f1aebb99743f670a9e1,2010-12-09 18:29:38,5131,1031
372de2a6774f9edc01969859ec889fe0325aeddf,2010-12-09 18:27:22,5127,1027
1d926e32c1677cf2caa2cd96a1392560c8cfcecc,2010-12-09 18:23:59,5126,1026
33dae0a381786d64ba24ea7d4a5d5cc39d15c1d9,2010-12-09 18:20:58,5126,1026
b313570ade3cb584302c1fc2f8ed6c0a6b0f633c,2010-12-09 18:19:01,5122,1026
95467fb8f602670b2823a4e2ef51001cbe1e2cd7,2010-12-08 18:31:26,5124,1026
2b80f0712b32e1c64082017d32b16cfd453c2354,2010-12-06 22:01:59,5119,1026
7d33626ee02b8043d92d884fc80a49dc4db4f713,2010-11-24 21:00:52,5119,1026
3ad6e6a61d18b3f8179fb26f08faec6a0765eb57,2010-11-23 17:04:42,5113,1026
fd0e2a210843de4587d2dcc8858beb5873dce8c2,2010-11-20 01:03:00,5113,1026
07558073ea948fcfedb9c9641caf1f8358f220e7,2010-11-20 01:01:38,5112,1026
6373739da02c7b0a9aa5c71b957761b2491c257a,2010-11-20 01:00:57,5111,1026
1a72378655b7ac2575accb83221a8ff42fdc9017,2010-11-20 00:57:03,5102,1026
c7cd1ef3bc53955d569687be2de54a7d558d3ded,2010-11-20 00:55:13,5097,1024
8a548509d90199440816db30fc5de0cf92d2c1ed,2010-11-20 00:42:51,5074,1013
138bceaae9ec22b8d8949fd2d0c667be474d7886,2010-11-20 00:24:39,5042,998
51cdf627e3daecec3c50599d7f705e6506bfd5b2,2010-11-20 00:10:05,5042,998
addd110c5ebbd5d905b72851f1198d8ae5160419,2010-10-30 20:50:53,5042,998
c0f5c347ae272504353461c02eb5d7d6f4542c38,2010-10-30 20:34:30,5042,998
87d03304b864611576af105f2073df4a39be22b3,2010-10-30 20:30:21,5029,998
b6f8a75f0218d4bde260c36f850f7272400e0eb9,2010-10-30 20:22:20,5001,998
6a0b8145af8103511a41956f040f0d4937e6c99f,2010-10-26 15:23:56,4997,994
f9b97aa91d3c9d2b40dd8267005237115e9c0e09,2010-10-22 15:30:54,4996,994
be788bc5aaa20c9032eb8a5f74596df1a0727bce,2010-10-20 16:15:07,4995,993
690350e5a33941c1231413d7217d09009778e33e,2010-10-18 15:31:25,4955,968
20a5db89426483fdb1e57c0732263c0dca1bfeab,2010-10-18 15:28:10,4946,968
e9d1c83ae1aac5036fea1392f0f4eafaf2e06506,2010-10-15 15:35:16,4948,968
897b17fa4a73fc531a6464aefec57039aa1685a9,2010-10-12 18:08:33,4949,968
4bdb48b318a3ee863ea2cfd620da79cda1f77e27,2010-10-12 17:56:28,4948,967
19c02609c8c96e3cf3e35ef2352c024ecfce79b2,2010-10-12 17:42:54,4946,965
4e6f77c31726f73780d62dcd84fe559e8d24b16c,2010-10-12 16:10:54,4947,965
8ab8ce8e613c3738c333d7f75d3c3b85aedbc9c2,2010-10-12 15:36:15,4943,964
ae37241ae1f5538783cb16baf897e80375fa1430,2010-10-12 15:29:39,4942,963
b6253e9990fe561c0943e3f90bd122ef23940fda,2010-10-07 11:29:07,4856,963
8cf949a35bd49bc24fc094d3434cda22caebc5d4,2010-10-07 00:18:30,4856,963
8d9ba87c607c8ddbf5013d0acf9855effa2ef1dc,2010-10-05 12:48:16,4833,947
5b3bae34e99c662fb84526ff57f0b070bd44ef19,2010-10-05 11:13:11,4815,947
3fe701809367579a10bb5b32703a2c5df09db6a9,2010-10-05 11:07:25,4800,947
8f8826a38e5d113883d9438eb57a95158dae0a53,2010-10-05 11:02:28,4797,944
37b42a775689c4da3f0acd3d8691898d79aa1025,2010-10-04 22:28:57,4797,944
c94caae8bbf2bbc10160a8dc379f46495b9d26ce,2010-10-04 19:18:37,4797,944
95c0a733f76420fb53198ec20fc3f5e96018c009,2010-10-04 15:48:53,4754,923
6eab51467481710ca9cc9dddc4af32371afa7e58,2010-09-24 23:58:40,4749,918
525148abcfc571a38ccee150a42f2061f214efbb,2010-09-24 23:54:18,4746,918
9cd940317f0fcb63d1b26033d9c69e43a6709222,2010-09-24 19:08:51,4695,894
1851f99686d3a5225eac3b42b1d6a1bd02766540,2010-09-24 16:51:47,4447,893
abb63c2c4f52285693601818c4afe775e7bfac13,2010-09-24 16:50:03,4447,893
b051bead2f67c50ddb4a23f110c6c869389671c4,2010-09-24 16:46:13,4447,893
12e96a86ee0d8c2bceb238d503136d0c7b0ebda8,2010-09-23 20:05:13,4264,852
51e4ddaa012164a43e49eb12afce9870b9a57e69,2010-09-23 19:58:45,4260,852
9b53ef232b20b8ffea5bf26b3a19277aa3ad043f,2010-09-23 18:07:31,4118,820
0428c330a8d03ffbe9b8b616800ef661f00e6eff,2010-09-22 03:15:09,4132,820
1c5a2d83167095ef8ad5d5f3cc336053ce3f8b3f,2010-09-22 03:14:58,4132,820
a9bda1a19991b4fae750b7cfceff05d7999d1a8a,2010-09-14 15:22:20,4132,820
417edbfcd02bc5fbaddbbafe238df1a06d5ae8b3,2010-09-13 23:08:50,4110,820
c4fd69a99f0f655eecbdceeb6cc8e6f02e5bb61c,2010-09-13 21:54:17,4086,820
55bb46773d0d79c4131511a031f725082db8c9e1,2010-09-13 16:54:00,4086,820
817ad6a531059f86911972405b219ef717fbcf53,2010-09-13 15:09:46,4086,820
37afd5c14c9c39679a1da61309b0af574e123ed5,2010-09-11 22:42:07,4070,812
c1d0fad51277f1996c8fdc149afd6fb660f04a26,2010-09-11 19:51:48,4064,806
0978059aed93349dd6dc32dd6b2e6dbefa3417c7,2010-09-11 19:51:24,4064,806
fabaa588065be94ffce43bad6778499cab648b6a,2010-09-09 20:19:07,3409,815
a113a33af83decd5115d705afe8e097a8ddc66f2,2010-09-02 22:28:55,3384,796
138fdd2b1d8a4c1e597fd0e9da81fc94d775a8b2,2010-09-02 22:27:38,3387,799
e1d8a5896cf71b1f560bdcaee4fb086dfe6b4e8d,2010-09-02 22:18:15,3387,799
7a3c59bf6942aa9946bb9e7523a8487d1b1df89d,2010-09-02 21:46:52,3387,799
6a561c3cb0724384c4dd2d169451b9a64e888b38,2010-09-02 21:40:20,3386,798
44d3ca285a4a5cf2060f6e3fe2db379d52bcae8f,2010-09-02 21:39:50,3385,797
08586f3a6116034df2658dd38c0080690ea413ab,2010-08-31 00:45:38,3384,796
984d953601cf127bca581db1a71f824881fe3f5b,2010-08-31 00:08:57,3347,768
61af01a1677cf3bd821f02df960607b7f4843206,2010-08-31 00:08:19,3347,768
320a4273abf6991859a58bb889a424d838af8e44,2010-08-30 23:58:22,3343,764
c1508a13c10fe5102c9931897dc535aa833b1c82,2010-08-28 16:17:15,3301,738
168ee856d43a8a54b4b3c2ca3fd855a61f5ab611,2010-08-28 16:17:11,3302,738
e4ff5a3cacb50717432a9846aa9dc63fad3e85b2,2010-08-26 18:03:49,3301,737
074b722457e172ada41ff6a110e16f22a9a037b2,2010-08-26 17:38:07,3301,737
df42217a464e19f8cd042d48182275bbaa2bc4fe,2010-08-25 00:23:51,3130,737
1d46c1d31ed842e5ccf182e3aa30542464ef2bb4,2010-08-24 18:55:16,3130,737
e2a8b20ca48226391f9ecf8da45536cd35e2918e,2010-08-16 16:09:55,3129,737
50923b8e4f3221487c26df24568672359ef1f7a9,2010-08-16 16:09:27,3129,737
d46d704ca805195270cb7cad531b50884cf2aa9c,2010-08-16 16:05:41,3129,737
75d8858fa2a4950f13c3e30051425f8ed0302292,2010-08-16 16:04:39,3128,736
8efd1f86c3464772ee3f6810acabbae74623f70c,2010-08-16 15:52:01,3127,735
feaecab1ed21b7573299f720f004773cc74b1960,2010-08-16 15:49:31,3127,735
00eb8bbef6a0f9fd83529c052fbc543bf9403ad1,2010-08-16 15:48:52,3127,735
701d52154a03a46b700b22576742be42aad1f309,2010-08-04 15:30:16,3119,735
dc99fea1b75338e14119394d2bdd4f870e53237c,2010-08-04 15:14:38,3051,707
7b7e57dc148e576ed9be9aea486c1a6766051edc,2010-08-04 15:12:19,3051,707
20cc34f64ff9813b5db5c6ab1680e6ff9e09cae5,2010-08-04 15:11:23,3051,707
3a6af00ee598cda4fe77168fa3f9a6d681efd7ab,2010-08-04 15:05:36,3051,707
0bfa7e775601f2e9facfb04d68fab07cf844a61b,2010-08-04 15:04:54,3040,696
4540e9ce2863d87d5acfeb9289f5a641a13906c9,2010-08-03 23:49:31,3028,684
b96e3f17d1b819c774dd9739d124434edbb5f759,2010-08-03 23:49:18,3029,684
12b44db49e7581e62dc38f2b2878f2af48abdb47,2010-08-02 16:48:53,3030,684
c970263b8cc3177a12c84aee6a8f9828a2342a1c,2010-08-02 15:59:23,3029,684
0928f03fede7c736785ee90dc543e7617c80720c,2010-08-02 15:16:58,2958,620
27534d9784f1ef56f55e311c65572790ba5eaa1d,2010-07-27 22:00:47,2954,620
c7247bc7cf4ad7f2b7d86a99b377e89cc386e393,2010-07-27 21:45:34,2926,615
7477247767756fbd703e6514d2f8ea7c9f632045,2010-07-27 21:28:42,2913,615
bac4f490e3776d9d2735a5fe6fc604acce5ca638,2010-07-27 21:27:32,2909,615
a74428afcf62a813a26685bc184020b68bbf1358,2010-07-27 14:44:13,2909,615
a1003068c6de8c7c242e0d0584b79a9d645b9f04,2010-07-27 14:42:58,2909,615
eb9698180b07d3a5ff3b282c489c023478e5a967,2010-07-27 14:41:24,2903,615
dcbc04f1484a2b66755ef2668caa133fb7b7abc5,2010-07-27 13:49:58,2902,613
43412a227ae158b643b66423831808ea3eaab102,2010-07-22 20:27:18,2898,613
88630cb89fe2d5699bdb9f35a7355c997c6bdcba,2010-07-19 17:51:48,2843,613
ae20212f10bb4158f6bb5165c0bda64bf3468ae9,2010-07-16 22:28:23,2843,613
04602b412bc2c5c2b52d368feb1e56dfa9b8a204,2010-07-16 22:20:24,2837,613
0accfe71d7d10d9fb3f043eac7e81e6c3b1295af,2010-07-16 15:51:27,2818,603
b8c5c1a62f1e5e5162070607be7b4764b621b59a,2010-07-13 21:17:37,2817,603
90cd37a0039c09c9704611ce93da09fbfe696415,2010-07-13 20:13:58,2817,603
7b2233252e14c2832788a114ce6f8639d1921ddf,2010-07-13 18:27:53,2816,603
78a93fab8347c7bac48931d257d63433e2e21416,2010-07-13 18:21:54,2808,596
6680751c606308ab29b99a93377d2630a42aa4bf,2010-07-13 16:21:35,2808,596
fd21db1edaedaa7113b31e6b796471dd80f22854,2010-07-13 14:17:57,2805,593
a290c8537e0fc772e208af555607aa548689f844,2010-07-13 14:12:50,2804,592
62de10680cf814e845bb9f9180732c176b0c97cb,2010-07-09 23:55:36,2801,589
e48b032f458d1feb34bfb59b0d6f6ef1a0b04968,2010-07-09 21:28:32,2801,589
3301ba07894c029f94751ba72f4fbbe0d1942a4e,2010-07-09 21:25:40,2789,589
0203a598a6b8dac1e6aba7d992502faf8add1f31,2010-07-09 21:25:09,2790,589
efafcfe1cd03b7ef0b7d7951299093710f5ea8b5,2010-07-09 21:18:45,2792,589
08a30c2ef863985c3a8e2e5eff657eaf68439c20,2010-07-09 13:27:40,2792,589
7724780ceaa5c7f5d435a0fae5b165f5935559eb,2010-07-08 20:03:24,2791,588
82875ee35ac2e8ee24b37f7583bbacea2189e626,2010-07-08 16:22:35,2763,562
5c1c213b3438189df81dd555d5699cd0f28e604b,2010-07-08 16:20:06,2748,562
347729f3821a578e8fb939c15b496199904c5af1,2010-07-08 16:15:39,2745,562
77fa5ca3a857c294956b3eea571734752a8a8d38,2010-07-08 16:13:42,2738,562
b27df74c4f382bb085fad2c7c023c3b937f17350,2010-07-06 13:56:52,2549,468
c5a9ddb7bf22521c03e2b5b265c16322570f7833,2010-07-05 15:15:50,2549,468
c11a790c0d709ead8241cdfeaa4c5d2d649771b1,2010-07-05 14:39:51,2542,468
348cf60e9660fc34b1aab1ad81b2654da4803056,2010-07-05 14:35:57,2539,465
28f244ca401d071730968cf95767b8a01d0723a0,2010-07-05 14:32:14,2520,460
848cf1d563066973a9c9c42d2efa3e1e33da015f,2010-07-05 14:30:05,2520,460
c148df8ede31ba289fced03e1682f3c61ce1c958,2010-07-05 14:04:49,2518,458
a187d91c6c4c03f5b8922c3f2cd560e9365b6e6a,2010-07-05 14:03:52,2518,458
c56cafcb82193fdd5428b625decfebabc32cc0d5,2010-07-04 23:36:19,2518,458
1862d44c1b6c554793ed531b72062c3db03f690b,2010-07-03 20:59:49,2517,457
5933d0347e5997b3f258ee79eb5be79327bb04e5,2010-07-03 19:59:22,2516,456
237cbcf1ddb773da20f9a9ed39509759a0ef40f0,2010-07-03 19:54:14,2506,455
826f6e4dc0da5fde16437c7b2dd31bbe7fa891cb,2010-07-03 19:53:57,2506,455
21f855d744ceb04047029397f6a726863875b834,2010-07-03 19:53:00,2506,455
1a096cdf7042ff02a8701865434459605ffa8eda,2010-07-03 19:23:03,2488,455
0fa6466a5d202dea57390dc1bc6722a37259aef3,2010-07-03 00:13:47,2484,451
cd677806ff457618f854149a3a2f6120757f0a6f,2010-07-02 20:54:10,2478,451
f168fb8a06805aa60ccb2b3bd7c67e554b129c7b,2010-07-01 22:56:40,2477,451
13b2346084b22753ab3ca7561f6bb14fa830b4d4,2010-07-01 22:36:47,2473,451
3a52ec32d3ed3679fa2a0b66f97712e46badd194,2010-07-01 22:12:27,2473,451
94cac4e25f7bd3cfeac1e799b124e927807dd097,2010-07-01 22:08:05,2473,451
a9a5fd52c45c219dc995732f7cb57f72817d0db9,2010-07-01 22:05:56,2472,451
a0ee2c084e136871f4f97674ef470b2076ed3b02,2010-07-01 21:59:00,2443,451
489db14673ed34388a38eac0094030d4cdd425e8,2010-07-01 15:30:46,2440,451
f57202e29f66827d18677beee043d78aefe0d0a8,2010-07-01 14:46:28,2419,453
18512864220e3ce7976100252bb009623f38a3ce,2010-07-01 05:24:23,2418,453
37c54b2fa7a0faa1b7cb9fdd07f065a711170a50,2010-07-01 05:22:50,2417,453
2f97211c8aacdddfafb82385aa6033398de9cf5d,2010-07-01 05:20:36,2418,453
b581af1bda5e2ca4e17e321799a1e56f16e18adf,2010-07-01 05:01:29,2417,453
77b32643f2bf05b29da2c7b1a075185c4733ca70,2010-07-01 04:52:06,2414,450
dedd519c0e3d0a7660e74d3eae5764d57e33dedb,2010-07-01 04:51:05,2413,450
e10486733a28395908c3a67205a15d7081c41847,2010-07-01 04:44:31,2368,450
01f4f621e9f3115e81a034188ff4def5d417eabd,2010-07-01 04:38:51,2343,450
90e0ebd8f10fc29f4898612fbc8ed1309f8964b3,2010-07-01 04:37:42,2337,450
346bda81b4bb1017a082bfdd31523d92013e72de,2010-07-01 04:33:29,2312,450
f61bf53154bd36669acd44687e90d321d2622a81,2010-07-01 04:32:15,2305,450
8c6488fcd722d1eda345586b55db0789a9e3f905,2010-07-01 04:28:39,2278,450
58ed759f8e84976906b5e46be9d64313d788face,2010-07-01 04:27:13,2270,450
6c2333ba93ccc059dd5e1e88a4b6ecab521352a5,2010-07-01 04:22:24,2238,450
39ca646d1576e937798aa28051f22a77fb610642,2010-07-01 04:22:06,2238,450
7ece7e6a9ec31a35bd192f367ae84d6a9ef81b87,2010-07-01 04:13:11,2193,450
690f9153ffbe16094152a036f171b53e2753b397,2010-07-01 04:11:38,2180,450
eb62e7490c8a68874d60c761d4f06c41b620fc53,2010-07-01 04:09:11,2177,450
2849e1116624bbed796ee0d9bfb63b35a94bc63f,2010-07-01 04:06:29,2302,450
c996382021cf3702799f856866694746ed417fd6,2010-07-01 04:01:05,2286,450
c25297922620e3cd6b1d35c566f90ab87ed0bde6,2010-07-01 03:49:22,2266,450
61eee299d2490d62c014adaefe708807b2f0234f,2010-07-01 03:42:19,2266,450
27a82ef1da6c1c587656f8825178151790f938f1,2010-07-01 03:08:46,2147,450
fe8465f44ea48a6e57eb16f19651ca26a06c8ff7,2010-06-30 03:27:15,2152,450
de56cd0d3e995ba64eb841109e63743322021931,2010-06-30 03:06:59,2148,450
e58cad29fe97fa770ed44f48e93c85bd92a9b739,2010-06-30 03:00:21,2139,441
ad6f5167f683cc1a9f600ac4a8b4958258aa6ba6,2010-06-30 02:58:33,2139,441
7244299641843daead2e4af9e86d538cc0ddaeae,2010-06-30 02:34:17,2140,441
4cf3db02d1286beb3765ae34cc68b19d239f88eb,2010-06-30 02:18:42,2138,439
2c63db79c5555bffda00b591541b92335cf5e619,2010-06-30 02:08:07,2132,439
7d59de5cac400271cab41f9e3a41322e9cb8ff40,2010-06-30 01:55:22,2128,435
32f987942ac0ead4e043f3bcc23598244f14b4a5,2010-06-30 00:28:49,2128,431
574493a89ff71cfb78962bd05f3241f3d0f4386e,2010-06-30 00:20:07,1323,431
5efcd7b56decf937e3101e23375c733c377a1320,2010-06-30 00:18:35,1315,431
075df514b7585ba1b46003e7c1150931dc8cc5f3,2010-06-30 00:15:38,1315,431
9f08f00d7514b84956bfec2294a3f952e7cb4cbc,2010-06-30 00:13:49,1319,431
68cb41be98ef52e517157e9c68e1a39b3a5365e3,2010-06-29 23:54:14,1310,431
8f448a82ac4e6a9bbdf40fc3a0858fb30894a57a,2010-06-29 23:50:35,1308,429
e3e86b6c3d3f8ceb585db8ca833146f1960da0fb,2010-06-29 23:39:29,1306,427
4169ce15a22766ae426dccec2c462330417df20b,2010-06-29 06:34:58,1306,427
a73084d478e48d8fff7c68662a9e8036d1d6f32e,2010-06-29 06:02:24,1302,421
ee22c9aab3332c963e7331110894a00005815db7,2010-06-27 20:34:22,1302,421
c39af2713b4a811cf96b2a42d0b07aff6de6c07e,2010-06-27 20:33:21,1302,421
3793da471b0e1a01fcec649cbeef9fcd86ba2728,2010-06-27 20:26:38,1297,421
772da5a4d32dd147c27205e44bfbbdef788a7bed,2010-06-27 20:21:56,1289,421
bbbd83811896c1ba5bfaaf327336cc63a6ac854d,2010-06-27 20:19:47,1281,421
ee56d61f7716bc54fbf9f813183d3989ac076d12,2010-06-27 20:18:32,1281,421
77963c52b2b4ebf29ea1d8d6196d0bf9b189d2a8,2010-06-27 20:16:44,1280,421
50db8001d1aa475b7d79bc5c0b172ef6ff09a580,2010-06-27 20:16:18,1280,421
e68ae63ca48ab507ddd74cc4a90a636cc1545558,2010-06-27 20:13:38,1247,421
af65d7cf116489cd021524b4de0c3fa83039ba80,2010-06-27 18:48:55,1177,421
b8e37ea7ed36dac4a6d03275b0054145a5325865,2010-06-27 18:47:25,1172,421
4824b557a15781c308da2cbe70db2271449fb4d9,2010-06-27 18:14:27,1151,406
1573692bbe179c2c09daef854949b6c36cbc4a1a,2010-06-27 18:11:57,1136,400
9b8ee639907eeaa3b09f1b0129e0d38d9e3035e2,2010-06-27 18:06:05,1120,394
0687dc7676a37f53cf9fc258cd6844b7d884d03b,2010-06-27 17:33:33,1034,372
dc0817307b8bf4cf7552a38ebd075cf14d2bd187,2010-06-27 17:30:13,1034,372
8ae5226a08608052a06a774f4f22737d4abc3591,2010-06-27 17:24:28,984,322
920718f6a123ce3ef317eed3672b21c5bb409dc7,2010-06-27 06:11:56,918,314
a049bbc198a13d3350a6d385d180a36ec91a09ca,2010-06-27 06:08:58,888,284
673faec56630e43ed67add9edab8c1b2ca3b4bfa,2010-06-27 06:08:21,887,283
56ceff52e3b28782e163eac5efa6297af3d60b29,2010-06-27 05:39:59,889,283
36c9e24916ce5be6bec5887042223927b144a6a7,2010-06-27 05:18:49,877,273
8455a55b6e6ec14dc3235ecd2c99275ba30e8c89,2010-06-27 05:14:54,877,273
91cd07021ec2be8df9c396382af27961dd8c8868,2010-06-27 05:01:13,866,272
2b4da0b230a27e83a014a58da8f645e8ffc7b1b6,2010-06-27 05:00:46,868,272
48d91951a358932722f2f5998ddb0d9c320c2215,2010-06-27 04:56:01,871,272
ccdfa34f5a444024ee5bc9d23ef77b3fd0e2be12,2010-06-27 04:36:21,835,258
b1a74735a11990ae6e3860b6de76e71d6b6dcadb,2010-06-27 04:32:48,832,258
f457195d6aabf4b3d4649a76eb07cf086bbf2386,2010-06-27 04:30:28,830,258
0cd1c7e1bd8a682f91adf0ba28efd957aeb66088,2010-06-27 03:54:12,815,252
1ae9990a11c65487c3de1a2c9a5edf6a45897730,2010-06-27 03:44:57,800,252
21e1dcb7a53b441ad850a9384375fec405f7fd30,2010-06-27 03:43:06,794,246
a895bbe9692db8019e6fde371356be9f9ff16582,2010-06-27 03:40:43,793,245
c052da1c14481068dc4a85b68cd14baab8f53e6e,2010-06-27 03:39:41,792,244
d6f864898323527e200fe5e12420cab760f49b75,2010-06-27 03:37:39,787,239
17e94c7b3d62ab522cee4bba69460a718e6aeae8,2010-06-27 03:36:55,788,239
9e21775b468996182045a79d42593fd562efad46,2010-06-27 03:34:38,757,209
29e18d10e859b2723be13d23f23e5263a8520eb5,2010-06-27 03:33:01,727,179
2e5826caa8eccd8407eb2806e7ef84f9bb2d2de3,2010-06-27 03:28:43,721,173
820ac11bd9e7ca09ec0317772ef0ef83d205be87,2010-06-27 03:22:12,668,120
149a100b22796cc8302c97718381c52144d98288,2010-06-27 03:15:56,666,118
f95b4948911bd24b67dba7145040a5f8a5f1503f,2010-06-27 02:29:04,667,119
8e758d7bfb2da9ba3ebd8816dfb20f54b725a7fd,2010-06-26 20:31:57,667,119
7cbad706b04fb1d95441cd24228c8cd6755c23ec,2010-06-26 20:30:54,663,115
55ad98fdabafa80aabc618815875ef47432a4175,2010-06-26 20:29:16,665,115
86297f90aa377655f715bbf9cf5de84176148ad2,2010-06-26 20:23:08,650,114
5f5a745277f0b8d70b1400f79c99ebe133dd7c0a,2010-06-26 20:21:24,647,111
28c8ab60e4902f0d3d8478c45933d82452a38636,2010-06-26 20:20:12,645,109
a2ba298146661726f0ffa77afdaf54a39018ca58,2010-06-26 20:12:23,639,103
77f8df122a393fcc5bd6cee9119bd4f5ad7707e4,2010-06-26 20:08:52,634,98
8fd91c577a35d2631b2de32c6fb3a2c58ab00776,2010-06-26 20:07:32,624,88
07b97e4b543107fa2d286f4b4e8c876a8c380236,2010-06-26 20:02:39,606,70
8f4285de42006af98a765019a87597a9630e19b5,2010-06-26 19:58:04,582,46
cf3b37bea64506d62df5998b3da4d6d1e0957939,2010-06-26 19:56:50,582,46
7afc80cc392d0cb831b4900027640e04b32b0f8b,2010-06-26 19:48:53,548,12
e86b43a30405292d80cd9bb5a01818b6263c8dc5,2010-06-26 19:45:34,554,12
41f8108c28c6d3a48d819de410f9caee11d9f998,2010-06-26 19:41:45,553,12
1db809198eb34f910e752ad18e9e9830c0e9fdf0,2010-06-26 19:31:33,545,12
6a98681de61f39f544cdf79bdba8e396c0be4bbe,2010-06-26 19:31:10,545,12
916f7799d53549b491b1813d56811537895a067f,2010-06-26 19:22:35,523,12
6981403c66d429abb24ea6afef1d65dc34023fba,2010-06-26 19:09:42,504,12
6c95d2a4b17b4b9fcc631ec2f5ea54abe9732586,2010-06-23 04:42:53,479,12
3353b1f8a162635188187cafca05d743584a9a33,2010-06-23 04:42:18,489,12
3dd61d73f3c9760b4fe16720203e452d193674c6,2010-06-23 04:35:19,475,12
397ba13e2d5e8f564ec86fdad28a7490e644b78b,2010-06-23 04:28:24,472,12
581f2c81c08ac3e124d0a74750b1f399233ad6e0,2010-06-23 04:05:26,476,12
b84ed1a38f98754a539f023e32b4feb1d8630575,2010-06-23 03:59:55,453,12
8d5c6c60d77f3031b0d4e91f83a3ae543814c658,2010-06-23 03:46:22,437,12
5aa84d0ca6e80db9c877f9b6f068f1d8e3ff1cfb,2010-06-23 03:43:01,438,12
ce4490a33f0d40427bec14dcbefdfd301a5a157c,2010-06-23 03:39:55,441,12
80bffb30efc033a79bd520e8805b1fcd220f6a57,2010-06-23 03:38:40,441,12
11836e93c395342b0a1a3f8ff5872b43ed86854e,2010-06-23 03:06:52,435,12
0a2ccbd4072a6f02334c9cc7bd1f9edf451f77fb,2010-06-23 02:56:57,431,12
0997b02536e455405361263a214ef0623bc7ed10,2010-06-23 02:55:38,428,12
ec1b4acaac1f3d1cfdd99a6540023e5d3b7ae1f7,2010-06-23 02:42:41,421,12
33312b2eb52b13f2ae1d87e5dc4b7b2a31cc769b,2010-06-23 02:38:54,412,12
d4158f5667e0d9a407d368f6da5fd6e5ff8b58de,2010-06-23 02:35:00,410,12
2e0bb3f75f7368d3e1a1a76071725f69482cdd2b,2010-06-23 02:34:28,408,12
b9ec8f8e6059ff0485f54336c12075a71395257c,2010-06-23 02:31:15,403,12
35be36a6ef6e3073fe074b36526bfda1d8e02e23,2010-06-23 02:24:29,404,12
8aad58f9916bae94c18b41779b21f57d0e2b7d0b,2010-06-23 01:38:42,396,12
1c5c7bc530535bd0664ac0f8c05243a4934fbcd7,2010-06-23 01:34:04,401,12
26a4de01f4b90b726d61b6e8a420913da3f3ddc9,2010-06-23 01:30:55,393,12
fa39dc5aecaf635208688d04ec94d856a1633446,2010-06-23 01:27:17,393,12
a30aa5a567da3226cd60e88c1b6c6087ff2294a7,2010-06-23 01:21:33,391,12
173201fed212e7abc8e1a517313c348ab86c20da,2010-06-23 01:11:46,397,12
a240765290bf83cdad5f529f5f72ff08da66a704,2010-06-23 01:03:47,389,12
ad8904b47b4d6d0e9839bc66b2e6d195203d2383,2010-06-23 01:02:41,388,12
29af06be8c5c5be931db3390f223ffe8c47466d8,2010-06-23 00:52:14,352,12
69028fa592d11d65f230481215c7676d5ab5c8e8,2010-06-23 00:45:21,356,12
d4d509724d7ed8eb18861f32046388338f875acb,2010-06-23 00:43:57,351,12
6aa6f7ac4e8565eeb4c759f40b06b67e35565882,2010-06-22 23:54:50,347,12
23e962f59232e0f888e99eb34b1b265a7bfcb885,2010-06-22 23:42:53,336,12
52bb56726152cd2a1deacdb492a8d47238546244,2010-06-22 23:29:45,320,12
0cbc75f36acd9aa5a8828b40fffc02d03fc0f7e4,2010-06-22 23:21:09,313,12
2b43516289549a931ce08aaf2c4c6bfa439963dd,2010-06-22 23:19:50,304,12
8b1ae358f9d080ecbcb3cca2ff2e99d8c0b622a6,2010-06-22 23:03:52,283,12
61ef9d656ca41d42e9380feb27963f2ecce99f79,2010-06-22 23:01:44,283,12
dbf1b3b669a33227404de19e6557bf714223191e,2010-06-22 22:59:29,287,12
98e85e4968a2a5c06e39c4a654996e3e7ae33f2b,2010-06-22 22:57:13,287,12
ff5f1d3d9ccc1c74911f2ad058a1dfe4e40a7304,2010-06-20 06:02:06,285,12
cdf6a562f314f6158e6d23a764312f6bdddb7b0c,2010-06-20 05:44:15,228,12
5489e15720ec2a3826aa145e6a26352418264325,2010-06-20 05:41:51,214,12
e0bfb5dab0f0df261e6dc5c78911a160641601e8,2010-06-20 05:40:59,214,12
61ecf76ce4d81a1b66d73efa83fda9e5ba460d3b,2010-06-20 05:36:07,216,12
a6a6bf85cced9bab02b6a94a5780dcedfbd09a40,2010-06-20 05:35:39,216,12
ca880574d05ecf0282fa7fbb852493a76ea721c0,2010-06-17 23:38:31,215,12
98895e81406908b0d88ef052005d52a1afdd8f4c,2010-06-17 23:34:09,217,12
cb674ec783a740c1829ea211cc398f5192a7a16e,2010-06-17 23:14:48,218,12
70cc4387b6bee6e220d5f9647c0df356b45c21f6,2010-06-17 23:12:33,210,12
b182545dc1e1107cfe68a4feb93238a77f3bfb6c,2010-06-17 23:12:19,210,12
83b03585c5dfe2ab2711ecf1cf143661d2dc3d6b,2010-06-17 23:10:53,209,12
e636b67d015568f4d517702c6a08e087f9f55e73,2010-06-17 03:29:28,179,12
49672c8c4c5c9d0eb10f241ad753599834e8fcf6,2010-06-17 03:25:46,176,12
e73bad6a648a84690ab95797597731237ffcecd0,2010-06-17 03:24:28,169,12
ad90d20bf24b5834e45c625cc1d5ffd4366dbb9f,2010-06-17 03:23:08,169,12
9ad09f2ddb687f8f84e39b742e2a66fe6e48324d,2010-06-17 01:52:19,168,12
40af8a9e8d4a4692158c9ae7cb5ffe368bb0cec1,2010-06-17 01:43:14,153,12
24701de9eea53086acf420afff0c0a24820815d4,2010-06-17 01:41:04,153,12
4174cc5d4070eeb76b515c1c08672ec6f972ad89,2010-06-17 01:39:07,152,12
e1f63579dde213e6298fb409934b01b1067fad64,2010-06-17 01:35:42,151,12
3977580d9bbb65f53e015dcda7d89df742ce6ac4,2010-06-17 01:34:32,151,12
ab9c73f7be3d8f24839d75a011b995161c0a3cc0,2010-06-17 00:09:04,141,12
b371b56a10d6fa8f09091fb850e1b56df2e703b7,2010-06-17 00:07:25,139,12
f8168f4b78cf85109291975117904ff08899ec22,2010-06-17 00:05:40,129,12
c996fc939fa117cd46377b4a27eecff9460710b9,2010-06-17 00:02:53,124,12
55d210f1d714a7ae1fc344b851a50561e24fce03,2010-06-16 23:59:45,123,12
b940c7c239b8004611da16c1ce73fa32c0a9b002,2010-06-16 23:28:41,32,12
