12a55b86ac273f79daf225d60289e3540ad928f0,2013-12-17 01:32:28,17361,3437
b7bdcb19ca558df274c9ae515e0bd67454f5dfdb,2013-12-11 23:31:13,17345,3437
6d0a168d6dbcb52593b19b45d5199da5fcdf94a2,2013-12-11 22:47:37,17300,3437
379093f9400dda0707e68034b9d0c6d54a4247dd,2013-12-11 22:00:47,17299,3437
827c4b9bda780a2405117443f141d5cfc393302b,2013-12-11 21:53:39,17298,3437
e5c8c94cd1f4ac7a188a668e33b35db5bce97ad0,2013-12-11 14:08:14,17292,3437
fc760c1604edda376e298dba8e90b29f0b3e9917,2013-12-11 05:16:44,17331,3442
b49c6508f53b43cc8240a7450417a6145c57dc2c,2013-12-11 04:58:48,17345,3442
48834891aca495ecbbe63fdaf3816be2eb5ff396,2013-12-11 04:30:55,17342,3442
8d44fa913b2235865530eadb803dfbb95c808705,2013-12-10 22:49:44,17317,3422
01ee2ada7c8ed6bfcf40f930ceb6609b53960152,2013-12-10 21:14:25,17300,3422
6e74ec2f717da38ce824bf7cf57163f810d08026,2013-12-10 16:49:44,17299,3422
c669d1519d89bc40c90351ce339a9146ef924bae,2013-12-10 03:39:24,17242,3400
a81479adbfdb1ea63f503d4044a544e6bddc3bb2,2013-12-10 03:36:23,17246,3400
8ebd5852cd2ddcc5f9369df21ca2275d857083a4,2013-12-10 02:49:15,17245,3400
10e350d47bc611dffaa9519ff603af832def4eb0,2013-12-10 02:24:31,17199,3400
df1a999031a98d83cb669558b8e7e55a2142f1b5,2013-12-09 23:00:09,17195,3400
5495e0b21a33d9144a5c9213fb751ff8b4e0e754,2013-12-09 22:57:40,17190,3400
4fb60221134e72ed17919e075f61f8020c48873b,2013-12-09 17:33:36,17188,3400
585e074cda7a28dfc613adb87aa52d2a5b9ebb0e,2013-12-09 17:29:45,17178,3400
d2e948600f813722d1732e6659332926dc6405fd,2013-12-08 06:05:10,17177,3400
fa3476dd2aa30eb00727f990839a88978df75ba2,2013-12-08 05:43:44,17167,3400
d4bbe3c9979d1e230208e0d83a068d0593346600,2013-12-08 01:10:02,17109,3400
8b0ea62535b7a6f13c35eba6193c6add0fe48bbd,2013-12-07 05:03:59,17044,3400
e14fe116db7d5973804aa6293a2878d7fbccaada,2013-12-06 02:43:11,17046,3400
654fe6117b188a3a65c7fc15939b1feed28793e8,2013-12-05 02:40:58,17045,3400
dc7be869708a09c1ce37d4eb6b0326861886b33c,2013-12-05 02:28:58,17044,3400
4076b1240050e21ee9e0f498487cedd1334766ff,2013-12-05 02:25:34,17019,3389
7af757a3fc1ca2d82657136ee6109c6972c4a844,2013-12-02 20:36:55,17018,3389
6768977c27143637372998e144f92c55247ca6b0,2013-12-02 20:35:43,17017,3389
9cfe1f0a9c49141bc86ba9a94e7fb15115513d31,2013-12-02 00:27:03,17016,3389
4f337df2d873acde1b5f5e07a3813b79adf70b1b,2013-11-27 02:45:57,17015,3389
04cf28dc0515a3247d65996583f5c35cc0c98a7c,2013-11-27 02:30:23,17014,3389
91a4c5611ea1fcf3192d809c43186cc5f41887ef,2013-11-27 02:27:27,17014,3389
4cc0bdf8ff0d9df9042e40f5d3dc6aa42318c6ac,2013-11-27 01:46:46,16948,3389
47eac96fdc45dca29c5d7a97ebb3135554a50137,2013-11-26 02:56:51,16943,3389
7cda916faaa1f724c94bc1b75a8106e2d8d6d92e,2013-11-23 05:00:24,16942,3389
33be5b0361ec8cdd2dc7cd954537a9fef772ac1a,2013-11-23 04:30:29,16941,3389
16f4d025abf09dada33c4cfb8ba227cb79022ac7,2013-11-23 04:23:27,16937,3389
8595ea812cfcb1f62373402d7dfa662d8fb5c29f,2013-11-23 02:32:27,16936,3389
ed7fb46b96c4ff9128364ef2ac67557a573e9d54,2013-11-21 20:57:03,16926,3389
063ee6fb67b62e9346ee1a53f012cb418eb95259,2013-11-19 18:49:52,16925,3389
f4918a623b056382e29528f4208942928a4f8ed0,2013-11-18 23:59:10,16923,3389
315cfcd727a555b5df85b98116ab9c6a939945d4,2013-11-18 05:01:28,17168,3389
1d81f2553d610f79450dbeeefdd3999051660ece,2013-11-15 14:26:45,17167,3389
6842148389cb53bfc38d4557af81100fdd4c30a9,2013-11-11 03:45:47,17157,3389
861f367de7549ab205dd283c5049e192f80a58f1,2013-11-09 04:16:36,17155,3389
0a359b586d26fe731ef4686174e9506162802b7b,2013-11-08 19:34:33,17153,3389
0819877701eb9973203d95d936597431f9b9eb00,2013-11-08 19:28:48,17152,3389
0a0acaad370d704a309dfd0f2307a1ee463a0803,2013-11-05 13:45:44,17150,3389
a26663fb3618df8b2a028f00434938ce75aa3dc2,2013-11-05 04:21:40,17109,3378
93bd11ea05cede66c3451d6992b7e78275198e52,2013-11-05 04:16:49,17107,3378
2b851be9bd73b66c189aebc4561e12f2a2041543,2013-11-05 04:15:29,17106,3378
5d672782fb5a64c370871cbb4fecc37663e43cd8,2013-11-05 02:07:51,17102,3378
12989f9a4e9aa44a7ad16cdd3578968085114efc,2013-11-05 01:59:57,17028,3378
db0b0f01609b5ce613ccecd74bce721425248889,2013-11-05 01:59:40,17028,3378
3eed1cfed19c9fe771da0ca37e68a2ae23ffd759,2013-11-03 15:55:54,16972,3378
e70c71edd4d716f686702dd3f86f728206003a07,2013-11-02 03:56:05,16971,3378
aebda2b7d8b76eb28e7df3c8de0902339231a90a,2013-10-30 12:44:49,16969,3378
ace1e0fc01b48c894c6392368f8c8d40ca82b15f,2013-10-30 12:44:11,16968,3378
342c3c8e22b0f7c69eef648ee92b78927544cd89,2013-10-30 04:10:18,16966,3378
700fb7cb6d08a7f799078787a266f5f7b4a21358,2013-10-29 03:38:29,16940,3378
1d72b1369f291b7fa135bf84ba5423603e8672c9,2013-10-29 03:37:31,16941,3378
08adcd4a3718c3db63e031ae05d00878998edd57,2013-10-28 19:36:25,16940,3378
1eb55119a30763217fc0d20a154e77179accbda2,2013-10-27 03:11:13,16939,3378
71d4319d5f4353df0cdfa2df7791aa975428a1c5,2013-10-27 03:08:38,16937,3378
6949006051ba8721c4d8c3fd73f35fd96b4a0d90,2013-10-27 02:59:08,16937,3378
727a705d67da70c8c64abbd785ce4449e1da8942,2013-10-25 15:00:05,16933,3378
9b40ae6b36f9f3be02bd5f63dcd1ec89782da6c4,2013-10-24 03:59:43,16931,3378
112aa8112d13901da1546d676ec005df35ac4a0e,2013-10-24 03:51:13,16905,3378
2397a1665808864a4a33cb2cc2536c067201191e,2013-10-24 03:49:50,16872,3367
2c11a6ec27d8416f806da96f500b61a192252b23,2013-10-24 03:47:01,16865,3367
32c7530ea6298d01b6d8c69a000f1f8989d67b4f,2013-10-24 03:37:44,16857,3367
6c001f10ab8877aaa1c0b2c60d9dc5be9203095a,2013-10-23 14:40:39,16837,3367
58ae8bc0cd6e602a150dcf50f76be51f4164ed2b,2013-10-17 13:36:29,16823,3367
3cd230d66ec189b5a388dbb867e6451e4c10de9c,2013-10-17 13:23:26,16795,3340
6e77788a065d5ea9f3f96d0c30b6574ea5c79cf4,2013-10-17 13:21:47,16796,3340
b0ae2c69c9924d748a832239d5578d6146de9986,2013-10-17 13:13:28,16795,3340
61e6a834cb09e5a85799f9f6365bdaa37e612dba,2013-10-16 15:10:28,16794,3340
6f7935857a607f70354b55f3d3f701b26005a70e,2013-10-11 15:35:25,16793,3340
976cddf477452aeb9be67db4eafd4f15180fbec8,2013-10-11 01:49:55,16783,3340
441b6d68c26deb3390c8887d0f995f389046cbb4,2013-10-11 01:48:27,16781,3340
110aeee9a21a2ead1afe3325852be9f79caa13cf,2013-10-11 01:39:23,16777,3337
848a11b3a8275ae932d45c8e98a5aefb7c2fd3f7,2013-10-06 00:38:09,16759,3336
41adc30667bd48a2a7e70b3c7573ef1dc6889792,2013-10-04 18:40:39,16758,3336
55f4c3a0fd0aa885ecc8ee87ff4e7316a9642a1a,2013-10-04 17:37:11,16757,3336
04c0c2d0bb7ca2c0d3052027b8a4849f6acd9e00,2013-10-04 16:58:58,16759,3336
06a757f15689f78f40b4a277b083ab4d5e05a300,2013-10-04 16:31:22,16757,3336
31b6a930c470635ca5273d6ca6628392e8d44fde,2013-10-04 16:29:39,16756,3336
c32e317236d552735c8ac802625d94c47493bfa9,2013-10-04 16:28:56,16755,3336
9dc6fee9c5a5fca6393ede029bbae5fdc6b77949,2013-10-04 16:27:53,16754,3336
87693eeffebf812a86fa3b0240c61c969952350d,2013-10-04 16:27:19,16754,3336
558dad7e707d1526a0e03a54c4bf20aefb937854,2013-10-04 16:23:30,16753,3336
2763d785b862f87d2404559ac1989244d8dc43f5,2013-10-04 16:21:15,16752,3336
d32e3a06b4f35e356dfee3acb05840e3b6a743e3,2013-10-04 12:42:47,16751,3336
a5cb8c9f64651c7067eed08c88fd4b1e862293f6,2013-10-04 12:40:45,16716,3336
7d56426d50c1e2f3c3061cec92ee83532e9dfc22,2013-10-03 04:12:36,16715,3336
bc71dc84f1cc527ac65d05621d239c16b85da496,2013-10-03 03:55:13,16712,3336
92750c3cfdd23ae770e0056a7713e59f2a11fd3f,2013-10-03 02:51:32,16648,3336
6d74b4df009f22dbe8ef893702359a1004b4df79,2013-10-03 02:48:03,16648,3336
09b5477856d90ef02ac93f9730bef156c4a439f8,2013-10-02 21:07:40,16630,3336
cb8572fedbea1876c8baec8bb096938b8ed31305,2013-10-01 03:55:26,16629,3336
246825ac12ae1d3e7af00a19a5983d12bdb8c31f,2013-10-01 03:50:23,16626,3341
e8cab9da26c9cc89dcee2d3bebfb1ac70de6a420,2013-10-01 03:47:18,16427,3271
92907c9545a7925cfc8ebfcb529144daae5d2169,2013-09-30 21:41:10,16424,3271
35336bfff4335055d3c26ddfd9f0592b00dbf481,2013-09-27 19:12:50,16388,3271
26803c28db23dbd0b6aa7b7c565bd9e1f432eb8b,2013-09-27 19:11:59,16387,3271
dd6d0b42fee22b4fd6cb0e1a9c45119a6107d34d,2013-09-25 16:11:06,16388,3271
b0694e96d12ba7d976a955f167bb34bd6badcbe6,2013-09-21 03:02:40,16356,3271
1bfc10dd32e1ab78b599b4745bbfce316b337d75,2013-09-21 02:59:03,16366,3271
7ccb62e5243b660d975f0214a2cc004748629df0,2013-09-19 02:36:27,16356,3271
bbd275840b67daeaf6bae0f3e2bcb7e8109d2c1d,2013-09-18 17:52:25,16328,3271
5f6af4c215735508b38dc934f3c62a460c10cc1b,2013-09-18 17:51:56,16327,3271
f7beb6bff018f949a8fefc3adb69a326b8184e0c,2013-09-17 02:38:31,16317,3271
045464c8d40f7fe37a88c01c495afd23a72a9b31,2013-09-17 01:38:47,16316,3271
bff0f9e53752c83f45eb9d0244042101ac9a87fe,2013-09-17 01:35:14,16315,3271
454e038fad4f434ae0b9cc340f2a4a490d87ced2,2013-09-17 01:29:57,16281,3271
c376f345faf80920ab67779312368df6e4ba40ea,2013-09-17 01:29:17,16280,3271
79c2d5c8f7e762884626fd66d7eed081004dcf0c,2013-09-16 00:19:38,16262,3268
6d28d5f95f8126303cea174873f6f9534ee5bb16,2013-09-15 21:26:15,16260,3268
ab4fb8904342e88d71687649c8caee45e87ab93e,2013-09-15 21:13:02,16259,3268
30bce38ef25021f32f55770217c51ae5debeb7fb,2013-09-15 21:11:22,16259,3268
94eed4643612522934ac0c354fa066011fab8d3c,2013-09-15 03:21:15,16259,3268
d44579833042ac85f571de3d86b8b087bd05a277,2013-09-15 00:48:20,16205,3268
a1e16b3d581bb06b66531c089e549da04a6af8c1,2013-09-15 00:45:24,16204,3268
97cb3f1336a3873a875276a00694f9cf999e187a,2013-09-15 00:16:26,16179,3268
5355fcf02d35db68ac72d5691fdf5a324b31b9b4,2013-09-15 00:09:26,16179,3268
1473448dfd55ef51c994bef1a5f4c153b6e0ed4a,2013-09-14 13:00:35,16173,3268
214c851be5d0210c6dd499de16a8ac41168cd812,2013-09-12 18:02:22,16167,3268
c38220f45c09844467eba15c3b5dbf1843be091d,2013-09-12 16:45:19,16166,3268
c219323384a6c21bd0e86515175aef1531abad4d,2013-09-12 14:38:02,16164,3267
e65305990abc335cac9ab11110e4ef42355d7cfc,2013-09-12 03:45:01,16164,3267
3e936e8b756622f077858cf7e4f7029e6e687804,2013-09-11 23:15:47,16142,3250
70d9225d9c8560f8f1bd3118afbaf667f7f936a1,2013-09-10 15:57:14,16142,3250
94e001e549838aceb4881a9636652b8fd1c6a163,2013-09-10 00:23:30,16141,3250
828c4ba2701575c1a11a030d53ba4d4cce68fc7d,2013-09-10 00:18:43,16139,3250
f7bccfd08f5e04071cc8416d0919941cb2f4ae0b,2013-09-09 15:16:24,16138,3250
0dc86aa3f31908d086c0cc5e7f1ec466e777adae,2013-09-09 13:06:59,16138,3250
73789f20e129f5c697ce7453c336c3f1aca2d815,2013-09-07 05:59:48,16136,3250
b741e65f991f093a98f8b948ddfafdd1bd47f605,2013-09-07 05:55:07,16039,3250
2d8edb9516531f974c7fce4877a2db74ef4c49a4,2013-09-07 04:11:20,16080,3250
d48f339a1fb8dbf8b2087ef6082e14d3a3e47aef,2013-09-07 04:10:33,16079,3250
c6ae8043a0cf945e34eedc3a7e00d3bb4df175b4,2013-09-07 03:31:49,16079,3250
6c5f7c587ea9d3727959b3e8402f3aa9c1d811c1,2013-09-07 03:25:24,16078,3250
71a8843ecdca9837680c74003bd8beb8bb100ae8,2013-09-05 21:56:40,16038,3250
c7c18507e3645098ed5085197e37d849e6ad77fb,2013-09-05 20:27:03,16036,3250
f0604d49562b5425e8b45f10e06d62b13c2dfe5f,2013-09-05 20:23:34,16027,3250
3803d555efca1f45541937acf118abe0a0622867,2013-09-05 20:15:41,16023,3250
ce6925b4875e45a1390cc484ef4962356ea30f6e,2013-09-05 20:12:16,16022,3250
da1e6d27c252c01c11267bc0011fefba09f5efad,2013-09-04 14:37:47,16021,3250
22847029eb9b1497bdf4fd2e003947d12489bc89,2013-09-03 18:00:43,16019,3250
2cc5dc3704984c465b4e0b1183b37dfafc07b5e4,2013-09-01 17:37:06,16015,3250
4a7da0070f1ae5cc4de642df9cfa836fbd1529de,2013-09-01 16:39:50,16014,3250
8a431686cdef7cb841c0554ac8f9c4d8225c459a,2013-08-30 22:41:56,16012,3250
39d8f40b720f6a18c7760dcbf886a7156d33637f,2013-08-30 22:39:27,16011,3250
9e0ed0739957a926c45a3acebde364aa3ff55ae7,2013-08-30 22:33:07,16009,3250
bed29782557fc03ba722bdd174388e23b5e000f2,2013-08-30 22:32:37,16008,3250
289117d4fe827640a07d9660105b3586bc5b70fd,2013-08-30 03:21:48,16007,3250
49c529f4209cab8d7d2da297bb38d432c71d685f,2013-08-30 02:58:47,16008,3250
590d22d628ffdfa5add8d4318c72d95709a3ac7e,2013-08-28 22:13:18,16007,3250
b3d831d4ab7344c8841190953cb5161ebb9100f3,2013-08-28 22:03:57,16006,3250
5033437fa53f542045db9b1a66c4842271aa8494,2013-08-26 21:02:46,15917,3222
0c1d27fc66bbe9cc3135ed702cda00ecc9445147,2013-08-26 21:00:30,15876,3222
0b4ba4f771665de7541b31912f11108d34d29614,2013-08-26 02:34:23,15875,3222
34e3dcdb9f8f08955f475c884ecc6a662bc62fbc,2013-08-25 03:17:37,15874,3222
e50217a2cefe43e39fc299774a6769ee17fca779,2013-08-24 16:08:32,15848,3222
07d23535af182f74846d69a850b63788f4edc25f,2013-08-23 16:08:14,15846,3222
06bf97d3325949c5b597103fbf13c5e123077eb2,2013-08-23 05:39:54,16337,3222
a91988d43634950eb37da75293b039f32e27ce31,2013-08-22 16:11:16,16337,3222
a3b63662baa21663724add8511ef6e29a5360efa,2013-08-22 02:00:03,16336,3222
eeabdd7bec711b476ade4374a1fe4f5fb270f8cd,2013-08-22 01:53:02,16333,3222
d40e7942c5461dc9c6da45221a2a3eea38f8b0c0,2013-08-18 15:59:11,16332,3222
ac4ca1edc3c19973aba14411b289ae6047852ca9,2013-08-16 15:56:36,16293,3222
751ed0ab58448145725a5210cb8893008cc41782,2013-08-16 15:56:07,16293,3222
6f933dc52437529896a454cfe95a235d1b46a16c,2013-08-16 15:55:03,16292,3222
c261eeaf6fdd609117fc54e416bef4f6afaf6187,2013-08-14 01:34:17,16292,3222
cb57ede320458f3467acf37082cf73ad001294d8,2013-08-14 00:36:59,16291,3222
b039aadec04a82889de32f26bbda27d5d14b5d33,2013-08-14 00:24:06,16260,3222
46f9fe545cb2a575fc13b68627a9264924ddb203,2013-08-13 15:11:57,16259,3222
a5b035ece80621fc92f1a5d672fda6f2d2cc8f64,2013-08-11 10:52:24,16258,3222
9e11a7f35f4d738ca383be971b2edd92bb7240d8,2013-08-11 10:40:28,16257,3222
4c4a0ca246068d57cf69575a762876a690c72960,2013-08-11 10:04:52,16237,3222
8d23046524187d49c98f0979923a4863053a08f3,2013-08-10 03:23:44,16236,3222
b3e3d8a734f7629d0f722401e979a54b56538889,2013-08-08 09:41:03,16235,3222
bad5ea55d16fb714b9e86ec8186deed4a8081973,2013-08-08 09:15:34,16198,3206
a87d6f9dddbc40029f535e4d960347f580f98522,2013-08-07 22:29:34,16202,3206
983c36f5571b60f99748b27f8abc1ca694d52507,2013-08-07 21:43:41,16171,3192
ab0a39fde9ecbf691a43a347398091bb3871d8d2,2013-08-07 15:13:03,16170,3192
a7356f065d04ad422c35bb568ce444adec549036,2013-08-06 18:12:26,16169,3192
aee7a41bc3545b6cccac0dbb7949e5ee47af591a,2013-08-06 18:12:26,16167,3192
ece35e5e3646d7006c56a6ad084f2f0707e46646,2013-08-06 18:12:26,16167,3192
fbecb6b8754c70fb5fb2d99f06acf542f29f68d6,2013-08-06 18:08:27,16169,3192
e3abda98975395d1c29ecc85f23bc311f2417457,2013-08-06 18:06:33,16168,3192
14daff8965fab68cffcb1980ed0999c736ed1b4e,2013-08-06 16:48:49,16168,3192
f17f7992211311315d0ffb97aeef1601269d643b,2013-08-06 16:44:20,16160,3185
9193f5ea60db5cf3823b0e67f806e9be2d978234,2013-08-04 23:25:56,16157,3185
d08edc4ad6672a22db958ea9419961d50acb8e5b,2013-08-03 18:28:00,16155,3185
51cf55ebecb48d96264f8b24658e5a555b8bae54,2013-07-29 17:55:49,16153,3185
2fc2558b04904ecd33b7137e80c77bf1eec9083d,2013-07-29 17:42:53,16152,3185
8227f5e7b61c77bc7b4acf6dbdf3db0ec276d430,2013-07-26 15:01:16,16144,3185
09e50a50082c79a1a23be37fb0a65cfaec98a367,2013-07-25 18:53:36,16142,3185
a88493007cca41ca7cd63b542f893c786028ad53,2013-07-25 17:48:01,16140,3185
ec9d6ab693f4f161d4c32f7e7cbdf1ef4dc9a5db,2013-07-25 14:55:19,16140,3185
0db5dcf832170034f10eb3a98a4c8cb4ba069f19,2013-07-25 07:15:34,16137,3185
49189844ef55e8443058fef3257bebdcda7e9248,2013-07-25 01:27:24,16092,3185
fe10f21d8dd2e89df4311e67280b1f4e01ef6c3a,2013-07-24 20:42:03,16091,3185
8e0a4e927f49580ed7981610edd64da5a10e92d3,2013-07-24 01:44:11,16049,3185
dd4ec1691b89544f853970e3203d9e60ec4634be,2013-07-24 01:37:06,15918,3100
8e7b6bf5ff56e6bb8d0f1019c19b351f1d600e39,2013-07-23 18:00:27,15916,3100
9e22d23801fad50a7b69d84c0827a216a57a6717,2013-07-20 22:13:44,15894,3100
f4d6ffeaac3ef6be7d2df0ec2c568cf0673751e5,2013-07-20 22:12:31,15892,3100
36e5d5da036cafa86de6120aa468b5b18ceadbab,2013-07-20 22:08:05,15892,3100
234f35a025b515a30460ed9038b1fadd257c6510,2013-07-20 22:07:25,15891,3100
258c7d6e4a0c064ec46ed5234dde9989f3b0c52e,2013-07-20 21:57:29,15886,3100
b3b46f28740240563ef523e6e9c3a2a56f138513,2013-07-20 21:55:21,15864,3100
2b6bd5a40f76c897e3ae06caf9828eb2eb1a1396,2013-07-20 21:54:44,15863,3100
4df051c49bdb05e75ec86568f2e1fde92165cfdb,2013-07-17 03:49:32,15865,3100
840f57ca07607f23188560d700d4f2bdd5567f48,2013-07-17 03:38:02,15851,3100
475c4c399db58e4bf3318f4cf208e893c60fe329,2013-07-16 16:05:53,15837,3100
37dc75941055c7543bc78edb8a027ff2ca11c054,2013-07-16 16:04:56,15836,3100
1f6839baca0500efcd010ac8c89e6b9f9f9349cf,2013-07-16 09:24:14,15835,3100
349ec1f75dcb5750317ce8b5ff570f9b989d8ff3,2013-07-16 09:23:20,15833,3100
404332ae359d4cc853152242f3f046c7715e6efb,2013-07-14 18:53:47,15832,3100
11142992ae28742ed35314b9cf36497901f969bf,2013-07-14 18:14:26,15830,3100
e5b2b9b4cd8905394ad067d7a1dba60211a6da1e,2013-07-14 18:12:04,15830,3100
05e843c34bfff792337d6617a229e674c604df65,2013-07-14 17:58:18,15830,3100
07406baabeb36c1c3e1d2455392fec672d91dffd,2013-07-14 17:57:09,15830,3100
e8662422e3afa3141bff897abd5a735170456b58,2013-07-14 17:53:48,15760,3100
d572e588e8761d25c7dc73de9c3ccf6b69bd7530,2013-07-14 17:52:44,15759,3100
5d91b8f346983a5df604346d1b6c34a355503ae8,2013-07-14 15:48:34,15703,3100
e95086b211725165225ef3aec7e7b463bf42e3d0,2013-07-14 15:47:13,15703,3100
db0be233cf31ea894189f4c633f05bcb5965e5f2,2013-07-14 15:45:56,15703,3100
d815c12571e051f5031f7fd855d41ff1e7fa23e2,2013-07-14 02:22:34,15691,3100
21b52bbf70b1c4acb74fb80e0df0f89ae54e1e85,2013-07-14 01:40:37,15694,3100
9f867c8014f079f979b05aa9e294e3e94ef705d2,2013-07-12 16:29:04,15594,3099
86fd1c5dd4bcba815adaca71b90872e9ae4cec39,2013-07-12 08:52:28,15576,3090
e1ecae250c6dbf67f4226552e7ebb5742981d1e4,2013-07-12 08:52:00,15575,3090
05b9d6d7366f30e368b8ce91dc3e7cc4a8331947,2013-07-11 10:00:04,15587,3090
d10007182de5fd6a61a97e06cc69cc4c83fcf6dc,2013-07-10 22:14:38,15559,3090
07896a29236c90d061dbce7805a1326e3c7b4d14,2013-07-10 22:12:54,15550,3090
1ca967b8396b0b2d736682b576769c9ba74c64b3,2013-07-10 18:41:26,15543,3090
530ad082101397d3a961de97fdc7b2f17bcb8660,2013-07-10 18:16:56,15540,3090
73f942cf7d6bb36c0ac02fcf04006429fcd55ada,2013-07-10 11:54:02,15540,3090
42ac16b28f76ce9a5ab48c7354c995ff5e9920e9,2013-07-09 21:17:14,15515,3090
f6db08302bd1ee2974017054506161bccc1135ab,2013-07-09 21:12:13,15322,2993
79f95b7a1c035e7279746169e15933136dbe78dc,2013-07-08 20:21:10,15301,2993
6afbf2b05cad4a86507317ee34543f85c3aa231c,2013-07-08 20:17:43,15300,2993
ff48b88a4fdeb35a7f4e061bfcbfb289f5f2ab94,2013-07-08 19:01:35,15295,2993
dbc20b787df10833494781c2fec880d87e930b84,2013-07-08 17:58:06,14923,2993
af8266e320dd61d8c5af5a8ad67d2da205b04169,2013-07-08 17:50:13,14916,2988
be91ee3df2d5d7831e55493697ef1a9a45093a70,2013-07-08 12:58:20,14922,2988
2bc050133ca3bb390eaab268f8157ebe73e1e41a,2013-07-07 22:47:14,14922,2988
c688ee67b65b3531afb350b840f59ce689aab881,2013-07-05 14:04:37,14920,2988
6eeb2e3f7e30200416259d9e0b46320b71bc7851,2013-07-03 09:48:13,14918,2988
45c7de0bb2736187eec05824cebe7e9c5848e06b,2013-07-02 23:01:20,14918,2988
e1dd55a6d65e94d6dc2a75019244f9c4f7e5d489,2013-07-01 15:41:11,14916,2988
4118886c2b0bf60bade6d4fb388f3021c9fce535,2013-07-01 15:23:24,14916,2988
7e750f3230ad84777855ae416b8e25a586a10ed0,2013-07-01 14:53:34,14910,2988
826a70f54f90f7424a4eaa6dca9002fda6f7b085,2013-07-01 14:46:33,14889,2988
a8123e06f0b57658c9a652e50b6354db0287e2c4,2013-06-30 13:56:44,14884,2988
9509201670d30d46abc00ce25490d00fa955b50e,2013-06-30 13:55:36,14883,2988
13a88a6d09d28f5630b47b2d1ce9aaf43aaf8d8c,2013-06-30 13:52:47,14873,2988
99bffd112b14dddb9e560abe51f716e16d9f622f,2013-06-30 13:52:04,14872,2988
a6e48327971c336669e94baf4bf1a3164b83c85e,2013-06-30 13:46:12,14870,2988
f25fe1c86fd6d9fb05f23222711e3678d4453371,2013-06-30 13:45:30,14869,2988
1763acd6f9bf686088fcd89747783e6bf45b60f8,2013-06-27 18:21:23,14861,2988
744cc3c001429b6b83b23b0de74b549c0f8527d5,2013-06-27 17:21:35,14852,2988
a26ab60ca4106523c20c91c9a32ab0cfb093493a,2013-06-27 16:58:49,14849,2988
f652d0d0455887f4f1f1faed95c227a45e895e3c,2013-06-27 16:51:39,14848,2988
bfdcdeebf10ab107fc71c3c0ff0ddb25f35766a6,2013-06-26 16:33:42,14847,2988
a1b4537d139221c867f0b9af2e7654666c0c58d3,2013-06-26 16:31:12,14847,2988
63390ecb938621a0265b134f16afaaa157f96424,2013-06-25 13:20:37,14846,2988
ae85b57bdd14663422d1c410a984be43ed8dcbfe,2013-06-25 05:26:36,14830,2972
175c3a5ed17a41c33989f96c2caba3be32bfb468,2013-06-24 21:52:25,14792,2972
84113c367473ab3ecb32a2e8d406266d9f0bb25a,2013-06-23 13:07:17,14755,2972
22a6f0ada3435d0d0de26d44c50ec01a8fcb430c,2013-06-23 13:04:31,14663,2978
55f77d2ced0d922aaeec58be0d14821b11f14192,2013-06-22 10:51:09,14664,2978
99c700a8a48a0102c815d2f3ae3af1cc7dcd6774,2013-06-22 03:39:28,14664,2978
58dacf796fd31d91e2204d85060eec41f005782f,2013-06-18 02:16:31,14660,2978
02037b5f6311eb33400601d90ec57f0921fdde8f,2013-06-17 18:06:52,14658,2978
98247a1c95444468d3619b04ab648b5d6593e24e,2013-06-17 14:19:07,14659,2978
872eba313c688e06236156b9c37486f156da5d07,2013-06-15 12:16:30,14657,2978
7ee89982e80be95548eb3ffea01eb99dc7ce7dd9,2013-06-13 12:58:39,14656,2978
e5d2b2fb9aea03ea8fa7a46047949ec117a99350,2013-06-13 12:57:50,14655,2978
4c750da1bebd4700e564639d228f83a33d746acb,2013-06-12 19:45:52,14653,2978
f9d26bfd51695b28879930dcab88148d268a097f,2013-06-09 16:12:03,14652,2978
9b668be2815bad3fedffdb38108a67a3a4b48024,2013-06-09 16:08:55,14638,2978
bbd789e5492c60c638b4144f53a603158aa0d54e,2013-06-08 15:47:51,14637,2978
c4cf167ff1da4782dcf6cd16f2f79f132fbc99ad,2013-06-08 15:46:58,14636,2978
03bdc2a2df8d650e4fce1ed00e10c75e0f4e08de,2013-06-08 15:34:41,14624,2978
f288eb271d7341ac0657df0392e14f1c8199c6bb,2013-06-08 15:32:23,14623,2978
c294d6573031e29951a95822dd6da66a0982da7e,2013-06-08 15:32:08,14621,2978
1b2ae456d107d5f012dae88537e88bd18f99d566,2013-06-08 15:26:40,14621,2978
10e3f67f1f38b743972b2ab71941fc084c5b0c03,2013-06-08 15:20:41,14618,2978
96051568fb55adcd3704ea969abc128b2aecff90,2013-06-08 15:20:27,14593,2978
f8bb36c1cda306f567d18805d6949b6f5296732f,2013-06-08 15:19:14,14608,2978
700d840a06649309e15bd1fa946fb14925eb380d,2013-06-07 19:02:13,14603,2978
32143588ef6a1a2edaccd0e96ae8524ebd7cd32b,2013-06-07 18:56:21,14596,2978
f211560dcc8ae4d1bf9ae51d5a07545641ae533f,2013-06-07 18:45:08,14545,2938
004125bcd223be762b340983e89ada96471f6a4e,2013-06-03 19:02:07,14540,2938
4270cce2e007c3d4d32f5b72228bc0da62f4953f,2013-06-03 15:09:43,14529,2938
a3d17772516d50898129ef511d07536379efb1ed,2013-06-02 17:07:04,14528,2938
3d267b3baad24dc7c53c84fd675fa02d770434ea,2013-06-02 12:31:50,14527,2938
3ef819833dcf6e5eb5fe71934693bb727b3c7ba4,2013-06-02 12:30:53,14526,2938
5e6a4135b4d2403e40f5b796a5b23771b1445f13,2013-06-02 02:54:00,13951,2938
b3908d5bf7cf072b04918fd79f912cb7c98b329c,2013-06-01 14:07:14,13966,2938
d9784fa55c03d705ba383380c24c87d73fcab485,2013-06-01 14:06:21,13966,2938
2dad826aff6e5824a1d63775ed52526fd1c31e9b,2013-06-01 14:04:45,13966,2938
6296010c438c88bf7dd483494e424e8b51e94d40,2013-05-29 10:06:36,13950,2938
19ec56c494c7fc725c8252ad0b7d77438022f563,2013-05-29 10:01:16,13931,2938
2defdad3ae3e7a919d3e51d024f5da9f2c23f4b9,2013-05-29 02:38:19,13931,2938
8eec9f7759d7cebcc2ac77fffa7bf9b88598f96c,2013-05-24 01:32:40,13929,2938
da7e44cd4697f4a41179b4b1c4014867fb01a579,2013-05-23 21:29:46,13926,2938
23d0c130a5622193d116d7161e6ace43eb826e9e,2013-05-23 21:27:06,13915,2938
5cc65de6288713b4168f4e39b188d4a6790ac5c1,2013-05-23 17:16:06,13874,2938
afc5cf098a189e3cd3dafa9c332f71fdf0170b6d,2013-05-22 22:00:40,13874,2938
8ab49151822f72146d38499bfc302682ea2c83f8,2013-05-22 21:51:53,13874,2938
cbc0e72847ac3e208a78929f02e99acc9d0484b8,2013-05-22 19:42:18,13875,2938
19461bc186406e125a3da380e7c6b916282137e7,2013-05-21 13:36:29,13866,2931
9ab2448e5a32e44460bd093764a74dcbe850668d,2013-05-18 12:09:05,13866,2931
70d38c70f7f16484d3a56781cd2737765f229222,2013-05-18 04:16:26,13865,2931
786a120b5154c9f6f87649b98cb37b738e76834b,2013-05-18 03:49:09,13857,2931
6a7ed52b37635660e68ab427fa6b6a1773641404,2013-05-18 03:46:11,13855,2931
9614d516f03151b91e1a7ab51fa9d03699faa705,2013-05-18 03:43:56,13853,2931
3e7b0bbe47f78103174d5c5c96958a1e79b96444,2013-05-17 18:44:29,13814,2919
d1c626f2e26afae1684ac8aad21b9d21b06c8c51,2013-05-15 21:59:51,13817,2919
784aaee40ab9f85c8f2fffa661035af26a737817,2013-05-15 21:58:32,13815,2919
98923f87b59bb5e59b7c66743a035a60224134ca,2013-05-15 14:26:41,13813,2919
5258e3afa3fd76ec283dd8e357225fd363004d20,2013-05-15 13:15:00,13736,2878
7b22502c94fa5805e6a7b0a0623c32d54f4c2292,2013-05-15 11:58:08,13736,2878
8537c6770ea908fa79ec2f31a163f697d32d1541,2013-05-15 11:45:16,13734,2878
8877d0db6649596db00b09ca9090d28290364ba5,2013-05-14 20:03:37,13733,2878
7186a557f62c1ed5bffa6bd67c464ea8e146a26d,2013-05-14 19:01:06,13732,2878
7611b936b102daed30d9c56a74d08948b4a3baaf,2013-05-14 18:58:28,13730,2878
8793048add54bca48ece126da94c683d80d36638,2013-05-14 18:29:14,13730,2878
3f21f87ccfb99c879e4c0fad94a10988c83a3664,2013-05-14 18:27:17,13730,2878
03887262a3950843e87de8109435ad19a3820528,2013-05-14 17:58:48,13729,2878
1ce36fb1ffdf200dc9878fecfe912d3d8ce99f98,2013-05-14 10:40:04,13721,2878
d99b4324e70760d09cfe3ae537cf849f113f92b1,2013-05-12 21:19:38,13720,2878
6aaf631fcf06251b9417ea7e43c1dafd093205e1,2013-05-12 21:18:25,13720,2878
f1c5579c5b2043448f75c86e1e56bd9c28118b12,2013-05-12 15:54:15,13720,2878
483ecec2b48e0eb0d3710fe8b98df50e15253e8f,2013-05-12 14:20:46,13697,2878
208becee86645168abc3a08581846a070af3aade,2013-05-12 14:20:05,13692,2878
f56090be3f05bda8845f75ead25bbdbd8aa2a163,2013-05-12 14:05:18,13674,2878
8051df0f4ca4df96e684661f610e8a3b97bc2e1f,2013-05-12 13:26:45,13675,2878
56e7f7688e7c8c6c7deac12be2fc87d61e5d3de4,2013-05-12 12:08:11,13667,2878
61faef46cce602feff9b8deb20dba5c2c01c4c93,2013-05-12 12:07:30,13666,2878
7671b45a929ed70b9e68b008977f5be530b4037c,2013-05-12 10:12:49,13644,2878
427bb6aec7682926567cea19eba92cb7616f1461,2013-05-12 09:57:56,13643,2878
91317b29b330cc791ea5eed03bd8f84371a0b632,2013-05-12 09:53:37,13565,2878
d9e056bd6052db4ace79bb6db0aacbeee8b02f04,2013-05-12 09:51:52,13551,2865
665e8d15f70a0d8a9a550f55a38370578be17923,2013-05-11 23:43:36,13541,2865
470a187395c7eaf2c948d94ed719d0a33d3d198c,2013-05-11 15:10:50,13540,2865
d869f9934548250c029231eddbe6dbdf0cba32ce,2013-05-11 15:08:46,13619,2865
d675ef6662bb2628ad6a6fbb7378c9e6da496b7d,2013-05-10 21:28:42,13620,2865
fdceb50595bc374db0ab5f81c3c46e8f7aac9a9f,2013-05-10 21:09:12,13620,2865
fe921190c7d174037a70144b5655c94bcf9470a4,2013-05-10 21:05:59,13620,2865
9530e56176ab9fbec6fa0e15047c38c921761bc8,2013-05-10 20:57:51,13619,2865
23087b9c3f987ad7e05907a671b530ba31e1c928,2013-05-10 20:55:27,13619,2865
d8070ec6be922145e341d7f57d407428fb4e2941,2013-05-10 20:55:01,13618,2865
6bd7feeaa876d899f16f6be517c18478a2771491,2013-05-10 20:13:32,13618,2865
65a1b33f6c05bba1b818a0cc7a230d665d3c4599,2013-05-10 19:55:57,13608,2865
012717ed0434c518989f60fb5a538a5b3d4b64de,2013-05-09 11:51:55,13605,2865
8d0543d54c884539495443599368e6c008bb16c4,2013-05-09 11:51:25,13604,2865
3fbddc583c36981c49b3050af41a7cb6f2482383,2013-05-09 11:48:34,13604,2865
0c04e5d55b9b574a9f9cb2fddc8a6896808e070c,2013-05-08 09:55:19,13602,2865
8bd14f18f60cd76ac0f545ff49e0a4dff6970f33,2013-05-07 23:06:11,13600,2865
abc633a36abce182ee5b36c35a4ec22845b007a8,2013-05-07 23:03:51,13593,2865
c758f8d24f51dece74923b2d52d0f64026505fc1,2013-05-07 23:03:14,13593,2865
2bee768e7987b0c9528db431c915aba217671250,2013-05-07 22:58:31,13593,2865
3fef9607bca07290c173fbc4615c873a24d0ad8b,2013-05-07 21:54:02,13541,2843
25cb387953ea4a33a3921c280a217117bbc838c7,2013-05-07 21:53:17,13540,2843
eda088136fe4d54ca1c5500d0d1dd4e7cce686ec,2013-05-07 20:13:21,13540,2843
81fea5ae22b1d35e82757bea44e1807b6d694882,2013-05-07 14:46:02,13530,2843
5dd3b0b71d1bea64ca813fc30c55fd7e6c0e2623,2013-05-07 14:45:15,13529,2843
f9e3cf21f926749a09fa101ea572d26dab303ad2,2013-05-07 14:45:06,13529,2843
cacc0d08720170463df219b3ef838305b107c85d,2013-05-07 13:20:50,13529,2843
ea29bff239ef211781135f04151b27dc5d4399d4,2013-05-07 13:19:09,13529,2843
b625dbdbe37784338cc6d465c45dc739f1e26bb0,2013-05-07 13:18:01,13531,2843
877e328650a2d741f66b3f73211e38deb601057a,2013-05-07 12:32:37,13515,2843
e12482fc6b749642e39cc12163ee2ec8511ecc65,2013-05-07 11:16:15,13514,2843
d0a9948eed2560702b5b0182f5e6b46529e0be31,2013-05-07 11:15:03,13513,2843
7dccb6c9967e1f96c731177c666f98cc9f05b748,2013-05-07 11:11:17,13515,2843
a0ad8a4031bbdd49f0fa77f12623181e29d0b4f9,2013-05-07 11:10:29,13514,2843
dde2d7c3f6c6abf6d2cc1f23dc5ce0591ab78ba4,2013-05-06 20:10:18,13514,2843
c7b707cdfdb2fe6fd99ea639ec7d7bb4544a2761,2013-05-06 18:17:28,13513,2843
60bbcaa86334e5e29f7a474a05169d71a21f08f7,2013-05-06 18:06:53,13513,2843
0c76792aa78146ad32249d83ab57a9786858f8c8,2013-05-06 13:27:36,13513,2843
dd242db3da0b259e4d19b7a5683f2f44707b1ca9,2013-05-06 09:15:00,13514,2843
a5a6be1b1b7d2d67e7c9993408c498c0ed040235,2013-05-06 08:51:08,13513,2843
d30117aeb27f7939c506d5064923b56f88496ff7,2013-05-06 00:07:51,13513,2843
21e99430bcba927ab09715ed65b7549992a41b27,2013-05-06 00:07:11,13512,2843
9f94eaf061b7940119afe6864abcb4fe82d98b33,2013-05-05 23:16:34,13505,2843
9f6da26bb481ee394b143511d34d4b15dc240741,2013-05-05 23:16:14,13505,2843
4d9d6b689bdbb31cca630534d4345f8e9d7c41f6,2013-05-05 23:00:00,13509,2843
58103d11c9320cd21981c19c57266c2db36b54d0,2013-05-05 21:51:10,13526,2843
24d694e6a0ceb7b6b10d802259ad0fb3c82c6029,2013-05-05 21:42:08,13525,2843
0619265e5bd16cd9d5db2f8713d5b7738ed5286f,2013-05-05 21:39:42,13529,2843
06beb4b72b40f5da10e063bfd6567e9cd6ce465c,2013-05-05 21:02:45,13421,2843
bcf14641623297dbf953fceaa28de745b590aed3,2013-05-05 20:58:55,13406,2840
8bd1e0f06e509b4833f3525df8e0edbe32f189b1,2013-05-05 19:08:03,13402,2840
3e670e72abf5fb4c03e5b4f42e90d624fb354827,2013-05-05 13:20:18,13395,2840
20334aabbe39008453fc9449d174df3971c122d5,2013-05-05 13:13:17,13392,2840
9179f56ed7f17ee396335ca86b11d3b2cd14d15c,2013-05-05 12:59:50,13383,2831
0edbbc16411c5f323ecf1324333677fbc0170f36,2013-05-05 12:22:01,13369,2830
0d49aacc2938708bef433a61166c9ca7a311295a,2013-05-05 11:49:34,13337,2801
bd0ff6644e2a1b91d3c294f4665a6fc1fa287a42,2013-05-05 11:44:09,13332,2801
67aaada839759ddb5b3526badcbf3e6bd9f7c7a8,2013-05-04 12:57:27,13295,2778
1c4f5b4ee54cd62666330001543538d4a36f310e,2013-05-02 21:55:49,13295,2778
4c7b9cb953ba1f38d1efcce562ecaed6a2512366,2013-05-02 20:19:01,12990,2778
40b587c46c254db68e5885069c8926641befcdcb,2013-04-30 20:18:58,12990,2778
c32b57011419938766f1eabbc9c89eadcb4ff525,2013-04-30 20:17:22,12989,2778
463ea15a3e1198d84817d08ebb35bcb894a541c3,2013-04-30 20:02:36,12980,2778
48fe514c546c858b79db2c792b716db3a116df86,2013-04-30 14:08:21,12979,2778
0b1bc0c24d8e64a1056b060e99543e9507692bf3,2013-04-30 13:54:58,12975,2778
46ce757b71ac89006d9ffc045cd86edbe1560d43,2013-04-26 19:20:48,12918,2767
fe36b0f479dafa46607ce32cfbea8cf18452efb1,2013-04-26 17:16:23,12913,2765
217b2298d1b294699f123786c103c7ecd33854c9,2013-04-26 17:13:21,12912,2765
6923865091b291182026f4fd5b032479eb2b58c6,2013-04-26 17:12:32,12911,2765
6bb8b82a1edb08a27b5e58cb2c661d980469b230,2013-04-26 17:10:53,12910,2765
9a5a702e4723399683dae3fdad10b0d66688e561,2013-04-26 17:09:11,12909,2765
61c24c601adcbe501046f32ce59227c1ae194a7d,2013-04-25 00:15:25,12863,2765
5a20fa4382aa30a03d96bb9383580e1075ab800f,2013-04-22 23:50:57,12859,2765
aba0e3a79e411d955d415b0585d5299fe80f7e47,2013-04-15 22:49:31,12865,2765
c0c0150bb5a3d4252a5acab6896f31d2946c869f,2013-04-15 22:47:31,12865,2765
82f32d5c02d2f94c6b30d32c9157e6f792527a29,2013-04-15 22:41:10,12865,2765
e7546a98f6d5e12e381bd09fd022e2bd256a8fbf,2013-04-15 17:24:23,12865,2765
f6f3aa6218752ddec9a1745b57e5e814295f4af6,2013-04-15 17:21:15,12876,2765
e4b8dbc1124e8f64c1ec74e7d17d7e403e2db444,2013-04-15 17:15:55,12899,2787
5a8a04391c954f4b2b77ed4573c84dbcf77fc290,2013-04-15 14:25:42,12891,2787
5bcce7a1f1659870fb44977fad7f4e8afe180377,2013-04-14 22:41:46,12801,2787
f7310f554e45765c9e0076fb864b4907e8d4c9da,2013-04-14 22:32:04,12785,2777
e0335e21673f7f9c3511975cc439b4aeb9199b56,2013-04-14 18:21:39,12785,2777
85fc27bdd5bea292c8ac4ce92fb4e34a8ed0c683,2013-04-14 18:06:58,12785,2777
91b9d974b238146caa26acc992b68734b418a49a,2013-04-14 03:26:32,12701,2777
30b49e7d4df8e68cfc082d6566bc221dc793a242,2013-04-14 02:22:29,12648,2777
7557e732a294d53cda924655a137473b7c4ced8e,2013-04-13 18:42:35,12646,2777
0ba7bc12b095d10d959f4163ee42e54279c71c0a,2013-04-13 18:41:43,12645,2777
db3a2ab941c38c7401f29a468ac524fdce2ea1b6,2013-04-13 18:39:52,12644,2777
cef0a80897e8394d51316272e22c7cf32d1fa617,2013-04-13 17:27:21,12638,2777
b44cf939e60eebcacaafc09d7ed44e26ba29eda1,2013-04-12 21:43:25,12501,2721
dc39f021328e234a9110beba5298e3facd93487f,2013-04-12 21:39:20,12491,2721
65f0d66e39a89f9895be097f45935f303ea700c6,2013-04-12 21:34:34,12483,2721
5c680db7584027de3bfc4fde04a144d16087aaa2,2013-04-12 13:42:09,12452,2721
64aa31b3d39af08acb6f2634b5376499ee588315,2013-04-12 13:20:55,12411,2693
8446d6e8adb2fa5f42006347a9c464997671fcff,2013-04-09 23:58:06,12387,2677
1319b823f8dd2ee8155c63653c4d029f4b7c5d71,2013-04-09 19:31:23,12386,2677
a715a8970b8bd2f1abbfc634bef73785d9ab7722,2013-04-09 19:25:16,12385,2677
59040b84db89bb47028970e6feb2747b5079d619,2013-04-08 13:41:34,12308,2677
fbbcf78a99862c15e77ef277dfa061f67b0f9826,2013-04-07 22:33:21,12307,2677
7d71650b4c752a6b154cd5fffee469b8d89ffdb8,2013-04-07 22:20:59,12307,2677
90366941a292a355910beb12a6087bd93bbc9d45,2013-04-07 20:53:56,12306,2677
5fe31bcbcad8d7b99268352b5daea6edeff712a4,2013-04-07 20:39:53,12290,2665
b5d1b4e34415abe2ab6da0882d4ac138ceb700b7,2013-04-07 20:22:05,12282,2665
b1c0f90d36e73af72d31325056e5ea857470d8d7,2013-04-07 19:56:28,11750,2665
ccf9d19aeafba5edfc8fef13a581ccccf59a1db5,2013-04-07 19:44:49,11746,2663
7376d66af244d315f9ac2f7991376687d5775193,2013-04-05 17:04:10,11714,2646
464ea6e90c219420674fc67ef5de27488563134c,2013-04-05 16:48:08,11713,2646
6782ac9ef507ec33d469928077b910755d1d2c9f,2013-04-04 14:15:02,11701,2635
28097a9ebb321a6830e6a2243c519d8867fffa64,2013-04-04 14:14:54,11701,2635
d3e92183fdaec6177c3e13fa458312bb542c56c5,2013-04-03 21:11:40,11699,2635
cf393cb862896967ea7e5febbc287d8340c71b76,2013-04-03 17:03:25,11676,2613
e0a1bbe6e50e702361abc7980c1b6d2e0bd86014,2013-04-02 22:59:25,11681,2613
91197a1928e7d75473606789fb6e8ba6ebb204bf,2013-04-02 22:58:25,11680,2613
6c6c57609823621159850868e0b627487645695b,2013-04-01 18:03:33,11680,2613
0520ecb3c4332d960b2ae705a9397d4bc4417e4e,2013-03-25 18:01:57,11682,2613
51e130bb791bee508b5ac9f00b2342d4ccc77c33,2013-03-25 18:01:28,11681,2613
196e26b580c5f001a6671094e046b1c6bbd30f78,2013-03-19 22:16:53,11681,2613
0353733455579c838c3483488f343ea8db09f26b,2013-03-19 21:38:58,11678,2613
a72cdc9293051937ddca6af4db01fddbc54828ca,2013-03-19 21:31:37,11673,2613
d6e0e5e2976a9868bdeb989c5dc22486ee6173ac,2013-03-19 21:22:46,11665,2613
787d68f512a023c0c321deb3fa25cffd02fc851d,2013-03-18 23:11:33,11664,2613
de8f0c986ced57ddfc52b47b2717d14ce9eef42d,2013-03-18 23:08:56,11664,2613
51ec073e34e44b9f66bb94b62b30aa9e16422ab0,2013-03-18 17:32:50,11664,2613
c1f309d2d77b6e468e43c0058b89e808dff66085,2013-03-17 23:00:48,11656,2613
9d814a4eb7b59ce617569b40a19c3c183fecda33,2013-03-17 22:35:46,11618,2613
036fce8799a5cb8c3b2d88eacc658117df23f7e5,2013-03-17 21:29:50,11605,2613
f7f64576e5d69b0c5f05f27270a5c382a251bf0d,2013-03-17 21:28:52,11604,2613
677a87e43739643193d734a7cd15062f86607d7b,2013-03-17 20:34:35,11604,2613
309e03b1d3600ea1507c6cc4cb5143b1a55f5923,2013-03-17 20:31:30,11537,2557
4400e898985ec083cf89aefc8076bf18f2075273,2013-03-17 20:18:45,13041,2557
0765d077300b3a57d585ce61726801cec69cbb50,2013-03-17 20:15:17,13041,2557
ee697a6308f32a4b7374069da72e4c6681ea40ae,2013-03-17 20:09:58,13032,2548
92a2a9ff612f6dc299a1a0cd6dc67c8c050bd81f,2013-03-17 20:07:27,13031,2548
69edec85597dd12c1ed7c6ad4346f7dc1faf289d,2013-03-17 19:54:52,13028,2548
b3c319743c31fb1266ba7c627b22551397c39185,2013-03-17 19:49:58,13026,2548
88f59c61542c011dad60178c1de5049e04da1012,2013-03-17 14:54:47,12977,2499
43213c2e79fda75031b879f8fabc3680c7751060,2013-03-17 14:50:01,12862,2439
9ae7ca008be9ef6ee44ff039c3c2e5b9ec6a9c27,2013-03-16 20:21:13,12359,2335
23a01e77661bba6cb4a8e31de972bc4a17fcc39c,2013-03-16 20:20:11,12358,2335
df7b9f4f01d1a55f4ba19beca6f41dbf3b00da83,2013-03-16 19:11:11,12353,2335
bdc3d67799b87d6a5ea511ef0eef64bde2d5efd6,2013-03-16 19:09:22,12333,2322
39f144ed0182b95ba49e651ae3c0eea66ffcd007,2013-03-16 19:06:50,12301,2295
1d05e0be81a0cb596c34c1c69493b6feb9c7ef38,2013-03-16 19:06:40,12301,2295
b49bba93512e6989de1902565ce776ea49207c26,2013-03-16 12:15:15,12286,2280
bc673722d6bacb443aca4fc8ec2ea032845cf950,2013-03-14 20:26:42,12286,2280
5c35a84662c5e4fb00e4b7c4e973eeafa16d590c,2013-03-14 20:26:06,12286,2280
7ba7328d47ed6ea2cd309e0b50ea210ad41b7755,2013-03-14 20:23:53,12228,2280
dbc356f9f4cb3b903e65c02eaff5a26513e91491,2013-03-14 20:23:34,12228,2280
2053a8fa8c74c5f36bd4e29e8961e19de479cf5e,2013-03-12 18:07:51,12213,2280
8886727bd83237d51702c2c565b127cb2adcd4e0,2013-03-11 21:17:19,10624,2280
005f58c9006be37f23a4d20f4d41401d675052d7,2013-03-10 01:09:15,10624,2280
0d3ea5b71054d5e316b8f573ed9046dd739ef6bf,2013-03-04 02:41:18,10418,2204
ee057a99a7656dce066f3ae924d2be9f7a4b12a7,2013-03-04 02:24:26,10418,2204
5af8e1f40ce4f2e319a87c594b152f8bc315866d,2013-03-04 02:20:59,10412,2204
800bd290ec0dee592bb88c90be3fa5f5d95d5985,2013-03-04 02:19:57,10408,2204
197f52b0e6b2b1d885932f4ebbf85413188cdc6f,2013-03-03 20:51:25,10407,2204
17c875f6f58d14db06f7a25ee68220fe2c0778ee,2013-03-02 17:51:42,10403,2204
5c788582a875dba625c161e2074cf6b39783a1ce,2013-02-28 20:57:01,10403,2204
c648bc1157262a89f2f8d3cd66be965d13996e3d,2013-02-27 00:59:36,10402,2204
3fbb615d19cce9b5dc5bae456309dfe3091467e8,2013-02-27 00:56:06,10395,2204
3253e4132e1b8704108da8b29301a1ba900fbfbb,2013-02-26 20:35:48,10378,2188
83675ee0958150f1252eee898321e22b6091a563,2013-02-24 01:01:10,10361,2182
cc0f84197afc4b73781e2a800ea4d1990605981b,2013-02-22 13:20:05,10323,2164
a22527c7ff898ceca4b2f8c6c3ef9cf84c01d2ee,2013-02-20 22:16:56,10323,2164
388e0c80772a14fdb41dd9baf2e27ad2c9635126,2013-02-20 21:15:23,10313,2165
090bbbe4f65f5eb30d282f136588f0d5c15c69e8,2013-02-20 21:15:03,10313,2165
d0d947995aefa5bc84209283e8628e9082ea27e4,2013-02-20 21:01:12,10308,2165
151ec1a487ad7e87abf7304b5cf0a8aedbba677c,2013-02-19 11:02:10,10307,2165
ac8c7a0944541acda9e7d9c2215a97b56b75c373,2013-02-19 01:38:18,10304,2165
35c3ef05bfe9d1c07ec1efe91783659b5e18541e,2013-02-10 20:38:02,10303,2165
382b1b5a11590548aa6cee08c4cb8919571c70ca,2013-02-10 16:06:46,10302,2165
8e48848b7ac882885507171b518456dd76251c69,2013-02-06 23:42:37,10315,2165
e4042e56b758f75d22f859d02f1e7f0623831b57,2013-02-03 17:56:42,10336,2165
7a44965c8881fe404b87e41ff29ce9ba1c6e76c8,2013-02-03 00:54:52,10334,2165
2e73671cf4dbaa6171faafd540d50510454d0032,2013-01-30 22:25:49,11646,2184
1cfd0c8b1594832c51331f92a61d3144902f9cc9,2013-01-30 22:21:23,11646,2184
62bba37c1faf2147fa205245f0f2be049ddf12b3,2013-01-30 21:19:24,11644,2183
35165d19f807bc9fc5db2ed2acf4aa4917a38faf,2013-01-27 22:08:44,11666,2183
1d85664340e73647097f8542af6a83099120d48d,2013-01-26 21:35:13,11670,2183
cd2f3b8dce9db086a4d293e77e264ec94b52d95b,2013-01-25 16:23:40,11657,2171
2b8c85cd9dff1598b076d6d5ccda301effff4459,2013-01-25 05:22:35,11644,2160
4f7881ba4014c305e021f99c12a1f458a005f06d,2013-01-25 05:20:07,11643,2160
2c76311ada2aa34820a9ceef90f43d16e4865fa2,2013-01-25 05:06:33,11642,2160
adce57e9e1e2fee59c0c04902b1caea198f9f34a,2013-01-22 03:20:00,11639,2160
065b25138321ae9694ac1d9efe86dbca92c83992,2013-01-18 15:35:21,11635,2159
85c3bf66d0145689ea9916005101bd767aa0e9d1,2013-01-18 03:34:59,11607,2140
2615291e6d69109875bdb4475ab03156fa081c84,2013-01-18 03:33:37,11606,2140
ab539622ddd737a29d038ebe926444aa4f29c248,2013-01-17 20:38:27,11598,2140
568208ca9bbc05723af3716020ce03d5c232f951,2013-01-17 20:25:45,11577,2140
8b83feac06992e253e4ebd9b9bc4cbc2ee576012,2013-01-17 02:36:48,11576,2135
cbbf8b496d2a3cd6a717390212b7b88def4c5ef6,2013-01-17 02:35:12,11572,2135
282a3bce734cbce113d679043544f54542e46356,2013-01-13 06:26:05,11502,2135
6a7a030eee32cd89b891377030b9f9cbf6d44a8c,2013-01-13 06:25:55,11501,2135
fbda85210a9521a5f8e0141f980b289aaea32aad,2013-01-13 05:55:59,11471,2113
5a3e05dbff48394746b519f2015fa1153e2ae17f,2013-01-12 23:31:14,11470,2113
11ca1dfa7805024568c16eb7349756203ef82cc4,2013-01-12 23:15:32,11415,2058
e8c74fe7a89c3b53c15e7ec10e80d0abbe2158d1,2013-01-12 21:49:45,11414,2058
d9bc6b57d5a0a1579e86684dec6fcf92928dcb43,2013-01-12 21:19:29,11390,2058
e2affb22574a9fa96075b5cc350ff1001a15ccd1,2013-01-12 08:14:00,11382,2058
3d093f00358f341802482feb4306638e37fd0304,2013-01-12 07:59:21,11382,2053
36ba434115dedc5d1fc791c8e5dc460afc0a9f8b,2013-01-12 00:17:03,11464,2053
4336b6dd4ead43760adca1202c6ea2ddc6243376,2013-01-11 23:55:14,11462,2053
d2e750cc744a81398f56d1efd8840e38dac21a15,2013-01-11 23:54:57,11460,2053
6253f79de2ebebb5bfc8bf70f05ed92b570b0417,2013-01-11 06:11:13,11413,2028
4c70c036e704239ae4460934878160d1860b43d7,2013-01-04 06:20:42,11364,2024
c0ae646cdc28a479a88ade2fbfdc1d28c931b9a9,2013-01-02 00:57:06,11343,2024
077607848723abed3d98810183dd265f73fbcec7,2013-01-02 00:46:56,12337,2024
f7eacb7666ca2b5c2088f6451799b889bbdca7fc,2013-01-02 00:44:11,12335,2024
ff04018275c795259c36ab6352dcb1e632c2d186,2013-01-01 00:41:38,12315,2024
d32f65571658412a2ae9ae29cb97c38881743abf,2012-12-31 22:04:02,12312,2024
43216ac629e3f5c07a20ce1c39860fdc5aac311d,2012-12-31 21:10:15,12269,1985
00d979759e2744b1e96b16b08e71aa6e39017c9e,2012-12-31 21:01:40,12265,1985
cc73f04eb7c5c81b8a09e6a0802640c1c7cabcc0,2012-12-31 20:48:04,12263,1985
62c8ba089a30e1baebad141f01d561d93cae13d8,2012-12-31 20:18:03,7280,1985
83b3b2a340ab3bacdd06baa341fb7b457da1f1b3,2012-12-30 00:24:26,7279,1985
95b07a3c2b3b7edfcbd3e7acad977ac0ba08d9a4,2012-12-29 23:29:56,7269,1985
88bdb153386c19fb9a65a8c722e443dfea072ff7,2012-12-28 22:09:42,7266,1985
6c02483255b3424a382ba4c29b4b72994bc36258,2012-12-26 22:42:39,7264,1985
708ae28d8a5c9d79958af71b23a26848984824e9,2012-12-26 22:13:57,7261,1985
b56a2d1ab15f08a4594e9d7660da10bd17853d18,2012-12-26 21:21:22,7088,1985
d58a0c10885376dd8bfcf01ce242e844b972d85a,2012-12-22 23:46:30,7060,1967
ffc68bdd48dfa6af9ffec0cfe6f9a840a2169d87,2012-12-16 06:21:25,7054,1967
22f4b12836b25e187cd6684a04911ddcb0c5e52c,2012-12-16 06:09:21,7022,1936
e8d68551af986f2c19872bba75d9e5e72c5a0592,2012-12-16 00:38:20,7014,1936
0b62b371225625c04c7c9f31323194cf28fcf711,2012-12-16 00:34:32,7005,1936
db96a88cee1ee326867052a464678375ecd57b58,2012-12-15 22:25:37,7005,1936
47090ffd2a0a4e35c6e2294b6a7a4f4899beec18,2012-06-06 18:59:49,6933,1918
0e9e7fbc85d29ddc8e85960f177b3926de87f7e9,2012-06-06 18:59:49,6933,1918
7d88f72409dfe5d8d11f336c85e6dbea7861f416,2012-04-29 07:27:11,6933,1918
305695398c8dae02145e76267ebb9e14ace8871a,2012-04-24 00:23:11,6932,1918
8a0fbf02f5430a0ca53cf6399b6b9bfbf2e8fbc0,2012-04-23 23:15:55,6887,1918
6471ebf0ef9244ea6944b2d88e5fd0ed36576e32,2012-04-23 22:57:06,6886,1918
fd5447a6e6921b3f3d465ae7bc105b3dd7940fa3,2012-04-23 22:56:46,6886,1918
f5b2acf8cd84e986d374361f6d5b0c732df2dd96,2012-04-23 22:56:28,6882,1914
e29490c1c6fbcd3bac5827bda958acb9082ff3ca,2012-04-23 22:34:54,6877,1914
4499df80330ac70f9ac09f854941394542019b6a,2012-01-29 20:49:57,6863,1904
9d70088f01d41dccbc3e4eedd7f2435ff25dcd31,2012-01-23 08:21:08,6834,1878
2da64d9c447d460b7153ffabc6c64c03586cfb33,2012-01-23 00:25:15,6816,1878
c04a9549ea3aa90994612091f92d5481046f4ed2,2012-01-22 23:02:41,6739,1852
456a9f35747943716f8de6258caa36c47ca82728,2012-01-22 03:49:41,6318,1852
03ad973523b6ac313014dd5f0678a6da05f0183e,2012-01-22 03:43:32,6313,1852
fa6d0137919e089b406a19e9c1a293b712d82ce4,2012-01-16 05:08:21,6299,1839
c14eb346a376459e358729de64faf3b3cc7e21fa,2012-01-16 04:35:09,6192,1753
4fe5e6ba99d629dc8f0c030d2ea69de70ed713fe,2012-01-15 04:17:35,6150,1718
b66840ca4686c5a66df68399517c108ff1548365,2011-12-28 00:53:50,6128,1710
4ece77300b949a0efbd49f2ab4598095b9aa2a1c,2011-12-28 00:48:00,6124,1710
febb31ba3e84e371118e4d85ddd5d620470d5284,2011-12-27 17:59:18,6124,1710
8754a024b520c653e88d137e1dd8fcb464aa29ff,2011-12-27 17:57:20,6124,1710
1da88bb30aa6f20863d75e569e8c4ca085d8a1bc,2011-11-27 02:48:51,6119,1710
3fa51d5da92a4ca48c99cedb1c8d75c1c49b39f1,2011-11-26 18:05:46,6122,1710
ebc8ab5b531cf0a3545fd55dc2c67b764ff812d4,2011-11-26 18:05:15,6121,1710
72b7b1f0566a3c20951d7b2414f04369e24b1e81,2011-07-10 22:14:25,7614,1710
6a756881f920008e40f2894e5044c7a16444e9af,2011-06-03 22:38:39,6082,1710
851172b5ef1a7c649296dd00390c067168eebc0f,2011-05-31 21:40:21,6080,1710
70b1112cca2078eeba45435f875a0a4986e31dbc,2011-05-30 18:45:30,6045,1702
14f371c792bf69be752fb7c01cb4860ebdefaf43,2011-05-30 18:18:15,5990,1654
22585d4b7ff1f6daa01f53dde5dc5994b562ae1f,2011-05-23 21:23:21,5926,1621
f808c982320090f31302a691737e8e362d239f14,2011-05-09 07:59:40,5916,1621
b86bc97c5fefef903dcd217da90e028f30f7b492,2011-05-09 07:54:26,5865,1621
0ce425443f619cf275f9709d22cff7fd0e8a3a3d,2011-05-09 06:44:20,5745,1621
82bd83fe7f5282ccf73b2396846e1acf362ba277,2011-05-09 06:40:35,5747,1621
aa0d82fa9679843e4356aacd7cb737bb98f16ba3,2011-05-08 22:08:53,5684,1621
a428acec1c41eaee206f36fc2fdb41a0479bee60,2011-05-08 21:49:19,5659,1621
155cbd146356fe8c80c92bac96cee77958324fef,2011-04-24 11:16:13,5588,1621
6a31e650f32054c9723b2b14cda1d7d7a1e8dfa1,2011-04-24 10:39:27,5588,1621
0f71bdb54098c9f2d1b137eb550d4ed6eb5a2ae9,2011-03-13 23:57:35,5581,1617
dce4ccc5a445af75b3da5012d8bb49d05da0ca11,2011-03-12 01:52:25,5580,1617
6c94db1486fa3205027b3aa387dad6588e740cde,2011-03-12 00:00:32,5566,1611
a31780a1ec03b04bcc983e12e0bea7f694221946,2011-03-11 05:15:29,5397,1611
f82c51df7af5013cb476b7aa3bd0c8f82b33cda2,2011-03-11 05:10:12,5395,1611
13cc44fb1257ab60f433f7ae689f4cd770709ea3,2011-03-11 04:14:38,5388,1611
be8b7715d30bcbf1ba9d6ae489e80df25206762d,2011-03-11 04:11:45,5367,1611
edef0251d38ae87773eb1301bea866c6ccf28a68,2011-03-08 06:08:08,5363,1611
9da714dbe13508aa8aacf9cf308d433f2b5a68ec,2011-03-08 03:13:57,5363,1611
8cc7f06b360f9f2ee577e5268c773468fc7d401f,2011-03-08 02:50:02,5363,1611
4b5a4e87134bc7597371486163e0b85e34109a0f,2011-03-07 00:32:10,5360,1611
08725eb2348cb4b2a1802fe4dde0b18de04c7d21,2011-03-06 09:57:08,5361,1611
16ea3262dadd895e88e02273d169cb1c7a12508e,2011-03-06 09:47:18,5480,1611
a04c270f1bd4087d7eb60466081fe252cb9bb427,2011-03-06 09:46:00,5479,1611
b3634b522aed6f2c1ec553564282e69780dc0956,2011-01-13 03:37:38,5476,1611
13df72207305c0b2ebc5793f83a27feb719a9f56,2010-12-17 00:29:48,5475,1611
86397cbf000ce8e1285a6a6269a52d0c04493a84,2010-12-17 00:27:41,5475,1611
a8a837cc8e217575ffa241d8efef66f1e2e34184,2010-12-15 23:36:15,5467,1611
36b1f8f9b1b51cb46c6823d7eba32f3f6e0aa335,2010-12-14 23:12:12,5465,1611
65622cb1e0d023502a32da572be11bf7090015b3,2010-12-14 05:07:35,5240,1578
31901ee15bcd30dad9a9f349f0b407b8cf44094e,2010-11-23 07:08:56,5244,1578
3ab016870d507b5913caf980a272a8680cc2a38d,2010-11-23 05:45:35,5240,1578
38ed81e0ce29b321186ee62a2b33310c69f32d33,2010-11-18 06:11:04,5116,1543
4a8fc1fa6e3fa5dc05c81ac5ac4ffed0b0818ac4,2010-11-17 21:50:40,5116,1543
d53ea4a0dd8affa79018d10f3869b0791df59e78,2010-11-17 21:32:03,5112,1543
8cc537026da0fd698afba8f1fbed423b39374e76,2010-11-17 20:59:20,5084,1522
accdb2d39fd92166676bcadc3ae9efd8adec037e,2010-11-17 18:16:15,5002,1477
b6678d4e4310ead39310b688fb6b2dae8fc189a3,2010-09-02 12:36:31,4998,1477
3fa9af17fa5449fc7f59618d429febe5a7d06fff,2010-08-24 22:35:18,4960,1477
9b423a96fd85ab1a0c57c6484f46db01e8504271,2010-08-24 22:21:47,4959,1477
f4fb833d343d1f1409f1ff0822f6f869229d13a9,2010-08-24 22:19:22,4933,1459
d9bc00c80459409e454d4a72b477fcb75b2e22ce,2010-08-24 22:05:28,4928,1459
5e997cae2111a69870f4a8c6b63c27e860cb8661,2010-06-25 22:56:57,4916,1451
f35d287c66e8f052ed678efcfd18ad353891e5ab,2010-06-25 22:12:39,4916,1451
1c3fedbb315ca6e227be5f9be1be8bd0d19f5273,2010-06-25 21:40:27,4915,1451
908526455c44cf549a32a51c2f974894c0387036,2010-06-25 01:14:59,4914,1451
ce5a2a04e3b2df6086f0954cb9c9f9046a0d5eee,2010-06-23 22:58:09,4913,1451
44015665b97dc80f0a91bc4ee13b0d2772daf254,2010-06-23 22:52:56,4909,1451
6a605753c1ca31983765eb3ce96d3ae01d759b3b,2010-06-23 22:50:22,4909,1451
99ee0c4803e6ac520f862b3341b23612a018cf48,2010-06-23 00:56:16,4905,1451
de3ee99d301953f6fcbcf70a496a28014e9f2a74,2010-06-22 23:22:58,4903,1451
36411dd10f67220a0016b2acc2112ff7dfbc06e1,2010-06-22 23:15:31,4904,1451
9bb2066cf10c416216fbe7140aff7bf477a701f7,2010-06-22 23:01:28,4903,1451
de8bd48154c952e68790a6966bde5adddf67e3dd,2010-06-22 22:17:39,4898,1451
6932a40d17aa6a5c9bd69ec84a9654f5e22f6107,2010-06-22 02:32:50,4848,1443
8a417e86c06de614d761e6e70149299109ae65c3,2010-06-22 00:57:48,4834,1443
f91954be7635fe2354c11d45981d5c0045f22010,2010-06-20 06:02:16,4833,1443
cb77a5287b82349bc662a3cd9d2093eee783b991,2010-06-19 00:55:17,4727,1385
31c65c56f4989435301eee622ee375cee4bf2de2,2010-06-18 22:47:01,4685,1385
f6ef6f21ae6a409212f7aaa9c50179dd9cdb307e,2010-06-03 23:09:33,4670,1374
2c542a652df3a0e7c11b0869de244e826a8f69a9,2010-04-21 21:47:46,4670,1374
fa905731763021346d4fb97dfbeb0ca40abd068f,2010-04-21 21:41:01,4669,1374
a8efc3a0a2cc3fdb7f52480557fa734aeab4e2cd,2010-04-21 21:40:29,4669,1374
0ba1f6c83e4891f3a29a0ea2b20d06aa851bca5c,2010-04-21 21:01:47,4639,1374
03cb12aeb3f050f255c805a978e5365bc3e629d5,2010-04-21 20:55:01,4606,1374
3efe0085442f2007dccd7bde3cf5de8d932966cd,2010-04-21 20:32:46,4553,1374
08bc63289dd0b68e1df36755ea8d8f33a2fc77de,2010-04-21 20:27:39,4549,1374
81971c33427debb40cfe32949931a7b0bd980e28,2010-04-21 20:19:38,4539,1374
18545ddf712fc4515d763d29c11da712f51d5563,2010-02-28 11:17:03,4544,1374
fc86c9dd85ae99bc60dd7ec8c6190a58e6df2ec4,2010-02-28 10:10:10,4539,1374
84b26a31dabcd3ae3a0b1043e1e959aedc0cdc8c,2010-02-28 00:11:43,4505,1374
315f4c9222ef0a6af5362751e897cda1ec1fcb10,2010-02-27 23:31:54,4495,1373
cedda3afa3b414ffa5f8d2fa243a59cc3141e7d2,2010-02-27 22:14:27,4466,1373
ff3ca307b95ae76295c433b009099768e71461ae,2010-02-27 20:08:51,4407,1382
12618407692a1c3ee0bc9c57ae68c13a98dac34c,2010-02-27 15:31:59,4407,1382
bae52e0ababf39a579d8a14e66b9fca6e81d8338,2010-02-27 14:31:37,4402,1382
f73dac1582350edef8036bf683a2e9f6b9d0bf6d,2010-02-27 09:27:36,4384,1373
4fd2b54a7de9f8c2fd7c120c2590fda7039b093c,2010-02-26 21:40:37,4361,1373
355b20265e048f9448ee0d1f99ed8b936d5b40b4,2010-02-26 21:33:56,4360,1373
cfd6ebc7478ac2836ba59d34988f4ddd05cc611b,2010-02-26 21:31:01,4360,1373
e4a2319bf3e9b9bf7c7775263424e76426911897,2010-02-26 21:24:32,4359,1373
657b2e4be33cc7dba548b7af58182f49e80d29f7,2010-02-26 21:00:04,4304,1318
98fa570c86a40ac7ef1a5d83437b0dc264396405,2010-02-26 20:52:41,4300,1318
5fec20dfa8b03d378d8592920049528fa0a0a429,2010-01-14 06:46:58,4232,1316
ba77a024d6eeb12c5e3113ab37fa8ef9e8489794,2010-01-14 06:33:38,4231,1316
0756d1f765a7cc7815fad5975a61393234fc0762,2010-01-14 06:17:46,4230,1316
d88354e2dff644248c94617b8a20d12c7cb78bb3,2010-01-14 06:02:24,4221,1316
2b2e027b34a60cbb438dd048a4a532858cd5bbe6,2010-01-14 05:30:45,4211,1316
fff313a62dc6712654e4da6c668caa3c873b54a1,2010-01-12 23:09:16,4207,1316
6dcfe1283a775fcf4a27c3a395e05714c2aa9c4a,2010-01-12 23:00:56,4198,1316
b68149c7bc861cb758c6b0f8b211261705cc2452,2010-01-12 22:43:28,4198,1316
a076ce070284702b108fd1e128b0de3011df948c,2010-01-12 07:42:16,4183,1316
58b4ffd93595720fa63cec45b349631e90d3b4db,2010-01-10 22:00:18,4153,1316
2aac9f37168d86d227e7bd1252c50f8630759b24,2010-01-10 21:54:42,4124,1296
21c92d3eb21b703d6ec6aeb98968d268f740ee0f,2010-01-10 21:51:48,4001,1183
45bf0e8a33d540a5e80e00a71eb30edf95636839,2010-01-10 10:30:18,3997,1183
6b74454a07cf1a3d8ac4d76bbafc50ceb47d13cb,2010-01-10 10:11:44,3997,1183
7806a0d6bb241c578978bbd84a52e61e19ad5933,2010-01-06 15:19:39,3997,1174
5c17d6266d0838b477b07880ac7211e084413c6e,2010-01-06 13:01:19,3988,1166
d25f41915987f4daad1488077c1b5cb03d2cc78f,2010-01-06 13:01:12,3988,1166
45e13cf46f7ca70c6b2b7261a8276ea7b963e3ed,2010-01-05 22:10:55,3815,1090
2f2e45bedf67dedb8d1dc0d02612345ee5c893f2,2009-08-24 07:11:45,3811,1090
dc5520484bec2634011d5935531148cb37175c6e,2009-08-24 07:10:33,3800,1090
86ac1eee9ccd308fa152ef8e504c1b83695c5bfd,2009-08-24 07:10:33,3800,1090
0dfb486c372bfede6254cb997379d1b70c8c95bd,2009-08-24 07:10:09,3796,1090
e8e8f6449a4b6bb8c659f6507cdd3bc1392d540d,2009-07-14 23:31:37,3797,1090
176c047ff16493205f9ed17df36f989598443570,2009-07-14 23:17:44,3803,1090
f1c8e388e406e2cc022354562d8bd683d1262072,2009-06-24 21:51:09,3767,1056
ec637a13e9f54a438b023c746c82a2895138f0a3,2009-06-24 12:33:32,3726,1042
05e8deae8dba106475fe596eabb05ebcbdedca68,2009-06-24 12:26:25,3720,1042
3bc4f590eaf3229af82c337c8bbee158d834a1b6,2009-06-24 11:56:17,3720,1042
237df13778a9bb0b5bc27dc90e9a30667fe021ca,2009-06-24 11:53:13,3716,1042
74b17ff777280cb34033236534dd12efdcdd4271,2009-06-24 11:44:00,3716,1042
09946386b171d3594604c0c6f319ed27e3d07563,2009-06-23 22:22:27,3716,1042
150ff1e5e4c0eb60deb80e58736cff2e1d6993f8,2009-06-23 12:10:42,3708,1042
e39810c98411bd2c459f4e816449af554991e4e6,2009-06-23 12:10:38,3706,1045
5468548948111f49ba1cc95e194cbc4ffcfc5931,2009-06-23 12:10:33,3686,1025
e0ceee2e89cc4102e618d9c4a3aa721ee79f947e,2009-06-23 12:10:27,3668,1009
750b5f5cb81b46d4bcf64c4fc116e8771a6bd7f3,2009-06-22 22:11:15,3474,868
414dfbe26e7237f60d1f3d84a419c12ba52ac73e,2009-06-22 21:41:51,3429,868
486ae25fc18660fe8bcf7f965cb56b34d0abddfc,2009-06-01 01:33:27,3429,868
86b1450234be7b4a530629124800edcdf9e78bfe,2009-05-18 22:28:56,3399,839
99098dd8c7bd5465ac97e18f35d6fcbb0ce241a2,2009-05-18 22:28:56,3381,835
102f6be6a2a01ef8e30ba56094a13dc01924d465,2009-05-18 22:28:56,3419,873
921aee23d39852d0d09107d140bc5cebaf180ee6,2009-05-18 22:28:56,3372,846
285f0aa327d10b7ea212fac0e6b65cf271cc1cbd,2009-05-18 22:28:56,3395,848
605adf88d5a296c79b4fb3a676d1756e7ebddf6e,2009-05-09 15:45:36,3398,848
8a11c0e92a7efc1013c8af8e9be6afae68fb86c4,2009-05-09 14:47:53,3244,801
6f90939221248b33f66bcd1a89fbdd9c33ac8f29,2009-05-08 12:39:17,3244,801
8a926d4f2943f6f1423fadda975a0f019f4e81a8,2009-05-06 19:41:16,3244,801
a42690dd38ab7f7365fe2910a4c30a7439790ba9,2009-05-06 19:41:16,3243,801
d948e0da91b756f5736298d7e6b6d90ec7fb9dfc,2009-05-06 19:41:16,3240,798
35a467117ee72e92e1b7808a0419f15a487b7b46,2009-05-03 12:40:13,3231,797
69683467031b3a34c64fc160ff6ea8fd18aa0466,2009-05-01 22:44:33,3231,797
445347e25995f58cafd22bd374244c257b122876,2009-05-01 12:31:52,3219,789
53368cc3e1c932726716676a1eea61da898220d8,2009-05-01 12:28:00,3216,789
80a229aef2d25e5aa01b8d02ec6af81e06d9845f,2009-04-30 12:27:23,3173,781
5a1d736242f8382e0c97b928b7eeaeb674676321,2009-04-30 12:23:30,3186,781
26f9ad3d98ab6dd3f66aa84ff9e5fbda72a4d809,2009-04-29 13:07:29,3690,781
4bcece18ae88a5f32906939418b0b7121263e73a,2009-04-28 12:09:42,3668,760
a5d236eb5386777e966e3cb3eb37bb42b7179b82,2009-04-27 13:06:22,3654,747
db75c8f5885b0b1f2f82abbe8a4e12881f26c0b4,2009-04-27 12:33:37,3645,747
3c39612d8488a7c4893226f94e34599d6cbdc715,2009-04-27 12:29:54,3646,747
e0477e32cc091bf1aa163190eaf78a7bb20dabc0,2009-04-27 12:29:54,3644,747
bad2d172ec9ca66ceaf7c4d3fbfd884e7b054197,2009-04-26 03:29:50,3601,704
6342a3842c0eace8989bf365d8f8c99c252dd051,2009-04-26 03:27:46,3601,704
13245354b2f367521962edcaf00761512a14b466,2009-04-26 00:22:01,3444,597
563933f114e08697d13b7730d007f6b4567485f9,2009-04-23 22:24:52,3440,597
dd268fae95d1d7785fa3878f8fc62110e2c40d7c,2009-04-23 02:36:06,3440,597
45b46722bf9ef4c0ff922c366f520a05f5510ac9,2009-04-23 02:35:53,3439,597
2e187864cf4a1dc166b37c99330e563bad04e1cb,2009-04-22 23:51:41,3439,597
3c9ed56129465a099063aff61fb758cc72ce399e,2009-04-08 00:10:09,3378,571
56176a379939e0fc8ad6e44eae0610e51950be33,2009-04-08 00:08:11,3378,571
8443676eeb9a241cb8f8e14b22131784391ab0ab,2009-04-08 00:08:03,3378,571
5247f4ff92d166f56f3b8827795c6848df6a82ad,2009-04-08 00:07:42,3378,571
93e7240731915a0417162eae461d5259dbbcf899,2009-04-05 06:41:59,3377,571
07c2451c06ccf11b6615ab76120c9d1a9d5e1ab1,2009-04-03 21:40:46,3316,571
8d0e3dd0e226f3be91d6cfef8e5392261a80ff51,2009-04-03 12:39:40,3316,571
3d77c205781d1a1a0f509488b150fceb88d837b1,2009-04-03 12:20:53,3299,558
b85eb4a3736a039ce8c5caaf20466ce0ebc89d5c,2009-04-02 03:26:43,3298,558
f2ea61ba2ac511aba081b4d1114947c54a77b713,2009-04-02 02:17:42,3296,558
d590f2ac0635ec0053c4a7377bd929943d475297,2009-04-02 00:38:59,3295,557
c52484a257721e3523dfe579927383d6b083eb83,2009-04-02 00:19:33,3300,557
4e302c0445ae257bc7cfd211a9a743ee12b376e3,2009-04-01 22:43:06,3327,557
3c0bc3b2de7a87b82344b5041d87a3753d607bf9,2009-04-01 20:40:30,3313,557
03f511be619a529bf103bec8c3ecafd872914921,2009-04-01 11:52:01,3310,557
829530be36b04a4870f42c6634f3c319460eadb6,2009-04-01 11:36:56,3302,557
aff6c9c23ae73a5d1287498b90830168e7f43400,2009-04-01 03:09:57,3301,557
0d78cb7063da691b589c4aeb83ef15978f3dadd2,2009-04-01 00:13:30,3296,557
c22cd84153c2324e050492952cb3a8c367333a61,2009-03-31 21:26:04,3269,557
6c41f93493c80a02844348cc724f51bbac02db08,2009-03-31 11:37:38,3250,557
778894dc6ba411e40dbef3aa2ea11fcc95353e92,2009-03-31 11:28:47,3233,557
937dad66a70cba9a543f3c3b7f3593734c5a0b5f,2009-03-27 12:39:11,3189,557
3ebe81bf068a814db03fb9c3cdbf439b63595672,2009-03-26 22:09:08,3056,557
ea2175b0ed4392dd8f19cbc13985085a34ca3652,2009-03-26 13:15:07,3027,557
9d4e1697ef65958041d261e8227cf66e70b98caf,2009-03-25 22:32:26,2947,557
e8a25964c5d99982cfed6d59efa357f88d11fa3f,2009-03-25 12:37:56,2896,557
8b5eb0395fa4ffa6deb64b1f308b82f67e34c617,2009-03-25 12:26:29,2878,557
15eaebe981f5f5063823ba22d28192a9791526a3,2009-03-24 22:39:37,2826,557
cce2b8f32cc801845afe16999e7345d842dadc38,2009-03-19 12:12:35,2786,557
ae4e7725bf5ca5a9a011d5778b7d3ea9539dedf8,2009-03-18 12:37:03,2784,555
479d8c757265f44525853d63bd54435d2f7cf66f,2009-03-18 03:23:47,2784,555
c60be9c5710e29a37e37d18491abec91b487ffbc,2009-03-18 03:17:51,2784,555
ab262a2ab53a2fd42c280b582f8ed56a3d54eeb5,2009-03-18 03:07:18,2779,550
1423ea91a02fbb88128a97a72b73c04030505893,2009-03-18 02:41:23,2777,548
a5155c8e005261f81ff28807b8e44f85695d581a,2009-03-18 01:13:08,2779,550
d6026003944c37d46090d6df5ef935836777bbf5,2009-03-18 00:44:25,2761,532
73d42b24ad56d3f1cfeee17f5bf685da5aad4d02,2009-03-13 02:05:43,2776,547
cb13ea300008d58c293cc0f52e7332de3ef2d76a,2009-03-12 10:25:34,2765,547
4b39c446642618e70d96c0ef3ee4b343b2fadd1c,2009-03-12 09:51:12,2757,545
9f3244e884ea61573034357e03e9b42335c63397,2009-03-12 09:51:12,2755,545
6edfae8c26671293466328bb301a44315f93f6ef,2009-03-12 09:51:11,2755,545
6fec047631c0ebcbab8ffba0bd106abe6a8fb12e,2009-03-12 09:46:33,2722,539
e72cde12fa8870691e324fb5ad02296f649da8cd,2009-03-12 09:46:33,2627,539
6a3680c60b3665a3f42367a05778077b5f25c2fe,2009-03-12 09:44:02,2627,539
3e429822019cb498c3c8a0d28508220655f71bfd,2009-03-11 00:24:53,2628,539
be56a0f685016601f8122143a66ec4ad29c3c238,2009-03-10 23:59:05,2623,535
06cc318b6f5bf8d8c15fa37f211c7e2379a7b4d9,2009-03-10 23:56:27,2622,535
a67cea2637c4fd63d1988cfe0f8116aa465a0127,2009-03-10 23:53:43,2618,535
5e725eb4c47b1e300919a62463f36e0c3b637b78,2009-03-10 23:39:54,2584,510
86e72a8b2589909d5ab2e97fc585af4ceb147f28,2009-03-10 23:39:44,2583,510
2b925baf0162f779bcde8b182e594e35c2083f5f,2009-03-10 22:36:19,2558,510
c180bc47bf2f63db1bff9f6600cccbe5ad69077e,2009-02-24 06:48:23,2557,510
2569e9fb5ecb52b41c34647921c4a450b9635461,2009-02-19 20:28:50,2556,510
2135a538976bde542fd071f3b1bb168dc285937e,2009-02-19 19:12:26,2554,510
82d96448b59dff6ed23c5ed4bc56623b156e380f,2009-02-19 08:17:37,2551,510
2960687ab9c55cdc6fb72df1acc7a629ecfbef0f,2009-02-19 07:35:50,2536,506
9a8125572974cdcd513252815ebad4073c099793,2009-02-11 04:37:09,2437,440
023b1d50bde5ee3e5e21697f8af8f10e2ba8881c,2009-02-11 04:37:03,2437,440
8147c317d7ea40007274da4a691872cbca4d127f,2009-02-11 04:36:52,2437,440
d0f46c2120852d826937a97d3241088d8dfce43d,2009-02-10 03:16:59,2436,440
a3c18fb095c79c27854dd5c159843f00875935f6,2009-02-09 04:37:59,2430,440
36183cbcfbdb6c3612e29814383ce03b40f581c1,2009-02-09 02:07:59,2429,440
bb4d1ee119b7f75706a0963528df99cda1ba8177,2009-02-04 02:43:53,2428,440
c489c1c2b2836da14589296019c25f9b8f868940,2009-02-03 22:49:22,2421,440
215da13b26b9ef1c755c665940db8e406b29ef39,2009-02-03 20:16:40,2421,440
39f47d90b7db1daa8cfdf845738f9d675782938a,2009-02-03 20:15:11,2421,440
a02ba8bbd14efaea03e17f38808b6c7188a061fb,2009-02-03 20:14:36,2421,440
2b820aee63e11f4bc21fe5eee711536daff17f26,2009-02-03 20:08:42,2421,440
fae092854d2ae4f9397659f3bf3035194336f518,2009-01-23 22:38:50,2416,440
4cf6b6ae8008dbb6f4c4e1a1cd61adfb8ed404fa,2009-01-23 22:33:55,2416,440
04a283f618d6c0fb99a4a976f9353238821876c0,2009-01-23 22:33:14,2415,440
d644d1df325dbae59c2cf13e7ed34587433ca798,2009-01-23 22:32:53,2415,440
a6c236bf01752285553176bef802b69fac19e33a,2009-01-23 22:26:11,2397,427
6968c00c2398693b268140712d91d013141e6507,2009-01-23 22:25:04,2396,427
4b2fa43642056b30c514ed2c8d9a1974c64b549a,2009-01-22 00:26:56,2346,410
c03f8a9fa315677b16932803997bcc62626396de,2009-01-22 00:24:29,2344,410
9b4c2db45b3da541c8db95988f89bf94af3a7482,2009-01-21 23:54:52,2339,405
e3951a30b63013fddb659bb38e6ab44070f3ec13,2009-01-21 23:26:41,2338,405
5a6fae5a34d2b1c27253feb82bc2b907c56d2afd,2009-01-21 23:14:21,2316,405
c562c16f759246f9983dc4152330f870a648c226,2009-01-21 23:08:47,2314,405
b97f04fcd2679009f6d3a2fc04f76b605313d402,2009-01-21 23:05:29,2258,405
f20b3ddec9d10b77bf4481c23069fce36e77497d,2009-01-21 23:01:10,2211,374
0fae91af16c0e603bc867d0673438d77abf8919a,2009-01-21 22:54:00,2147,374
15c5a78a47967667a146d1ecdcc75ccedbaaef71,2009-01-04 23:35:59,2145,374
94c06d010039caf716494d8650b567de14e4ffa5,2009-01-02 21:07:48,2137,366
b45ac52cd56a94696aecbdbc2286f7fa83eeeabf,2009-01-02 20:35:36,2137,366
02d203520be03727962bddac4e99b53c5e0a7d32,2009-01-02 20:34:54,2136,366
921476231a31140a2c1d722010a0d5803237a602,2009-01-02 20:33:01,2135,366
a6530544fbfb06a03d89dbd10292fea20cc26dbd,2009-01-02 20:30:56,2125,366
956eeceb767ccc601f4569645792ed542cd05497,2009-01-02 20:22:57,2073,334
9aff9c8e753f14a30ca323292a1814a21a9f4c9c,2009-01-02 20:21:39,2068,334
feff93c6036f9e0a5b498c8429196883493dfd6f,2009-01-02 20:18:36,2066,334
4db696152c1bac2892250de9ae1fadf2d2bacd9f,2009-01-02 20:18:23,2066,334
4770882217db5cea38af839b50477b1d80495e1b,2008-12-27 18:19:52,2058,334
29313b046c227bf07b83ab2f262ba1035a08cfc4,2008-12-27 03:51:15,2052,334
e0e7bf10d19fdd2df1a599663b0e181fe0c1c6cc,2008-12-27 03:44:34,2052,334
e7b2df11563180e3397ae46e97212ab34039868d,2008-12-25 06:10:22,1984,334
dd8054411c91025ccec9bbc7aad8c8b12366d462,2008-12-25 06:06:42,1984,334
8477cb5946edf3296bd5872c51c67398a855a4f1,2008-12-25 00:16:18,1971,334
a8ab6a0adb5121c9628d1e76fae58257d988c2b1,2008-12-24 23:39:32,1889,334
d435eaae5f90c1c42d0e12b9692e31ef29117b4d,2008-12-24 23:27:41,1831,334
dad9a315597d6647064573a492014424fea4ad24,2008-12-24 23:25:42,1830,334
6de22b318c812e0605d8929d01811e0d251d9b5c,2008-12-24 21:20:39,1811,330
c46ea4096d9b276bd66862b9531fd6c1f063a820,2008-12-24 21:17:28,1810,330
f90ff54acba847112b6a0917e48e0e1cc548cebc,2008-12-24 19:14:43,1764,299
a99e142163a6fc53708b7770b12833210aeaf646,2008-12-23 08:47:24,1764,299
8ed84a759027cf062aa085dbf21d48e1105ecded,2008-12-22 07:27:09,1763,299
8a2a42ba7142f705bb2ef31ec204d0e3c3beef75,2008-12-22 07:17:41,1760,299
d0fbfca2058a6a9968b7fd0c223078db2c5f9744,2008-12-22 06:12:40,1748,299
47a894cebfe79bf01a1de54b0067357ac97a0073,2008-12-22 05:48:04,1748,299
fd88a56c5518734faf7438a948b582997d6b2f8a,2008-12-22 05:26:33,1747,299
bb676556a89fb3d185db1058aeadf8cc63f8b71b,2008-12-22 05:13:14,1747,299
a9f74bc076c03ff9e077523f1338e75043d16868,2008-12-22 04:52:41,1746,299
f8d76c7bee0deafb462dba41fe68175cbd28579e,2008-12-22 02:09:12,1744,299
1aad12d93ebb4cb19d3f1822afb72e3a136282f9,2008-12-22 02:03:53,1713,299
ed60ad6f7203e7bd663d8948ebf958864b05d766,2008-12-15 20:34:34,1654,299
59080271ed5100ec9b72ce69d72c38bab0ced321,2008-12-15 20:27:57,1654,299
b0004e803a35652c2a7e84c290040c8d689faa16,2008-12-15 20:06:54,1635,299
fbdcf469c454299eef8d39624a1dd01d06b36cc6,2008-12-15 20:04:19,1633,299
b2a1b57b9b3505d765bd45a526f5da1ea50786e1,2008-12-15 19:35:03,1608,297
bf9dda6c9aaf0ee1cf1d9aa43349e355f7c111d9,2008-12-15 02:40:45,1422,297
2bb59d542bde13ba8c5874715953be9d4fc88ba7,2008-12-14 06:31:09,1421,297
f57bb0720e2f9c66f7bb30967aeec8f9c224c3f5,2008-12-14 03:34:46,1421,297
0d84487d791cfc12f7583d3cd557f6a372ba1d14,2008-12-14 02:21:14,1419,297
46169d3f45c365d4ada3a7ba90a5555547005326,2008-12-14 02:20:21,1419,297
1e9040f305ad428057cda11bef972ae4eca801ae,2008-12-14 02:15:11,1411,297
1006583628205933622774d72d83f1de3da86744,2008-12-14 01:16:01,1382,297
8b2aedc951bd0763b0a29f956053d59f5ab66a58,2008-12-14 01:12:38,1381,297
906ccbb8738d3d6267ada8421904f27c3274d523,2008-12-13 05:09:45,1337,279
d6a02278db16624e7f27118bfc7ecae26db3000e,2008-12-13 05:05:58,1337,279
b1bf818c6d474aa078766d3a9b988bbbaf03040b,2008-12-13 05:03:16,1329,279
2a8345df8211d619e8ed9f734b6415ca66174e4d,2008-12-13 04:56:18,1318,279
31d7e802587b9bfa714fd899283661ee2675c14e,2008-12-13 04:31:38,1315,276
192a83a571e7f45b704cda07b046f14649546f27,2008-12-13 04:30:40,1312,276
f00272ea527f73bcc868b6de92d00d0e43fb86ef,2008-12-13 04:01:40,1310,276
9e764a644517372921d9a553b575654bebde665c,2008-12-11 00:01:39,1165,276
cc047da6604bdd9a0e5ecbba3375ba6f09eed09d,2008-12-09 00:13:18,1150,276
8dff479a135bc6701bf802a1759474a272383cb2,2008-12-08 23:46:27,1146,276
c021cdd6f3830f666055774fbbecb323e76741b7,2008-12-07 00:52:33,1106,251
94bf6de8315d9a7b22385e86e1f5add9183bcb3c,2008-12-07 00:22:16,1106,251
a0879fc2ac454b508cf46aaef0f1f360b620216f,2008-12-07 00:15:05,1100,251
c58d4e71ba8d65d30b12994c1a746cd95e8fd635,2008-12-07 00:14:40,1101,251
f257974b5bcd82af19f84bea056c0af5d691c2ef,2008-12-07 00:09:52,1101,251
07a8203e50084fa399012e5d14447405199d9a64,2008-12-07 00:09:52,1076,251
702e538e964e7cb07a4b95029da1ebebec0f1a61,2008-12-07 00:09:52,1073,251
3f8b9a08faee062e24350a964526a9d7d2882c79,2008-12-07 00:09:52,1060,251
5b0ce6dddc539cdbe0d1e4a3ba146c460db40246,2008-12-07 00:09:52,1048,251
be3d45883d023940c08aae87dda15e9e5ed44ddc,2008-12-07 00:05:40,1043,251
e3f56198ba31d1af0fb71bb69ef6c64366a434a4,2008-12-07 00:05:37,1035,251
4fc33a6dfe0c8173ff4fa3a97769ff5f15f7cc39,2008-11-24 07:39:16,1032,251
111f76b2fd1da3e5603eeb80dbafe9dabecb248a,2008-11-24 07:38:43,1032,251
2118b550453f359c5325e819f239792066026e7a,2008-11-24 07:36:29,1028,251
aba508928344cb2987b26cb33f7309b5966b0c5f,2008-11-23 22:55:39,1021,251
d8c54fa51a5e4070590eaf97b4fb255deaabefb9,2008-11-23 22:55:15,971,251
bcde0bd6082706a55228b2ab5958ed9245250639,2008-11-23 22:54:49,956,251
b9cdfc882452f765a7cbb61fa4c2dfaf160b13a0,2008-11-23 22:53:45,953,251
e2678114d9d5774daa6782d70260e885567e08c7,2008-11-23 22:52:02,948,251
08bf7b18392826f54a5db4c551a9f3e6458d3de7,2008-11-23 22:51:52,946,251
f36263d8ad7392e32623fb4cd48128640658d382,2008-11-23 22:50:37,939,251
31aa865d51e8508b2f720c96555384dd4572aca9,2008-11-22 20:59:10,940,251
b8ce18107d2cfefc9747615d07a72e31239492c7,2008-11-22 20:57:06,940,251
347d528c099dfe5fe7af537a4ab02a3874fcf1ec,2008-11-22 20:41:58,916,251
c742fb77014242c59db86dc3ea561df699f9e9e7,2008-11-22 20:36:32,915,251
4d42e0d4363e1206481c714df6936f4855016ff5,2008-11-22 08:56:47,892,251
351877d6fd85fa76698f09e0bfff794c227c19b3,2008-11-22 08:55:29,887,251
c754ed261ca43c097a57398c6642c8a2d41fa541,2008-11-22 08:41:28,872,251
54336c62838a726b4f652c14eb2ddc34eb29bb41,2008-11-22 08:21:30,870,251
1838d9190220ca90e6ae1402771c36f319728b48,2008-11-22 08:19:40,870,251
bb2984b82a94f05f73113ecbc6bffa8f8dac27ba,2008-11-22 08:17:35,870,251
e63b9c07194d4ce97254f0b2f79aa937516a0436,2008-11-22 08:15:13,859,251
bbead4dc0ed4e76cc8555d07fd94e456e4cccc14,2008-11-22 08:09:28,727,119
4f951b9b5d10a61016d4bb7490eb23fd96c0a638,2008-11-22 02:48:35,723,119
e2a44fd0de7e9c6025679cd1509829bcc0edb600,2008-11-20 07:57:15,717,113
dcf3ddac29cb34383a917464dfe1acac5f292b01,2008-11-20 07:56:35,715,113
bcf91bda22fbbf681f085a94805e8715c03968d1,2008-11-20 05:52:49,718,113
58698d3e2d4a7b810be2aa7ff84de2b7657ae810,2008-11-20 05:32:46,714,113
7c341008480f1a401cfe3b166627e3e631e0d8c4,2008-11-20 05:31:35,672,113
a30cbebf14b31c6bca8e120d89c9f28c1ca44ee2,2008-11-20 05:29:20,671,113
857832ae7380df29bb1b7ffcb3ab2bdd155765cc,2008-11-20 05:17:27,671,113
a426eb36db642cdb1d0f1b533932b415d9180285,2008-11-20 05:17:00,661,113
76187c7e0be0b4a406a68a8e316f2e7b1287f452,2008-11-20 00:34:12,659,113
0c2feb9bd3c7a23a75b8814408dea3a3051956b9,2008-11-17 21:05:24,656,113
bffdeee63785ad011a3d88b35fed7b5f9ddd6e56,2008-11-17 19:07:54,638,113
e964bc5856b87140724453a73e541f00122de324,2008-11-17 06:39:24,638,113
551ca08296773229ae1a98cbf19a1a074d101539,2008-11-17 05:29:15,639,113
45db2ba40f82176dcc731d3dc10d3a23eb2dc461,2008-11-06 03:05:24,639,113
af673529cb8381e0fc35369599bb2a9343094564,2008-11-06 03:00:30,639,113
6980797d382f0b7e8c22b7ea8fea9f36f174e5d2,2008-11-06 03:00:00,575,113
9ff7aa3c57916f04ea42e5bfcf384ce3b1ca2c03,2008-11-06 02:18:28,575,113
c1e31feeecb151251a20920e0aed10aa6daf38db,2008-11-06 02:12:38,572,113
f4d8dcb64d437a5dc367219c1e21552dc01bd1b7,2008-11-06 02:11:58,586,113
e4d07dc547678278177d44168bc34dc9685b0a4b,2008-11-06 01:49:22,586,113
d8bdb6d3666c8428cd34d19f1503fe4bae518f8b,2008-11-06 01:04:56,486,112
574637abc81a440e91b4627b6031463b79300db0,2008-11-06 01:02:15,486,112
c98911f5c1bb5457622a1ce0297e2844e56ef329,2008-11-03 20:30:33,490,112
b2d2d09f957e4264f08b0f3370a2cd06ecb31f73,2008-10-22 06:25:22,479,112
7c3cfad2df8312c0efb3bee16bb5d7e517d2fece,2008-10-21 06:36:44,473,112
93afa8ca7234135887d605137983fc14a8f54cb7,2008-10-20 20:36:37,473,112
4ef3aedb6aea03df9b1ebefc5ed39830e75cf39e,2008-10-20 19:41:43,468,112
07fe6cd1286cd31cd23616b59452428421b00218,2008-10-20 06:28:49,453,112
2a82259fc99a6a9318ce776a44916ef3acb5a03e,2008-10-20 06:10:24,443,112
33dbb781375846c7b9cb8c6df18f662d7a403557,2008-10-20 05:46:08,432,112
f06d2e60daa22080821a1c7a1bef63623d1aa32b,2008-10-20 05:21:45,350,112
ac3e24ac5977cf776de8342ed5c0d829922aeb0e,2008-10-20 05:18:28,341,103
7fd8fd2b14f3ef1f6624c3d2538d89253cf1c20e,2008-10-20 05:10:03,334,103
1c93bd0ce84b057f4c68e2aa7b9c2a555b5ea407,2008-10-20 04:56:53,319,95
84b00cc63e7ecb909286cf0f1a8a990cd74e5cec,2008-10-20 04:44:27,288,79
ecda27488c7c896df0da0470b12370e7d9e05ae9,2008-10-20 04:19:43,262,71
bb0fb49aee4b649a414ca5838966a70bc400b4c7,2008-10-20 03:19:50,236,63
46a2c60505cbd5a5205985620d387474eb8630e6,2008-10-20 03:18:05,236,63
6c0eeb573edc38dc68d5a52bcc6da619335ba2ea,2008-10-20 03:12:49,225,56
6fb91f4f7d5b1ff54810de71d38d70f6593da0cd,2008-10-20 02:45:47,159,29
7dfe32a597758bb485cc0104b01906781740d977,2008-10-20 02:35:43,131,0
d189e05d236769c1e5594af9db4d6eacb86fc16e,2008-10-20 02:07:26,76,0
