332767db8f28ef605726fbb3652979ecfdcf90a6,2013-12-14 19:21:11,10171,1454
8cf7bd81b10a421e36bd1bb266bfac67a87cebb3,2013-12-13 09:40:20,10157,1454
a54d8a8f90c2fdeecedac73ded4b75cb320f0316,2013-12-13 09:38:49,10157,1454
6a9135d135e208006a35cb746d55a5e823dccc98,2013-12-12 08:49:25,10152,1454
62cf2d127202df549b8c9456ec730e0768597463,2013-12-05 16:09:49,10150,1454
daa1c040d8689fc961b64aaca6f3f2b475013d1b,2013-12-05 15:18:59,10140,1454
87acbc996b189ac057633af96f307996c06b0e15,2013-12-02 13:24:16,10118,1454
95eefe77a77ab1ea12e342daeeec3e77e09be640,2013-12-01 15:32:24,10115,1454
9328488dc1e51ddec418ee07d8f725a5106c7131,2013-12-01 15:30:29,10115,1454
2715b93f208f9c7e14e94e5588709ad287d5f9c2,2013-12-01 15:12:47,10035,1454
e5ba3f41c7d2cd818c16facc2560fd439a8bd962,2013-11-28 17:15:59,10021,1454
7327d67887b97d5dd383f10ab00b8cb7490eb125,2013-11-28 16:55:09,10021,1454
54812f1651cdd22c55ae15be1139fc210fc950e1,2013-11-27 08:23:38,10019,1454
664add5a7d5d1085b3152d6bff95866dd04293a0,2013-11-22 11:16:08,10019,1454
08a5d5c79355aefdf26c060f7b1c2e8d33924580,2013-11-20 16:44:03,10023,1454
263e2170cfd2f538096ad10ceccf2f55aa90ad49,2013-11-19 16:11:14,10021,1454
30a1c61761ec843034998d9b3b801967059e122a,2013-11-15 13:21:01,10021,1454
c5ad8bc82da5e3d7c4b45f3cfc731fb102cabe14,2013-11-11 17:56:48,9951,1419
5c489e59172083875df0a1b690171f8044a222f7,2013-11-11 13:41:57,9957,1419
f49d3146f594de95470ea3fddeed6a8428f8c50c,2013-11-11 13:40:15,9957,1419
8938d1fd1da3c2bf29248db29b54615a2d4cc93b,2013-11-08 15:40:41,9939,1419
51009dc260e631c935edc4c20044df6e114d3cf4,2013-11-08 15:34:35,9939,1419
75defffc27f717a3c0bbc681065eb39505caef32,2013-11-08 15:23:16,9930,1419
dd812dc43d64576ff6ec9298d3feae6274b19bd7,2013-11-08 13:37:40,9928,1419
200788c023a6bcc58265479ba81dc006ebb9d00a,2013-11-06 16:07:30,9938,1419
29bd935c59f44c8f6bc76a9bc72d0e902b277283,2013-11-06 16:06:28,9938,1419
e2a379b13e6d67409936f640247b0621c1010be4,2013-11-01 00:55:01,9935,1419
34e62d224889b96482b1c8eee7dbf4e5f0331c46,2013-10-31 01:08:48,9897,1419
09b54962a3e00dabe4ec44c7c5b8f9742e7b3f6a,2013-10-27 19:53:27,9897,1419
0decc74e821db22c08b9a484a7d49e5fc10ae6ce,2013-10-24 04:07:35,9893,1419
cc705887479775064e7c2dd6b9333a6b3e2a575c,2013-10-22 00:57:11,9893,1419
911414bdcad9c9669a60ddfaec2b0bd80aecdf2b,2013-10-21 23:39:04,9874,1423
0a70c24a6ddda75d713a90bd3e47463f86717e00,2013-10-18 17:55:35,9870,1423
41d50543c6392118323a39320b3cf62594546106,2013-10-18 17:55:00,9866,1423
c48370ee27dc93f4ce0d6d85b34f1bd1c751cee9,2013-10-18 17:38:45,9864,1423
2c188af41f329e6449191c4e6dd3fb3aebffe96b,2013-10-17 05:37:09,9848,1423
df1d6664001677ba874d31c9065616b17f598ec2,2013-10-14 17:11:58,9755,1423
fed5eb44ca8fc2dae76ce4ff155f361ce9bd5ae3,2013-10-14 16:56:59,9754,1423
c11278a2a2efbf35114055f1e93a34bdfcc8673d,2013-10-13 23:24:04,9753,1423
ba3eec2c9347e4ef869931cf3fa585b16e2bb082,2013-10-13 23:09:27,9744,1423
74f0c11dfd6deb10e9120a62877f3a1f03932490,2013-10-11 21:52:54,9744,1423
f749d4defb7482b6e15fa16aa9075894c13c90cb,2013-10-11 21:21:03,9744,1423
f6b19252f6f80a5cb87b39917ce8a9048d836cee,2013-10-11 20:16:55,9744,1423
ba45b81a2144add3b3743a3701e9884761f91199,2013-10-10 08:18:58,9738,1423
d510bf897a9c5cadc4d67a35929f991815fedee8,2013-10-09 21:55:28,9535,1423
ce51c9c6aa32d02238ecccf36e82eaf1b2b3c1bc,2013-10-09 21:38:43,9532,1423
31d4df74242fd939c796dd0ea5704155fd95c21e,2013-10-09 21:27:33,9484,1423
2a56f70cad07da2d9a5163573d69f637e88f3c24,2013-10-08 19:45:42,9456,1423
702e75df60867c7120dbbfd29f1641ba4ae8ab57,2013-10-08 19:44:59,9456,1423
66f0bbe318ac7f34b3f8d19846e497d3b3aec47c,2013-10-08 19:44:13,9456,1423
f237c6eaa799c7ee15d0cec6e00b15575c744e12,2013-10-08 19:43:37,9455,1423
e28c12480ccd0446b2871b8d8037d073ed3729f4,2013-10-04 14:49:43,9454,1422
0d16ed98aacac22eb05bbd6c24787fab1d1a2801,2013-10-03 15:24:54,9453,1422
76ca40b044b7660f17a77ff82f7fcf14b51878a8,2013-10-03 08:06:59,9451,1422
7419b4711fe593c91407d21aa022cfd95db6691d,2013-10-01 00:56:32,9447,1422
614196ce598917e013e6689058ce551e83377f10,2013-09-26 15:26:09,9446,1422
b66b7a22869021efe3d6b34f846448cede046b09,2013-09-26 00:23:58,9446,1422
83f0e5b43a9550a0692d9ffe3b4d7b46153082c2,2013-09-20 03:22:34,9444,1422
8e104d20913ac9c3e4f6977ecd9dfc3120014b09,2013-09-19 01:42:44,9415,1422
5d55338daec05b851e7f76ea960991a8970d1c86,2013-09-18 17:38:50,9411,1422
717e85a48de973dd3fd57b7b11a3534c6a2cb747,2013-09-18 16:35:36,9404,1422
6ba55a8fbc3642909bbe5600b747f5b206931255,2013-09-13 14:29:54,9406,1422
b4cc5662b48017616b9b50603659c41f5f379a00,2013-09-11 17:10:55,9406,1422
ac5adc6742cdb747c03cf8c4fc910a3ae8a5911d,2013-09-06 14:08:25,9404,1422
434c696500e5c3b8294efee7cecba2cf317d12b8,2013-09-06 14:05:25,9404,1422
e0a8dbd681c5c38551f66e8218b6a7852e497dbe,2013-08-30 19:10:41,9402,1422
5b584165763c2bcc121c48d9af46a788cceb5a55,2013-08-30 18:40:52,9396,1422
fb425de820cd4d1d937e075c2c72fc3c62f5bc34,2013-08-29 22:37:05,9401,1422
84a6fc3d4f75a2b17c3f5916a4f28a4d24e10943,2013-08-29 22:22:31,9401,1422
12199c5b06d407a2f13670b4ca97322679e82da6,2013-08-29 18:07:24,9399,1422
933cbfadeaf329fcd6a64f20daa2f120451826a5,2013-08-29 18:06:20,9399,1422
f92df0ed32018abe65c25ddfe48a6ba5d962f403,2013-08-29 13:40:16,9399,1422
5754b980d5be46fe078068aff5ad879854569123,2013-08-26 22:14:27,9400,1422
04954d506a26debeee56c91cbab91e781f0240c9,2013-08-21 00:40:40,9375,1410
04509c17793c6a9c2ccda8bf6cab22f4e7a01547,2013-08-21 00:28:37,9375,1410
0046a9ac89dd243f1a7acb28bb6a6d3d4e86ccf1,2013-08-21 00:28:20,9375,1410
3c78da142a97e4c53252662655d9172e02c9bff2,2013-08-21 00:22:07,9375,1410
f75ba1e053b602d9d172106d777db61be5bb9ad4,2013-08-21 00:19:41,9375,1410
6ef84e058904428145dd9001ea63f911008b7101,2013-08-21 00:14:28,9388,1410
217b8a3dfe63ef80068e2cc2a11525558f0be476,2013-08-15 06:55:03,9389,1410
ff3288f7589da12798f0f5224fb7ba3591dbb5e4,2013-08-15 06:46:48,9390,1410
b4734e5f07edb2cf677679c196e7083a8a0c9ca9,2013-08-15 05:55:57,9382,1410
f44f773c9c3e400b420c8a5de7760bf3b4d652ce,2013-08-09 17:16:29,9382,1410
7a61038629855fd9f563a59c13d7b039b520774b,2013-08-09 02:54:45,9360,1410
9cfac783a14c57479b82e763570c74b76f711783,2013-08-09 02:54:04,9360,1410
ce15704aba436cf86cc2dfdf667377bedeccc799,2013-08-09 01:44:30,9359,1410
85153ca65d32c6bc2702488518a9dfa3de9fcb4a,2013-08-09 01:41:50,9358,1410
2fcfa99d47698d49691713c064b800f6b386c44e,2013-08-09 01:28:19,9357,1410
42604d613e4e8f6048fca4003cef65a397873ef4,2013-08-09 01:18:53,9344,1410
90c7f736a761aa8005154862cf7af336952dea53,2013-08-09 01:08:19,9333,1410
c22034ac0f57418b7f47df1c02e2132a7ce79a01,2013-08-08 00:17:49,9335,1410
3b78de198304a82b75fefd4a139ed239cc8d25fa,2013-08-04 20:55:16,9334,1410
1eaa045b5778ba85d2657cc3a4f06c0ce7a106c0,2013-08-02 17:15:08,9332,1410
f8eb073f96d5964cc1c1105049a891e9de7c9553,2013-08-02 00:51:58,9328,1410
995f0ef38b21c7f1cd1cb833ad4655515df4060d,2013-08-02 00:39:30,9328,1410
24902841216ac6d24605d6b4530f0ffd5ee60386,2013-08-02 00:20:41,8857,1410
95d91038982929b582ed4bb8529187059c52060e,2013-07-25 14:08:20,8853,1410
d43017e76a80927b01da868a70702a10996c9fe8,2013-07-18 19:09:53,8849,1410
e2e419c8afc5f17fdbe874e5af428901d42d14f1,2013-07-18 19:08:01,8849,1410
dcad0a24f5d2f05a16e0b202ef23a963126b5324,2013-07-18 17:19:44,8870,1410
d83ebcfb4a85f88fa4fb93585fedb4d447c1b663,2013-07-18 14:52:03,8870,1410
40dfdc7009238cb4a51a8282777bd6bc7f991497,2013-07-17 17:43:37,8870,1410
6390a6ca7ccf25a96be51c32d67f3a3f6da718b4,2013-07-16 20:35:27,8868,1410
9a14fbcab3fe976be7c9fa75c4528c7c7d0c3ebb,2013-07-10 06:03:12,8869,1410
45f185e73b13e47d3e7bab60cb2d9cfd10d31fd9,2013-07-10 06:01:07,8869,1410
51fd3eba68af0157f93705190d689c9dcbf5c1a5,2013-07-10 05:41:44,8869,1410
7700ae67d4e3410937e7d8d2eaffbb36154126c9,2013-07-10 02:09:59,8882,1410
64fb1b7f7f62b3165aa0b5bdd1a45f677c8111bd,2013-07-08 22:19:00,8893,1410
04f40931b0e7958416615f44620abccc3c89792b,2013-07-08 22:18:32,8893,1410
9bfe39fce3f082a3fc376620f9d4d576bf3d57eb,2013-07-08 21:36:15,8891,1410
f180e6557ab519453b9c285e983938030d288b5b,2013-07-08 20:50:33,8892,1410
470d73d1bf307afa07bee6b5c25e3719e48f27ef,2013-07-05 16:47:05,8894,1410
192fc4f8927f97bf6bc746347461540b2e1c9948,2013-07-05 16:46:20,8894,1410
e6ec3f60dc3e074f135d77a21f929c8f12b2d576,2013-07-05 16:45:48,8890,1410
20554c06043259816b397bc0f7eed4632c339930,2013-07-04 15:00:57,8876,1410
430a5afae284e74211c9266796946afb1e32d12f,2013-07-02 18:11:47,8867,1410
ac493bbd6e6a09068729a4c8adc43a6416cd6e04,2013-07-02 18:10:28,8865,1410
2b7f48ebee1b1ffd20f4badfacba5d14a75ee380,2013-06-27 00:12:39,8867,1410
1528f15be3e1135b7fcf5c037c576e046688a3d4,2013-06-26 20:18:50,8807,1410
4d5838d8ee16da825855263b923cbddb1da48900,2013-06-26 19:41:37,8807,1410
42e5c9b7b51388cf7ef62613150795c00c682bac,2013-06-26 17:28:52,8803,1410
50b8c58a5ddfee890265dc13674163844d4caccb,2013-06-26 17:28:06,8802,1410
c3cbd35d5d1e1307fe4614eb2fb01e7d9c32c438,2013-06-26 08:10:14,8802,1410
fcc36ad695c4720a7912a1bb05a00476bacde3a0,2013-06-26 08:08:53,8794,1408
6afe968058cd4e3168a9d1f3871f28efff86f03c,2013-06-14 15:05:31,8794,1408
de7568536e0e963deb68e8e9322a7901a84cb630,2013-06-14 01:37:59,8794,1408
2c3a2d3a1ec64fb879802ca30e7df4a681a4dc0e,2013-06-13 18:30:43,8794,1408
15734df327831b2ba3383c9cf15ebe1e01597df9,2013-06-13 17:21:25,8777,1408
b03918da26b82f64252a2c4c7ffe3d9b537d1e00,2013-06-12 23:59:41,8778,1408
05ed2ef504124aaacf3c7ac601911b7e7b93bbd4,2013-06-12 21:41:36,8777,1408
5e16c0f87e8ff6e0ff6c72b20494fec893309a5f,2013-06-12 20:48:57,8777,1408
9030a72f26b8a9f693e5244e42b2173ebac04739,2013-06-12 20:48:57,8777,1408
834143359fa9b244d1548abf8723cc42b8a8738c,2013-06-12 11:13:31,8768,1408
4fc3c36b832e91bdc4d4c93593ed386f8acf5faf,2013-06-12 11:09:07,8770,1408
a470fdcff40f11e7b21d88b6d33fc4a18e2018d6,2013-06-12 11:03:59,8775,1408
6d05e8ff0b9d9e6b37ae84e82fff530ba5800ed0,2013-06-12 10:42:00,8766,1408
892ebaef7cf04014005e943d7be40ce94146c06b,2013-06-12 10:35:50,8766,1408
851bc2bd3fa26c03809187f3a4da4ebbee722dfc,2013-06-12 09:48:35,8762,1408
e9d1728fddf62dfdce8cefac897511480acdfb60,2013-06-12 09:47:54,8762,1408
afc995f62cb40826f1938cff0ebebf1ef727d68e,2013-06-12 09:21:40,8760,1408
25075410b2fae2f018c7e992d0f6434442fd681b,2013-06-12 07:42:57,8760,1408
7709dbbb91bc0b2f7707ec7f31c3e55543594139,2013-06-12 07:35:25,8757,1408
cebdbfd1aafedff1766f17d58bb16e7040cf1ab5,2013-06-12 07:14:24,8757,1408
377652a472340b12b5404bf78e6aea3630081e57,2013-06-12 01:31:01,8744,1408
2d7e86acc1d7078d5bde6e54e3786f5e88e9a3e9,2013-06-11 23:58:56,8744,1408
d9e411af36b361a27dce952ca75bf0e8a0d4fb5f,2013-06-11 22:48:55,8721,1408
f74f3395eb5a9cadae01c343985a2b34b81ea831,2013-06-11 22:40:23,8721,1408
c29e5cc2194b73114cfa7c7fc4fbaefdd7194c66,2013-06-11 10:50:41,8717,1408
921c81694e4d13744f8135541c11d959ca88881b,2013-06-11 09:52:49,8703,1408
69224bb4dc370881f9e168bee88ae512ac5e403e,2013-06-11 09:44:01,8630,1408
36052b431519c68bf9649b524bc8556140f99f28,2013-06-11 09:04:24,8630,1408
3d2245903a62e0d9d80ac8674b0f34420814eb75,2013-06-11 08:58:14,8630,1408
aa6128faa614d19676cc093b289a136e097d7b25,2013-06-11 08:57:34,8630,1408
2bbed696a1d17657ab554d2e1bdbd073369d406b,2013-06-08 23:21:38,8630,1408
e51e39c153ff9ea7e2f437e23612b98a84a1f273,2013-06-08 16:51:53,8628,1408
58c0847da3efe7a1210004f1c633fd0698b4542b,2013-06-08 02:36:07,8625,1408
1b56aeec09fe9583a035844ac500bee0907ac42d,2013-06-07 21:56:29,8625,1408
a602c304d2978e97d9d8731b91acabea25080ea5,2013-06-07 21:43:04,8625,1408
9bd875926c7bc00107fbcbe85ee94bba7ca0d569,2013-06-07 21:33:56,8621,1408
da0b05b0c66dc39f701f97fdba3e11e302ad7e18,2013-06-06 17:40:58,8553,1408
8d3a5b63a17f992affec65bb705191fc8538e8f8,2013-06-06 15:53:12,8531,1408
9ffc36d658aa6cf807f73c7aab5dff11140fdb9e,2013-06-05 17:29:23,8516,1408
28d6990ca1611416cf1984ffdcba345508f6801c,2013-06-05 17:22:32,8516,1408
11f70c689ca48b7b91f34b8350fd24da07cc7379,2013-06-05 16:26:28,8268,1406
9ad5b393d18b07baaa7be7bba4d20cc8bddf4484,2013-06-05 16:12:19,8265,1406
8c7b56fa1f5ba895a89b99c5b69c8444375dc6d6,2013-06-05 14:51:02,8265,1406
b52e3cba98d6843dee49fba6529d45dbdeaa5ab8,2013-06-05 14:33:08,8267,1406
33f4a7fc0992cf5345a734ee411d962b764df13f,2013-06-05 14:20:21,8267,1406
1a487e631d9c8314db8cfc78dacf50657d037aeb,2013-06-05 13:14:50,8260,1406
2c41a25cd50af81502cdd05de0ba1317965eba40,2013-06-03 21:42:37,8259,1406
11a9be56e285e75c951a3a2c564ba756d9157e98,2013-05-31 16:53:41,8259,1406
10e1b220899bf106a78fba11f7a7af4a0a9f4a9c,2013-05-31 16:47:52,8257,1406
1dbb803e812df754bf20cb409c4a317433ef7391,2013-05-31 16:47:24,8257,1406
c7da355bdd590aa77a786c17403504664fc88225,2013-05-31 16:19:54,8255,1406
e4be3b5bb29559d95aada16d9dc9f88c6a226016,2013-05-30 14:39:45,8252,1406
93a0fc88481593b488f8d7269046544cd043e290,2013-05-27 20:12:52,8245,1406
6f9ec79f23133264082778c603cf82d4e7a7478b,2013-05-27 19:46:48,8242,1406
0f7973016c6ae5edb9742c24d27f5ed78b94b6fd,2013-05-21 18:46:58,8242,1406
e8d46e2be2e58f30c69d7917b6a5104d14eca01b,2013-05-18 01:06:14,8229,1406
8f598e6dd5e97beda753ab0faa10a3b13bea3b7c,2013-05-17 23:21:51,8215,1406
86dc08cd16e6753d469c049844a09702733cc3ac,2013-05-16 18:28:32,8215,1406
5052c2d3f53249f46eb681bc60896232a4619e5e,2013-05-14 16:58:07,8215,1406
7b7fa6a0ebcec34efecfb7b1ed6223b9ae33eb88,2013-05-13 21:33:41,8213,1406
0e3ad02a54134adac4c2a6d88f2ac85601695a15,2013-05-13 21:20:45,8212,1406
88cd2e1f64b7a8c343e63c11ec2c2fc0a2f57840,2013-05-13 20:49:48,8212,1406
442027a0fe8d483687596ee72da83c58ce293f1b,2013-05-09 14:44:06,8206,1406
cb17b19aac305271ffd50eaa69207bff2c6553c1,2013-05-07 10:28:04,8206,1406
4bc1572aaa5f91a4ac6790777e0cc0abf45da895,2013-05-03 15:29:11,8205,1406
2eb31c686e84c6d24066782664d1b51de2c68e1e,2013-05-03 15:26:55,7982,1406
f9e2c95f6bf9f21071b9a81bc0a04ecfa6af263d,2013-05-03 15:26:19,7982,1406
e0b252bab8e62e0e57b4a19a4e024a394f4d9977,2013-05-02 13:07:44,7985,1406
e8258908c93fb8830d23e8e0f18ef2f6838ae213,2013-04-30 13:48:49,7984,1406
e841cdc63f2ef9653497e7b03ab33683365a2947,2013-04-30 13:30:17,7983,1406
3b2cb231f07a78ccb2d9c94b34334a67f5914488,2013-04-30 12:38:36,7981,1406
73509ecaaff30824619977a76f5cc24cb58c1575,2013-04-30 12:32:36,7979,1406
155f917f0f148eb885a67dfe5bd7a7c21e1ee2a7,2013-04-28 15:21:05,7976,1406
d518a7a2475c8cd94daceaa054a5ce1e479a589a,2013-04-26 22:54:35,7965,1406
60d18bea95e6a2baec787b9a10d33408ce2a9ef2,2013-04-26 22:52:49,7960,1406
2f43b1c67f5241e24301f39054ab53ea908a360d,2013-04-26 22:49:32,7950,1406
18ac1d3c7fe4889d6d283ceb7db572a10f2670c9,2013-04-26 22:46:38,7947,1406
c192574f0a918d20a5c0628edc15064119de2ceb,2013-04-26 21:47:30,7943,1406
929e2801dda3895f5b5065ea8c9e444569db38d3,2013-04-26 21:39:45,7937,1406
f55fd6e053dde390e2539ecf6cef9922ee3ef7ca,2013-04-26 21:26:37,7933,1406
255f56d40574c369baf7e7a5a9d0b36b28419ad5,2013-04-26 21:23:18,7928,1406
a858e93f88c7ed0334f6076aaecd0e4028d54495,2013-04-26 21:20:08,7928,1406
a134ee0b2a21a69d978bdb964ec664ddc6539246,2013-04-26 20:34:33,7164,1406
e932b47711869e738c3846766fdea01cba49f205,2013-04-26 20:32:06,7624,1432
2674287707b5fbb198f8bc44f4fafb8519758f08,2013-04-26 07:10:12,7149,1432
88420e394c306374078bf5179e60595b67c5dab9,2013-04-26 06:37:19,7142,1432
91ee6736789d14508ed56bd50476dcf76a4e232a,2013-04-25 22:37:15,7142,1432
87287b483907865a30255d927bd5cca00e9dd26e,2013-04-25 09:53:18,7107,1432
ca989306b2af35b11c0f583a6bf491ba7df0288a,2013-04-25 09:52:43,7107,1432
300cc5900520d755561e0ec361c146e391df56c7,2013-04-24 07:02:09,7107,1432
ef027835e34e2488904bfd2cbc73a8674b0c38c7,2013-04-24 07:00:51,7103,1432
6679dc5d738a4c0f59bd0e3214c1edc8ceb9efbd,2013-04-24 01:17:41,7103,1432
44f97df64f87fea09aac1761b46016749467b3fb,2013-04-23 19:33:08,7088,1432
9c1f87e35f5cccc3e69681e6d7977809a877f054,2013-04-23 08:58:11,7062,1406
6b2e44a4e2212e1e0b1897b077ef8e6d64e8bb80,2013-04-08 21:29:52,7059,1406
58c037b7e7471caa769b950fc53755f4eb2a0837,2013-04-08 21:15:45,7059,1406
604db0e26b7f2a331930b1bc958b2b1188fdb35f,2013-04-08 20:37:18,7049,1406
f1ba020a3c93a45167914e05b2c427e16a5143ba,2013-04-08 14:48:51,7028,1406
2f4638d4771ecccd22fb6ced232841ef98be238d,2013-04-04 18:48:11,7027,1406
ed13292509f8beaa82985dbe717257275f92e3c5,2013-04-04 17:14:34,7004,1406
407fdc503ebe2f911521b1b5f0198555a4f837f6,2013-04-03 17:23:00,7001,1406
3eec7b7414869bc9bef2a2f84b0b9eeb5751f93f,2013-03-31 23:57:12,7002,1406
b7d6cebbab9c2e5c65e6d8abf3620e454f3acdf0,2013-03-31 23:53:02,7002,1406
1381974cbe5c3fce03abaa5eafe6283a72dfea9e,2013-03-31 23:30:12,6996,1406
bb62064e821dad71f6111e8f425c0c9f7515d8bf,2013-03-27 15:08:54,6992,1406
57d2292a41efb3afe11c9d220394b595852fd45b,2013-03-22 21:49:30,6991,1406
d4f3b5bd9b10756ded79c33edd50f77e698a1a5d,2013-03-21 21:24:59,6991,1406
2a07984f76233eea645a8c7877b37139fbc6f943,2013-03-21 20:09:04,6991,1406
f5b3b5610c621d25aa2a4480e4f4c6694f1b7ddc,2013-03-20 12:13:27,6991,1406
6ae7870ecc70d179db732b838d92fc5f031d29b2,2013-03-20 09:32:57,6978,1406
d1bb465ae605f2146267e5f81b840454f3f52406,2013-03-20 03:29:42,6965,1406
f4d7c9d4f58c549ee26a2a9093501a553b28cc50,2013-03-20 02:09:15,6959,1406
5c692d81219b78fc144441409cc4aed3b6acf160,2013-03-18 23:20:54,6959,1406
d005a201b5bc2ebfde4f22e43e1a15461e8bda19,2013-03-18 22:38:55,6959,1406
70a41e9695f8b9d10bb6f121c987cf9641eda830,2013-03-18 19:28:29,6947,1406
5c2934a05a3568fa02952143b16e1170a37413c3,2013-03-18 18:25:58,6941,1406
2334b11b31e857b601829c9a036982ab7c8c3d54,2013-03-18 17:59:30,6938,1406
8609fa54065344f37076e5dae44436479be115cf,2013-03-18 14:08:12,6927,1406
e1e7a1fd4b4117c79b82c3f7acda2fa25be54452,2013-03-18 13:28:59,6913,1406
b1b0b044d25b4135b93a46150a9d2cbc106e7099,2013-03-18 12:12:35,6908,1406
0cd06c27b22ce5b2a86ea8143aefdaa7f9ebc5c8,2013-03-18 11:47:20,6904,1406
5700edc2ac75bfadecf168a998986cb420051cb6,2013-03-18 10:44:49,6908,1406
0ac42c52170e87ab763f1399f322c036943d2b65,2013-03-18 10:17:12,6902,1406
233238abdaf24e92d42f78b6e175483d3b7fd04a,2013-03-18 10:16:40,6903,1406
e94aad82ce3de807435ed6d25295e8c43e9da384,2013-03-15 16:28:55,6903,1406
0c415e8bc6a8d8666be1c9eda5f99285aa483bba,2013-03-03 20:39:19,6900,1406
160cd0ee5406b5689f614b6ccc203dfff633cfde,2013-03-03 18:51:44,6899,1406
56ef024f8cee127de8490dc2e9b37c75352568dc,2013-03-03 16:40:26,6899,1406
11f8ab7e17a2859dc5fe4236e276f0a8581072f6,2013-03-03 15:45:55,6892,1406
25ecbff0fbdc76d18232840f4564bc5f23eaf6a3,2013-03-03 15:36:04,6892,1406
e1bff7d2812d26b6923a71ad3812c6b06a5f8b62,2013-03-03 15:27:23,6907,1406
ace155d9f10fd256046fd1069724ada00a3d71e2,2013-03-03 11:52:37,6901,1406
ecc50f0d134111c963320b5e58ebc14eafb0180c,2013-02-04 10:33:51,6901,1406
6741b7bd15cb2928d065201d68e3181f9f5504fa,2013-01-23 11:03:26,6901,1406
f60bbfb2546bc08fe9538d3af56be8d07e634675,2013-01-21 15:21:59,6886,1406
1c0df677fbf9797cc7ce66e5d1615de118fde31c,2013-01-21 14:48:28,6881,1406
8f476655ee26742bcefe521e2ad585740043673a,2013-01-20 14:18:30,6851,1406
5a12ec0cedb77e705da7249e9e462ac91a5cd2eb,2013-01-18 15:35:48,6823,1388
bff6f0ebfc9e538ffbf2bfdbfd773ae00856bd8f,2013-01-18 15:18:06,6823,1388
46679dc06904c2d68e5fc83a8d922d79fdb502fc,2013-01-18 14:49:02,6823,1388
2e636958e7e74c3538357e95dab794d6e0b771f7,2013-01-18 14:26:59,6772,1388
f551edbc91524760e29b5c1672ccfcbf6092ad99,2013-01-16 10:26:51,6772,1388
c0d3ecb88f4350dcde6a014a98b790d6ac58144a,2013-01-13 20:30:25,6768,1388
6417729a09d1ffe9dd3c0c7f686033aa810a0efa,2013-01-11 08:11:58,6767,1388
bd351d3cbc35f1f810c2fb9c5d7f8639cb2c39fd,2013-01-10 15:33:26,6760,1388
6db51a9b1dc3dcf215e8146de2a6a70e83272d5e,2013-01-03 11:15:09,6744,1388
21baa9d3cbaf3e4420e6faacd60661cf5440c192,2013-01-01 17:07:00,6744,1388
214a56a8e9556709f9b18c88e76338ec970df868,2012-12-29 10:58:58,6737,1388
cf791216116fe4db5860f76ad7ada46b5e54bded,2012-12-27 10:54:20,6737,1388
82ed26a6718f20c7e6cb9187d642a5c4d042623c,2012-12-21 13:31:58,6723,1388
8047297cf01d1a17dbf5f2d817365170dbd2178e,2012-12-21 13:29:02,6723,1388
b2b727c0be9a66ccee95005712bb8eefa249595a,2012-12-19 17:16:55,6723,1388
798a88a08e5857a233600d91013daa80a329d2c4,2012-12-18 14:52:54,6681,1388
713f5dc8d4082f3f2038e059d3abde2a7fc466b0,2012-12-17 13:53:28,6677,1388
b6935fca9f066f20799a825b63eec57a206c1393,2012-12-17 12:55:08,6675,1388
d2ff11d11304ab4b9b7ce66c08ce10681266d658,2012-12-17 10:13:05,6675,1388
6d61a7899a7c95b64a816a0f56ef5af64b3b85e7,2012-12-17 09:54:40,6671,1388
fb455d8fe8365b0f4e8df84d7d6bdd6b739e0660,2012-12-12 10:27:30,6663,1388
41d7d6107b9721c9656c6ce942b0c6045a2a78a4,2012-12-04 16:30:02,6655,1388
7a77673e38dcf1fa92e2e735dabfe7df94ece315,2012-12-04 06:44:34,6655,1388
54d82436c4b160d21a4313040a26fe3d9b434fce,2012-11-29 20:27:36,6658,1388
712b5218c62b404b9ed1b42529de00f7e1b690a6,2012-11-28 10:33:22,6658,1388
1fd38f212bf5ece8497e5008a9d79a4d1bd6a34a,2012-11-22 15:06:17,6656,1388
d33a91e3876b1d9b2926aaf68834ef319815888e,2012-11-21 10:32:42,6656,1388
ab0c11f2beb55bb8e703298575f3e3fec1bcf63b,2012-11-21 09:31:12,6656,1388
64a5f8b98536b73e46e299617b586a5fbdbf0f44,2012-11-21 09:04:37,6656,1388
ce1202967ad55d26734f0a0e109eb3663469750a,2012-11-19 16:22:19,6653,1388
66b7e40b4ca08e5afbb6a2533cb1e371db8ebe3c,2012-11-17 21:28:52,6615,1388
a706781bd6b4abd8c0be36c356c99169d76ba758,2012-11-17 20:44:53,6615,1388
40f0640f1c0473785e59eb70d81cf90630245448,2012-11-17 20:01:26,6603,1388
c380e3be420ab92b2fc2731889aa27dbc9ce2192,2012-11-17 19:49:50,6603,1388
57a8d4199db6c71fc5c6e893c2de2ffed2d3e9aa,2012-11-17 19:38:34,6603,1388
9b7ac2624e98fadac83da018935cfcaab9825d95,2012-11-14 14:20:05,6600,1388
5cf4aaecf6f0bccf227d66c8fe2683e83d6928eb,2012-11-14 09:10:45,6600,1388
b9728e3c6a70f09d7d0df8f1a4e419f2fb0ea09b,2012-11-12 14:23:03,6600,1388
4896697edfad56b135aa8cf3099a7af502fea42f,2012-11-12 08:46:00,6597,1388
1b9824aeeccf3dd3b7fe8b09800c670390d66a68,2012-11-08 10:10:09,6597,1388
b4d7350ec0a8d998877164a1dad127bd8cfd98a7,2012-11-02 07:52:59,6594,1388
401e27213b6756ef6cdc0d425b1d859abd80cadc,2012-11-01 12:09:01,6593,1388
33054ac2c757277192b34f10bf33f23fef3242be,2012-10-30 03:08:25,6593,1388
1e1ec5ab30fd58e4255bd2e01d029b777ae28b80,2012-10-27 03:32:29,6593,1388
88f465319aa87a18c996d3543f4e14d95df604b8,2012-10-27 03:19:00,6593,1388
48ba2c6d5c426c169a03280971165562ade9dfc3,2012-10-27 02:10:03,6576,1388
76a0e49b63f8cbe30d41b9a6119fd71b23f48d42,2012-10-27 01:28:10,6560,1388
f685a1650a0a7c4d96052ea557b0bcb46f2601cc,2012-10-24 04:35:04,6530,1388
dde9fa5ac0e66a8f8c92e02b99ae09b130e9cfc7,2012-10-23 07:59:42,6530,1388
825879e070d60e02067caf5315a0e08ff6acb96b,2012-10-23 07:39:56,6527,1388
a44bd91731d6594e6e2aff359e7cde769b62e0a8,2012-10-23 06:00:08,6491,1388
d45deb15f4934f7a2bce03040c879aca8eaa9c8a,2012-10-19 05:05:30,6491,1388
98405ad9233dd0846214e92622523cbcb653a380,2012-10-19 03:18:13,6495,1388
26ef3dc089107d4f3ce1e1c219fdca32c77b8260,2012-10-18 11:44:18,6484,1388
1a93c4789239da5f521e74c98c3b655671cf7e3f,2012-10-18 09:01:23,6482,1388
652dab8c893b39a55f5ef25fa91b69afb7b46510,2012-10-17 11:29:38,6476,1388
c1ebb1b105c84aea61902307abcc4b3b25a48685,2012-10-17 11:10:10,6476,1388
40ec6801ca979d27c8f82d63c2bad3ce7a7b9625,2012-10-17 06:14:26,6294,1392
aa5ed85a7ecf9e5e3278de9fa261fba6193f57c1,2012-10-16 14:06:56,6294,1392
24675f1d2b8a3ca00108a4b012a8bac821776c6d,2012-10-16 11:37:34,6226,1392
fa4a45538f26db9d1379210ae7e3fb77de9b617f,2012-10-16 11:32:57,6226,1392
2b696e00ab4954fbf2acb3ad42593a7ee9843491,2012-10-16 10:45:26,6189,1392
0487e8ab6940da92975fe2cbd3ebd3144e280ccc,2012-10-16 10:01:57,6174,1392
0256ce9f1857007a67aa5756adfc98446273faf7,2012-10-16 08:51:37,6156,1392
b743fa3cbacff3fb0d199cb5a1a77f9056d3a5ac,2012-10-15 14:46:51,6152,1392
04c6bda6b97eb989f5c7523913b0adc4e206d74e,2012-10-14 08:40:44,6144,1402
e1c818c50149260a34d186503d4dc346e3d0647e,2012-10-10 11:00:38,6129,1402
bea30094ab4a701b93513388fd19cae2277d6e02,2012-10-10 03:22:46,6128,1402
d90c8e4c4bff9f51f6f17cf5fef0c7b8281596e4,2012-10-02 13:39:58,6126,1402
8fca515c0da647311d96459cd27f09a244081d23,2012-09-29 05:12:08,6125,1402
c30e83af98020c1ed9fc5b8fda414d21102783e9,2012-09-28 03:39:14,6125,1402
8ac51b46f064fa89bba9484a6993e73ae03a8a5f,2012-09-26 12:08:23,6121,1402
5ffa5df363a7d970acf8394c0a6aa98b700a65c8,2012-09-26 05:23:50,6110,1402
8bbfb7a638d714d794bc25817ed7fc746ddf32ac,2012-09-26 04:47:39,6141,1403
ed7ccce58dd920279dbf417f8ae676d44be93379,2012-09-24 11:58:12,6111,1403
5344eee7a3d4ac51ef6aee784f635080e2019d31,2012-09-24 10:10:05,6109,1403
668886ff8adb0a3c3feb41ef3936d72f34cdaca8,2012-09-23 22:24:20,6101,1403
02ed098642cab50c78559fcd36133814e04e8f39,2012-09-23 20:39:56,6101,1403
e0c71db13e1d24e31baadb835a512cc31556a383,2012-09-22 10:18:04,6101,1403
5ab843a42e92914dc6894a6530d5af17f9976675,2012-09-22 08:36:36,6100,1403
a10ee03875262d88399c9abd0c73621e353e79a9,2012-09-20 11:34:04,6102,1403
b6e1be4c6f36d553cdee29ab903f2f24c68e58b0,2012-09-14 21:02:21,6100,1403
d5548c31b783e60890c84a3d8819344a7be42efe,2012-09-14 06:24:40,6091,1403
6b6bee19fc2c5c831e0801d90edfe4974fde50e0,2012-09-13 10:11:59,6071,1403
3c5d440fcdd51bc04e4edd68eec70efb4cc517a0,2012-09-06 04:10:41,6039,1380
9dde2e8d24c8046aac0c17b2d9ce66b0a866399d,2012-09-05 11:08:17,6023,1380
ca06ba1e44d4bc6b6f91c7b9414e45ae8e869393,2012-09-05 10:10:07,6022,1380
1138f475cb72bb3fb33ff5e3a17d6788863b23f0,2012-09-05 09:10:16,6013,1380
210012b73c95d52d0d347212ddc73c8cf4b23132,2012-08-30 01:51:12,6013,1380
b02ee1c220a9968c67888ca631b42a2e09512853,2012-08-26 10:19:55,6013,1380
17308def6190433d5f5f844fd05e29018c4fbafb,2012-08-23 12:44:31,6013,1380
e8693c1f19db70bf05af332beeac767cb9e06419,2012-08-17 09:49:23,6342,1380
cd0c9eda9661a7f772a85c357332b7a7af21bbe6,2012-08-16 04:01:41,6369,1413
788a49d0fa024193ac3b3ec6bb2c2bec5d3c07e2,2012-08-10 00:12:06,6267,1413
8438d594a3dd6c0c8d78190e5ce0b96bdd52916e,2012-08-09 11:11:11,6289,1424
41750323a464e848856dc4c5c940663498beb74a,2012-08-09 09:22:23,6285,1424
fe29267c0c92b975c0d50ef4dd63496375b15f22,2012-07-26 08:28:24,6281,1424
2f92fc4c80ab7a4e6e291216e721df629eb38f9f,2012-07-25 13:32:01,6268,1424
8605abab2d13b8e4a385e779e887c5f11ad125c9,2012-07-25 12:49:57,6268,1424
0eb9f1846de386abae065217dfd5e485ba00666a,2012-07-25 08:22:28,6264,1424
9562e17333399fe0dec17580f100dab7b2eb5379,2012-07-18 14:23:34,6265,1424
7762ee5d6a08956fa2392efe9659bc566b1c9da7,2012-07-17 12:10:19,6227,1408
02efca019a3033c5320cbcc5f8bf01522de3c8b7,2012-07-09 10:05:09,6223,1406
fc93f79f54cd40217a88036c326305ac8f304435,2012-07-09 09:38:24,6223,1406
deec6b9e96e53e2c42b11ef33b411e7841d0ca92,2012-07-06 09:44:22,6222,1406
2bc9a5f1e68c0f01c5f71bea999883f393121b9d,2012-06-24 17:49:21,6203,1406
08f482c0df185768ad2cb1f85955ac367e9da6ed,2012-06-15 12:54:21,6203,1406
140e7ee536af017958ad64c1cfe497715414d09b,2012-06-15 12:50:51,6203,1406
388d5fb32563e8151c0028e7b361df449518f34b,2012-06-01 13:38:30,6203,1406
bbb1156c0e64c04c8489f8b237c7bcc4478be6d7,2012-05-26 20:40:35,6203,1406
6cd1ed072f4005105c9b71a25e58c9ce7867e8c3,2012-05-26 19:01:39,6204,1406
d73d7f46bd00f2363e3016bafe3861d7a406903c,2012-05-22 13:33:11,6187,1401
75d11179fd9c248c061c8eb428782bb556c8db0a,2012-05-12 10:11:54,6186,1401
3a695c863526c1c9beff0c2a85cf3700e61b08be,2012-05-11 08:08:41,6186,1401
d509185d08d036415700002388474890383dcc7a,2012-05-06 13:48:42,6167,1401
0b27e07bfe16d9d62b4f361963ba9cfa4ce7ab3a,2012-05-02 15:15:36,6165,1401
1336453f65f91d0e35b10c9269f5542149f8c031,2012-05-01 10:23:28,6165,1401
cc28a16bf281172e71f3624cd5d19424f0664336,2012-04-30 22:05:27,6153,1401
6f2f0f3d945d50613832da60c8e2ac73adadfa6b,2012-04-30 21:59:10,6099,1401
e98f2ae9bfda1dbe2a2e651bec765757237ff104,2012-04-25 11:18:34,6056,1401
12ca7c40d065bb37d8999363da115bc52b86909f,2012-04-22 14:52:37,6052,1401
3245d0a3778961a56cf47ed32147e670d9894fa6,2012-04-19 12:48:22,5980,1401
c2d67ffc19609eeee06fa4a973206a0b02e159f9,2012-04-18 12:29:14,5978,1401
4b7fb8a500a3cc8cd8aaed1c4ab90d9b47758d43,2012-04-16 15:53:06,5971,1401
309d1ba7d239b17dcc439039b8656cb0e3fa10ff,2012-04-11 15:05:43,5971,1401
47bdcea664e44df062bd3bca70addff679e264a7,2012-04-04 16:51:44,5954,1401
0681c840893409e3dbd9079e8f195616931e5947,2012-04-03 21:59:31,5955,1401
da4af0b916cb8a9b503a35eb068dcc8ce62a95bd,2012-04-03 09:13:46,5955,1401
ea5b386afeef941feecf41cdf0f1bf9e68b00159,2012-03-28 08:10:38,5952,1401
286e790e4b9244147e2a99e0f1a05ba121fbec88,2012-03-21 06:38:40,5946,1401
cc6e8cd7426322681baa4afb6f3708cbff41a697,2012-03-21 05:55:56,5946,1401
3de48c611ef52ece9c9b185e9e8e6fe2ba45ec76,2012-03-16 16:31:22,5946,1401
a596c7eba9cf22bf0f11c6fc30fa0d2ba804b90e,2012-03-15 06:26:56,5901,1401
df5d490238ff9ae29ff7b89e713a5a102e882139,2012-03-15 06:18:56,5900,1401
9a6fd666c47a6ee07641b58cecf00ae277405c76,2012-03-15 03:02:19,5876,1392
2c966849fe57767bd88d709a7bc2c014effa27a6,2012-03-08 18:46:15,5876,1392
af27fd809ebdbb745c0080fbe3192a3c6bda6aa7,2012-03-08 17:01:47,5828,1384
33650a948b001fd8c8e4f34ba55fdad5f66b39fd,2012-03-07 19:05:45,5824,1384
9737048607fc6d999d50b6231773af80d74564bc,2012-03-06 07:55:29,5823,1384
276de2e8d73f772c5017b10f8e44e6a74605a8b1,2012-03-06 07:15:11,5816,1384
0eeaac1669905cc121cf7ae7e859f2d554d68cb5,2012-03-06 07:09:44,5792,1384
72d783cf31e4546a39eabcd7c5d9b0d607997fc8,2012-03-03 02:58:43,5792,1384
67fb223d181ce33b060fc352022ca4f96c2fbe86,2012-03-03 02:56:13,5792,1384
4d80b4cbcb24b9db12c0c3530d444b9d4ca71fb6,2012-03-03 02:55:02,5792,1384
1df7a6da58459c20004bf5c610dc6a294e1babab,2012-03-03 02:43:02,5793,1384
fffb8dd3c9c72a127d38fba1a95bc9e589beb525,2012-03-03 02:30:12,5793,1384
7de8e003256b2eb280832d8adcdbd329ffa0c057,2012-03-01 03:30:57,5793,1384
5071ba7a8b8cd8c17fd0aae4b5034b00a391df85,2012-02-29 07:03:17,5773,1384
35aa4f9676fd552be93219cec48783994acb96f6,2012-02-28 05:12:22,5773,1384
3f5c97b953a7f68b07e383d7b38d60b6b269043f,2012-02-28 03:30:50,5759,1384
442856ec17a402869b8557bec6a6667a3a396ea0,2012-02-25 07:48:34,5754,1384
a9f5e12c5519e13a0ab5bd95984ee95f9f561863,2012-02-25 07:47:15,5755,1384
9d87f8b521f753fdb9e7bbdd23a87c409dd647e7,2012-02-18 18:17:25,5755,1384
7509a74631cce053a2c3ca9d5709a3db4f867938,2012-02-18 18:15:11,5753,1384
4576df9cc08e07acfaa82dd5f11d18c54407acb3,2012-02-16 08:30:18,5443,1384
8936a9197bc68f65ad552927d0a43fb9223a1311,2012-02-15 07:49:34,5416,1351
4e2f47d65e896442279ba65d1d7363d9514f5b1d,2012-02-15 03:37:44,5392,1361
ea80aec2757a19e25638b499bd813cbf5c669337,2012-02-14 14:28:08,5399,1361
94d6df8041ce97e888f70d26090b1b4d1a6d9a5b,2012-02-14 13:26:48,5399,1361
67b9dcd56f0abd22d4eae383cc416bd3780b753c,2012-02-14 11:44:40,5387,1361
1f8c24377ffb4d5edcfc12b252866594b2113c5d,2012-02-13 15:36:53,5386,1361
fb319d2ec7745af4cbc747ccfd572e9347a4d5ae,2012-02-13 15:35:53,5386,1361
1d1c1a2ecb739789ee44c0df64f2c71a0e30585a,2012-02-13 15:35:22,5385,1361
6e997bd31a00b2cbbf723d36bc65131b8770969f,2012-02-13 15:32:10,5402,1361
079968ae86ddb4e26d5614e06995b6bf1341211a,2012-02-13 15:30:32,5402,1361
f57967700cf5e12bdbef9d6ac116ef450bcf60bc,2012-02-13 15:04:58,5410,1361
04dc8e69b3bee8a7c90828d33e4f01a17be64d59,2012-02-13 09:53:14,5396,1361
8742ffd4b20e4ec19c377ff1f9b057c8ad020bd7,2012-02-13 09:50:11,5396,1361
2730337da2363b225b6f1de650ec5434315c8157,2012-02-13 09:09:28,5392,1361
8354f73f75a7586473c86d901f63a4910e93f3a5,2012-02-13 08:06:50,5392,1361
ac6b8646e44d3e483495f35b97e74e15a65fc810,2012-02-13 08:05:46,5392,1361
180ee2b0162168ffecdb510d9c9ebddfec0b4c04,2012-02-13 08:05:10,5396,1361
5e30591445b9d53bc459b27886e0da0a6d170ef5,2012-02-13 07:02:43,5396,1361
869535dffaf4249b7b04aa2ba41fb08f17ea77c9,2012-02-13 06:22:14,5392,1357
68fe2e44bb4e7e5b6aaf5163a9a4a9d9187a533a,2012-02-11 17:43:22,5392,1357
1bc55b94bdbb8b36adcad343f30e6dc82662f067,2012-02-11 17:26:00,5392,1357
5f2eb2cbe0ac6fa1fb8d959757ce8748bf28be91,2012-02-11 16:55:36,5391,1357
e39278b08f3b7dd8f927ce61d09060b1ee6fd383,2012-02-11 16:01:27,5391,1357
c4a615a58cef0618030a538d6cbe87828bc27d50,2012-02-11 11:43:05,5178,1357
4922e27857f48f185fa38980eb406ebdeb7345d1,2012-02-10 03:23:15,5174,1357
4a9fa93bbca4364363bf16f89de50e7d82f81bd0,2012-02-10 03:20:20,5175,1357
16497bfa8532381c378c5b586ee8e9cb135d6a06,2012-02-10 03:20:04,5174,1357
ae7b1ddc47c69a46a59131a997200f5bf2bf64e7,2012-02-09 11:45:16,5174,1357
02c859529ded0d029bb76a4199a2bdcb0d692455,2012-02-09 10:15:14,5179,1357
5d58eb6e0d17c1cc8eab5c5531fab74b7276466e,2012-02-09 07:33:54,5037,1255
6e6978cfcd8bc147c294223d3c5e49f08b849f3f,2012-02-09 07:24:12,5035,1255
70b85ff42ddc3db5c5b1f648f73185f27b7acd16,2012-02-09 06:03:34,5028,1255
efa8334f7dd6633fa17136e260f37d26c6d0e8de,2012-02-09 05:39:07,5024,1255
0ca4b6d8e610a447ecbf12be3677479e916e5720,2012-02-09 05:32:05,5024,1255
6ff2650f10da8992cccb4d524d15cb365637396e,2012-02-09 05:11:25,5018,1255
38a7a113b1e9dec6756a90cb80d770e37b321d28,2012-02-09 05:10:41,5016,1255
1cb4453318ba95fe816c2d296b5f2c0cb10eebe6,2012-02-09 04:15:54,5015,1255
aa0e8deba6f25ed60fae9ba35e47abda30f916ce,2012-02-09 03:08:39,5015,1255
01c97b73dfabb2d5019453221cb7ec6aadf823d9,2012-02-09 01:42:17,5015,1255
67969d468a98e692eba1d4b0ed917c38cd94ecc0,2012-02-09 01:32:28,5014,1255
c7023fc92e329c84d40a3616b7a62cca323a19df,2012-02-08 11:05:16,4989,1247
7318a63a3c8ae0113fd05c65cab2b5674cea3709,2012-02-08 10:48:03,4986,1247
b4ae227895e54839c32eb9dfd7535214463ca709,2012-02-08 08:47:00,4973,1247
f6c5358230c616da1f3beee32de080594be340a7,2012-02-06 14:03:52,4972,1246
0e6805d1e2c03755b58e859b1ce4dd056c890c8c,2012-01-16 02:52:47,4962,1221
57f986dad16bb0da500ca2b025a595da0a2b8719,2012-01-12 05:11:23,4907,1221
251b9639aae2fc35d48caa8c04d66bef377abd13,2012-01-06 16:29:28,4985,1221
c5bbcd230fb95fc2a8fcdbc70751811b905588f0,2012-01-06 16:22:56,4980,1221
11dd4516c08541d7014a451bcd44592b1251f89a,2012-01-06 04:23:13,4976,1221
8b2284cde90094c9384ba99b0a7ca1741bb92e3f,2011-12-29 15:24:26,4980,1221
97b2823a262cba4358de36c7c6235f95e1a8c75d,2011-12-29 15:20:55,4976,1221
b1e81c58446ba737d18b6dbeac5cce526df18052,2011-12-17 07:17:26,4945,1221
935805821f308c796c03d3c1f018d6414dd540cd,2011-12-16 08:33:36,4677,1221
1b335ec621d77d0ee7574a97b2f81d224a820d88,2011-12-15 18:56:41,4677,1221
ae2a8b8ab1b106ab5bcfd18f8e1f0d5b851bd4fe,2011-12-15 12:20:38,4668,1221
721ef7f39231182ff5ac8de61db0ec51986dd94a,2011-12-14 22:27:21,4610,1221
f889f7162bb755b674b6da8cb709589b4845e388,2011-12-12 22:44:10,4653,0
f56b2e2f24baddfaa0680cccf9bde37c83205be9,2011-12-12 11:38:18,4737,0
6b41e863b29463740733160fc1f47be38559bf3b,2011-12-11 19:25:29,4749,0
3b12d38031ed1020472a2839c41affa056bea584,2011-12-11 18:51:40,4749,0
1eeced6d828deab0634fa5cf86a22e611ab2f679,2011-12-11 17:42:58,4749,0
b818391da79d80b293187168640820193e9772b7,2011-12-07 11:20:08,4855,0
9c8d822ef8c9b3e8580dd46b5de383db67526ae4,2011-12-07 10:03:46,4907,0
c99611a88c567fa829ae1cf32a980b40f2a9faa7,2011-12-06 16:51:15,4907,0
92dcc73b1405ee9c6223f11e6144f5fc26d7be96,2011-12-04 15:12:20,4904,0
cc023818d714e0a29386524b944fdb4455084a30,2011-11-30 09:26:13,4896,0
a747af362b2d0d16fea5147efa85f1f36e6ce578,2011-11-25 04:11:52,4892,0
abaf9e7946cb9064ea448da0f14dae0ed093f7c2,2011-11-24 00:22:42,4874,0
59d85b079b491c47454534ece63152e1a44775b4,2011-11-22 23:27:39,4814,0
edb4036881d25d2a581becf3bf76a24290da14f2,2011-11-21 15:24:32,4212,0
04786d23219b6f1a26de09c267a5c82902bb3cb5,2011-11-21 09:42:13,4208,0
bb5a3020e88a887fc1a7786dc03983fb9f4cf07d,2011-11-21 04:00:33,4207,0
0240fdec165d853cfb425a6d5e1badfac4ec46a7,2011-11-21 03:32:18,4206,0
c405ca86d8cce1647a7847f9ab712558fd3a7feb,2011-11-20 10:26:16,4206,0
bd18e3ace2a3cf4dedfdf63ce38f8310a158bfac,2011-11-19 19:33:54,3974,0
e1e854b8cdae729dbab70b37ffb4849ece28e6e8,2011-11-19 11:37:56,3971,0
8757d150bbc07b995e2abb573687ab5f500d72b7,2011-11-19 11:26:23,3971,0
3fb00fdc4dfbea409bb1f1d3e04aa5a9a7e7d58a,2011-11-19 11:05:03,3970,0
fb7bf4175bfbc88b8ba64788d55881989860192e,2011-11-19 10:02:02,3955,0
1cdc12e241f9a6da0c283b72a94ed38ec46309ee,2011-11-18 19:46:52,3947,0
cbc9bb4086c14322c70d5a7ed07f8c18efcb3c68,2011-11-18 18:25:04,3946,0
84b7a65d8c85cf2ed2067f5e8a21ee07785c5ac3,2011-11-18 16:13:28,3864,0
13acd6a741dba4d9e259679b63ded1625f92c084,2011-11-18 16:06:07,3864,0
d1ebdfed8275b00eb2c8368f8911925df80e7ddf,2011-11-18 16:05:22,3864,0
5110ad8fff859975342ff34e1bdc8b71cd51a13d,2011-11-18 16:03:50,3864,0
08085ce1a66cbdcaddf843d15735c7afbc96c3e9,2011-11-18 15:20:51,3863,0
4b846c7fa825452c6288a5be614ab5172f1ca401,2011-11-18 14:44:46,3863,0
87c41bd579e3b4ef92fb66ca5a6aa2f819384bc7,2011-11-18 14:43:36,0,0
fccea29b719ca18ab21d668ce0d87dd6fabc7be1,2011-11-18 14:41:36,82,0
