381fb98fdf73a99b757766cd27bfad8b2fc19499,2013-12-17 23:06:51,128574,10675
117262df3104cbb50ae85f6db3ecca8f795f4a1a,2013-12-17 23:05:33,128571,10675
aff8919dfdb4444f7eabe5bf9dc0354f0425db37,2013-12-17 23:05:07,128570,10675
3818727bf798dc19106904738658a3c6caa69c4e,2013-12-16 23:23:34,128570,10675
4f7c06c9c8b9ac9ea547974475d178db8098dfe0,2013-12-14 20:01:09,128490,10675
8098837d4aaffefb97342ca763a2da44778008b4,2013-12-14 18:03:41,128480,10675
ff8285fbc6f206594d2ff519029c09954aa42db2,2013-12-14 17:59:59,128473,10668
5a59c4bd3250788e14c4c7f07950f8ff928297f8,2013-12-14 13:57:07,128457,10652
c26be63a50f5cccfe3ff829f7ee2ffb9848223d2,2013-12-08 14:03:29,128188,10652
68d6b485200337c950c686244ac1e56b2d237c5e,2013-12-08 11:21:05,128156,10652
c5c56e6eb948bdf49ae96331dce5f7bfaae7dfce,2013-12-08 10:56:41,128161,10659
5c41f72fa9c0d36f66e4ae580aa6f40bb433317c,2013-12-08 10:52:06,128141,10644
13f41017ed536d3338d9bbf6372f4db3d82e65ad,2013-11-20 22:05:34,128095,10644
3b242daacd3105e26b3fa2f567d0e87405fd054a,2013-11-17 23:07:01,128081,10630
f4e1faf7e732e32b7bc30fd275d7b1cecdbb9fbd,2013-11-17 17:08:58,128061,10630
ef4c2b75a9fb5d533754273b24693f19447d138c,2013-11-17 16:38:35,127996,10630
355cd7488e7bbd7141a5c7b8e4ba79598b831f77,2013-11-17 16:26:47,127996,10630
855eca1d93caa231374096444322b21e8b86b4ba,2013-11-17 15:57:38,127993,10630
5b3b04869b9d2b8612787e739ee369fc6f4321dc,2013-11-17 15:45:53,127985,10630
c3dce83cc9930f5fcfacf3442a730b820cb9470d,2013-11-17 15:44:12,127985,10630
526ca32f801e02935e0f3219b22e765bf8be7c23,2013-11-17 15:42:41,127985,10630
cc401c2def5d06e7b6fd29a9078a7c761c8ebf5c,2013-11-16 22:55:51,127975,10630
0e57dca6b9021d47a75e83cfab858bd80aa07e7d,2013-11-16 17:41:46,127970,10630
7268386570d36c64b5501504682ad613e85b3864,2013-11-16 17:13:04,127968,10630
9d2b48d481a146d23a5b3ba4e730966681a6dba4,2013-11-16 17:12:42,127969,10630
9b6d760b4817fe06a243b5a2e08096b12347d933,2013-11-16 17:11:18,127965,10630
0213579de43a5eadbbce234dfcff65d6f8c4b466,2013-10-21 11:32:57,127864,10579
9a7351d27fc09b754efe00daf9472659ec525484,2013-10-20 10:28:47,120938,10579
145406b539d6af95733b39b42a240276adccd486,2013-10-17 17:04:56,120931,10579
d8d936862db20468d2a96c9c4834aea6fa9a098a,2013-10-17 16:51:25,120930,10579
7a978cd28fddac5248ddc5d20f8f5dee5792e5aa,2013-10-17 16:50:48,120922,10571
97bd40b84a9e002063bd6e2518d34b31e9be8430,2013-10-15 21:32:20,120914,10571
33210805cd571289004afce36a0239da60514b94,2013-10-15 19:19:11,120897,10571
969cee1e119c506b56889263bcbd84e6a6587c25,2013-10-15 17:14:08,120875,10550
8b68ecd98e6ce26b0ef1eaded3011842966a3899,2013-10-15 17:13:27,120875,10550
70e5761d90ac4fa824ce8c09d2fb91a9abdfb2ca,2013-10-04 06:11:10,120875,10550
1a184d5790f8abc0deb4f5a7726fb4ddbe0ca09a,2013-10-04 06:04:37,120829,10548
b0477fca22491de91c42e530fad8391f56797905,2013-10-04 05:54:58,120540,10280
5f20c4aeaa9446c1e333ed6431a0016b26392a1d,2013-09-22 09:03:50,120515,10261
15e8897802cfc49b3e20109e0d9df5ec3675fe5e,2013-09-18 17:07:34,120498,10245
c04bdc91a806ba5610ae8ae95ea326ef311e1696,2013-09-18 17:04:00,120501,10245
dd5bb4dd5af3db8cc9093553d3ae3434f3d6c01a,2013-09-18 16:49:33,120489,10233
58e3269c74b4852a6518c2e6332407820c48fe43,2013-09-18 16:25:12,120470,10223
0465398ab62597cd50f53984e06e923b692cb44b,2013-09-18 04:54:38,120459,10213
39b36d9cfc6f104a10df06d3631639b48c29536b,2013-09-18 04:42:21,120447,10204
62751c917c2b82b6b5f073b7f3fe88d23298c189,2013-09-17 18:37:00,120442,10199
ee11dfb0b12eba54c2331191f7006dcc05958b02,2013-09-17 05:13:07,120415,10190
577751a1747a84cf8e2a1a66b2053d0c8c4daa7d,2013-09-16 21:22:33,120368,10190
a588677c26a0e4a88b401629a2bf00078487cee4,2013-09-16 19:03:22,120354,10181
793bb89a2a57021de6f03f4a471aa7be33774f6f,2013-09-16 18:50:05,120354,10181
0de5653ccc36a69759a0a47ef93b313399f62130,2013-09-16 18:30:16,120338,10174
176260a035f4d6e5d82cceedebe24bcd83fac6a1,2013-09-14 18:33:08,120337,10174
ebc6f5e1df5e33553e54524889700ba294327ab5,2013-09-14 13:04:19,120324,10174
0b0519fecbe2d978d70542c456a39ba63440d53a,2013-09-14 12:34:09,120322,10172
862d7ed0ab9d42995a268e07714868ac85e48366,2013-09-14 11:10:57,120305,10155
de23ea6652eb1f79537ca3d459013c199210a814,2013-09-14 10:26:19,120281,10147
c4a2ed6bce3eb567a1f161088be6a482b7e17611,2013-09-09 21:29:15,120269,10147
193c6da1a95710b2c4c3b872bd925e1676ffce1a,2013-09-09 21:27:36,120127,10147
4c552349e549918f0f78c648abe4def62cc4e7b2,2013-09-09 21:11:29,119079,10054
1f456ffc1815c525443f55d20ba22474fb3128a2,2013-09-08 16:25:03,119069,10045
023c3f020a32a93fa6534a01701f4174d88b7431,2013-09-08 16:12:13,119069,10045
ba1270899b754b13307bfd17663384e7f13ead6b,2013-07-20 20:20:41,110715,9390
3235042f0f808aa87304df1caff67400b830f406,2013-07-20 20:03:30,110715,9390
fe8aabd8ffbe4cebb2cb7af7ac7866affdf34ae6,2013-07-20 14:01:07,104858,9390
bc33e6bfbebf3e04576f752d64297d5e67fe84d3,2013-07-20 13:56:26,104852,9384
290376f4eb57d54fbcffec97e272f42f40bb04c0,2013-07-05 05:24:56,104851,9384
bca5a39d3b707382526c11631cb53e4f1876e00a,2013-07-05 05:19:38,98995,9384
6d160a2b9a3d401c331d49c50fa0666e3a42f1a9,2013-07-05 05:16:49,98980,9369
7843e7767cf2e327fea4033bb1b1e46dc7b05305,2013-07-05 05:12:55,98979,9369
22c5bd77c43e796a86aceeff3450c3583718cd7c,2013-07-05 05:10:16,98979,9369
c2dcb743d3562e2e3b66017ef5681e9af612a5d4,2013-07-05 05:09:40,98975,9369
3bb4a1086653329243e8f959cadc540514de403d,2013-07-05 05:05:35,98960,9356
5b6b5ccc8d919a5afdeff5b9b75430cde9c2ed50,2013-06-05 20:17:47,98959,9356
ff6a0395b5cad0415571491f8743c6e905ef165e,2013-06-05 18:56:06,93112,9356
5bdb7653949c18bde22913ab66a301ee8e6baecf,2013-05-04 06:18:37,93112,9356
b4231f270a288270fc01f277c6b03f589751b6f1,2013-05-04 06:15:53,93105,9356
65602099cc3a4cf62562ca3a026c20c0cb0da3dc,2013-05-02 17:18:51,93105,9356
91bc69a1936a700cf0aecbade9f6b6e768ac757d,2013-04-30 14:36:32,93084,9356
017bb2c234973a44942b9ae657d4c6f3f3f40601,2013-04-30 14:18:11,93143,9356
46e1613ba722b13fb93811e512934ba6eaabdcba,2013-04-30 14:17:05,93127,9340
5d102d545b4b029e53794efa596347c5656513f9,2013-04-29 15:41:49,93119,9340
572b45a94b6af9a9e66706e83b7129b3a7f39e55,2013-04-29 15:28:20,93117,9338
4997ce9ced1e22d3a25d6170706daa97c02a8be3,2013-04-29 15:28:04,93112,9336
747cac49f3d820114f80fe7696c2fa626be9f4b4,2013-04-29 15:24:56,93057,9302
c6d02c7a6f89c72807eb244486701a26d028ef2c,2013-04-26 12:55:25,93179,9302
5bc4059c6b7045e319fabe4a9eff849cf79ff5d2,2013-04-26 08:35:56,93176,9302
e75bc55fab8283b053f0b54872522aa27509286a,2013-04-23 11:51:11,93160,9300
3fc8944ce8f39ea3ebf630d3e22474f5ac6c0a0f,2013-03-20 08:42:01,93132,9300
fc56975b3aceaf607dba0c357579345c2bee3a64,2013-03-20 08:26:03,93125,9300
285f4ac8201657977ddd3d5dbb03e1e82ea31807,2013-03-20 08:14:17,93116,9300
2e0afb458b87687121aa33a88dde248238debefe,2013-03-18 12:23:54,93116,9300
b2d75e82b421332a86afc6589f04bbd032059b4d,2013-03-18 12:19:02,93080,9300
e58662fbd3675c7c15844ba6cb23b3309c113bff,2013-03-18 12:13:01,93072,9294
19405ac501680d45eaed296c798f1cb2b51e5391,2013-03-18 11:37:25,93031,9278
e210c4b25174c11c459707e8f989fef577659580,2013-03-18 11:29:39,93002,9249
2392e4133e20993c4d2594bcf10fd2f4cfa56cc3,2013-03-18 10:54:01,92962,9209
dca9643a1ad8556d13b27dc960923b60ae5d9285,2013-03-18 10:12:57,92947,9201
2d96df7ad01abe897e0d144c2ad6af03b2b62835,2013-03-15 08:24:57,92908,9201
a24b180cbf5ae2f49017bfd8ba5814bbc498938e,2013-03-15 08:19:01,92908,9201
bc6abb8e8b6982a560539d09500dfdb7f5dee90c,2013-03-08 08:22:58,92908,9201
ac3a92dd30d828ddfac608a6c20b45155c6be1ee,2013-03-08 08:22:57,92903,9201
b200459986aef697d4a832f676b176196505be5c,2013-03-07 16:11:59,92901,9199
9fd802f2c3720c158a48a37fa2447ecf73a22bbd,2013-03-07 15:41:06,92876,9199
2589d5ed94999d2677a15062a3c5ea1d8a3c9751,2013-03-07 15:05:18,92876,9199
3a0bd6f152ba56814c5f9dedf0343f09b17bc868,2013-03-07 15:04:03,92876,9199
096a69796f3370768ec15ecdb3554592574c9265,2013-03-07 15:02:39,92752,9199
2ff9ae521e85cc67db16e08a903230749c9f76b6,2013-03-07 14:17:20,92669,9161
7170aaf06e41b7ca0dbe58155c4b8befc79fddaf,2013-03-07 12:17:24,92659,9162
99aa363b70f984e791dd11460125d579961ffde2,2013-03-06 16:06:16,92475,9037
900daaca59715f6ebe2c179e7b2a548b0c3847a5,2013-03-06 15:10:19,92463,9034
c17d939ea705ed9eeab6114963d0ac2c689f24da,2013-03-06 15:09:43,92361,9034
45ea535a9019618edb7c05748e5fce60858e5771,2013-03-06 10:43:45,92319,8999
afbe22d2157b6ab0c967770cf2ded5ce21cd49b4,2013-03-06 10:40:49,92313,8999
dca16509c2e96ffabe8d5ff1645ed0c3d8088fe5,2013-03-06 10:07:43,92298,8999
c583acede0d0e2449582167e8b28922ee69f2cdd,2013-03-06 09:55:14,92280,8981
10caaac72375b8d41fa212b199ed51b16e675ae8,2013-03-06 09:53:57,92233,8953
d302fe86b16405f02352f513823bb2931a0743b5,2013-03-06 09:05:28,92233,8953
7217cb5e6aeb12581b11edcdb452ee0900c356b2,2013-03-06 08:38:01,92229,8953
cf9496ec32405f56f383c24d9efdb16c7f7dd475,2013-03-06 08:03:50,92195,8953
c139c6e4dff410c188d2d53a2f00b4727caa7ff3,2013-03-05 13:28:49,92304,9054
7778da94b56a423850d9cc92571f60c9288d8dad,2013-03-05 11:58:59,92269,9026
8437d0766d40af226c3f3e5dd6eb35ba5482c870,2013-03-05 11:39:05,92268,9025
3ac8371aea0df021c72e97611145a6347245124a,2013-03-05 11:35:41,92269,9025
72c469d86ec37412f794d16e54db6aba33819436,2013-03-05 11:23:47,92259,9025
05fc86f7194ddbf6de9389c9dcd7ae4635ecfa1e,2013-03-05 10:22:05,92208,9004
7cebd9ca250a99fcac619998d36790ce1c9adeea,2013-03-05 10:20:41,92155,9004
62cc6cfc0b29bff1947fc8838a5ff89097c452f1,2013-03-05 09:51:20,92052,8897
3164d57f9e942487ae48269f622053ef847b152f,2013-03-05 08:58:20,91944,8820
c90558b928fdb5ac6581b25fadf73e509c6228fd,2013-03-04 16:20:06,91895,8797
59fb6cd1f74e3c201d4dcef0e1d453cfd796f502,2013-03-04 15:47:12,91675,8787
bf74d88302a577fe9b5c0a76c1007fc6bcd0b57c,2013-03-04 13:15:37,91651,8767
2805827d611e598842d04456b2b07cc09f19a6b5,2013-03-04 13:13:08,91659,8767
1970be737b2885fc628daed84615bd41bede3835,2013-03-04 11:54:11,91638,8751
464e777db573975fc9496add94b90b40dd19860e,2013-03-04 11:02:22,91626,8748
f9b68f8f741c3e48520edeb597a20714c18bc165,2013-03-04 10:51:02,91626,8748
da7de8f518dcc26f5ff370aced14839235b2c986,2013-03-04 10:43:32,91626,8748
aac8e973fe9187f6ed3957f92640e150a9eb7ee7,2013-03-04 10:03:16,91576,8700
b48c0f929aa435697d00f737ad1ffc7138ad9b6b,2013-03-04 08:14:13,91435,8688
ed78502b1e2cd2617d37ab19dacd075a4f9c7d70,2013-03-01 17:39:36,91432,8688
4101ae9bdcf790bfa0771bf1dc4dc34315641206,2013-03-01 17:34:11,91433,8688
054beb2ad220475ee673c2dd98e33f1c55a0a2df,2013-03-01 16:38:09,91431,8688
59a443556a1d36fd47e33c347765a496034545f5,2013-03-01 14:50:38,91390,8688
c1095a7218d69d71507a9109475c377ed9175c81,2013-03-01 13:40:55,91387,8688
5d54af20399aa3fbd1f2b79973b03700c82ed288,2013-03-01 13:40:54,91097,8688
14cee5d04f4634198871fc8dc8123017860421fd,2013-03-01 13:40:53,91016,8667
9280b53291ee424130fe50c380db2303d9c2eaaf,2013-03-01 13:40:51,91005,8661
57b41f0ea08183c7ec22f8ac86198837f609edb8,2013-03-01 13:40:50,90972,8661
290d7a055cc0f7f4ac277a675d375299f3028371,2013-03-01 13:40:49,90972,8661
e63c8c58685d44bedca0cbd2f28fb9d0d686dd7e,2013-03-01 13:40:03,90952,8661
39f669e83cc928c2d6af2c8ee86c5cd3f9c95d07,2013-03-01 13:40:01,90953,8661
c56db94b7dca69713e6c27bb257b8277925374ca,2013-03-01 13:40:00,90931,8661
9b256f23400230ef5d95b75bb9c11383e7450fea,2013-02-28 20:17:52,90770,8661
494c5f268108b1f684d81a49b396cf259fe25fd6,2013-02-28 17:07:45,90770,8661
b9274743c3ab6a41038fb9f2d4dfe902faeac554,2013-02-28 16:33:09,90751,8661
ba2f6f3c135bfc99dfa07c5231624b009aa594fb,2013-02-26 20:55:04,90742,8661
a7c9a853e9b4ff6f22e2f52fd9472038354ceecd,2013-02-26 20:27:35,90670,8661
9f0c58cfa4f40819b0ad8332caf526abe28b0fa5,2013-02-26 19:14:48,90662,8661
28b89672052fc5b300289a1da62b772ff91293ea,2013-02-26 19:02:38,90662,8661
feed74f3bd032f25bae6456005fcb312544ddcb4,2013-02-26 18:55:39,90662,8661
51387047da2478fa8314283b07d6cfb9da27334d,2013-02-26 18:55:38,90663,8662
b9bc6e73a0ba2610bee9e4a3c17f5759b2c98ac0,2013-02-26 18:55:37,90661,8662
a5b653af707747eff93efd4f23b2ebcb0f23af26,2013-02-26 18:55:37,90656,8662
08175320f8346c7fb721b05ee62e29d97597b6ff,2013-02-26 18:55:36,90655,8662
e4fe935ea13673f9f8cdefb3bd6c3ea44f8eef79,2013-02-26 18:55:35,90655,8662
7116b3b1c5b09a772df6a17540ef7d2b4f267c2e,2013-02-26 18:55:34,90616,8647
20f787c53f78566acd01593efde428feeb4201ea,2013-02-26 08:46:28,90616,8647
9cc1330497b54681bf7d06c4d52f1934628c9906,2013-02-26 08:42:59,90616,8647
78883cd18d5425df4cf401e2e3d57bd2a8c73e4c,2013-02-25 09:26:09,90616,8647
241c830e10c1a0afa25b10100c8948d68acd8fe5,2013-02-17 22:25:38,90639,8647
e7cbc4c190de4a0642ae8d6f1a26f8d2cf323b0e,2013-02-17 12:44:31,90619,8633
f68337e45077bdf1066fc81a8fd8e352c3dfa9b7,2013-02-16 22:11:01,90610,8633
21cc34b608f483fb101923b597640408815ab0f5,2013-02-16 20:45:34,90596,8633
d01d2e9bfbd440ee8f5edc94f7194a2f9dd3e3f8,2013-02-16 15:15:38,90589,8631
156911aa11406bd879fa2f13291a7d849d3fe85a,2013-02-16 14:54:13,90581,8631
8ef5043b7816cb207c465b393241d252fdc41236,2013-02-16 14:48:44,90581,8631
d70769bfb7372b07c8cc58b3ab9e754c09e0990d,2013-02-16 14:44:58,90581,8631
ab3ddf413dc2f32def9eb773c22aa4833d0c4874,2013-02-16 10:02:50,90575,8626
178696d14165e49e0c9e25c9e15ca31267b1df8f,2013-02-15 22:15:08,90574,8626
e675892ba481c7b2e7c9b5b1784f66c5dc693aa8,2013-02-15 21:50:31,90568,8621
0396a59eb6276e07fc35f98bc17dc2e6b6383bb6,2013-02-15 21:49:19,90543,8621
914eb404d7512157ecfde94263dcff9e1c4d9858,2013-02-10 12:47:25,90542,8621
681725f0d284590339ab8d76afb92eaf47593284,2013-02-09 12:40:08,90516,8618
88f3f0221324eab6417df0c315e6ddaa0197b2b0,2013-02-05 22:38:43,90516,8618
d9d959fd2135d233ae1929ec32aa772b895d6bba,2013-02-03 11:55:34,90467,8565
aecab5e7dd4b77c3b11df521298a6112549ed82d,2013-02-03 00:06:52,90462,8560
c2880a9baa764b15c80fb6e093fa2378a896d7f6,2013-02-02 23:57:31,90441,8539
6cd6fb258517ce562ec714b7d787c9d2a13371f5,2013-02-02 23:53:38,90437,8539
b18239e2565ee7049d995039e6d0a614d237e4b2,2013-02-02 18:29:44,90436,8539
28172d50f7afae259e82d69ba7b84ff35b70f222,2013-02-02 18:25:07,90262,8539
26b6bc470d50037cd0a2407d96e9cb866c99b575,2013-02-02 18:24:37,90262,8539
41a8f6724af0144eb2b593ea6861a17fb71c1af5,2013-02-02 18:08:03,90255,8532
a490bc12bfeeda076d02732eb3f60a0ab6c8efc7,2013-02-02 16:53:03,90255,8532
e21bf1d7a1bfc90662e7310ba3dd447dc5c25b0b,2013-02-02 15:49:43,90248,8532
d395adc55bc898dcbd8efbbd0f016505dc468524,2013-02-02 15:39:59,90218,8526
bbef83e171e216b067908e82fc70525c75569823,2013-02-02 15:35:25,90230,8526
2ffdefa2486b4347478dcbdd6e15010acb843897,2013-02-02 15:30:19,90227,8523
c27922890df553f656605fec9efd1d638641d989,2013-01-31 07:06:59,90221,8523
3ef22f16f9d58d5bbea1ab520e039e6c82014518,2013-01-30 20:31:26,90201,8503
988d378922a14aa7d0c5f90e896041b56597632d,2013-01-25 20:05:37,90161,8492
531195c92d92ca06ba4c27b0bec70e10082ab155,2013-01-24 22:27:17,90143,8492
3b5ecf54218da394e622d1b95e1e1da80f11941d,2013-01-23 21:43:39,90063,8466
e6ea7b42abe6101cb6f446395af103bf1f78ef60,2013-01-23 20:41:12,90062,8466
abaf4c6b686a23e3c98db1f10ae16cd4f5e33b5b,2013-01-23 20:41:11,90061,8466
241b9d23a4b240eb420ef8ddad3624bf9b1ce68f,2013-01-23 20:37:49,90049,8452
bf1823f1096ce57766854d2d6481c3dc6988cdbe,2013-01-23 20:37:48,90043,8446
b371fc90a0a80c5866d8e14226b55ae1e65821c5,2013-01-23 20:32:18,90103,8446
4545b0193978a4c37ba8786f3839ddafee7cb406,2013-01-23 20:32:17,90101,8444
5325a2e4b4b8f847ead6abbc6a5ebedc7cfdeb26,2013-01-23 19:23:51,90084,8444
4e517af093c13b4fcaa81bc5d0d3dd012ce6654d,2013-01-23 19:20:40,90050,8444
fa78f2d15512a98b0059478adaccf3c89f4fb1b4,2013-01-23 19:12:55,90049,8444
e45ec8a31efdaace482e3881417eb4b050141eee,2013-01-23 19:07:29,90050,8444
80d9f387c04ae413a6c509d57ea7318c70434641,2013-01-12 12:55:09,89969,8428
1abb5dd4603a89c6cd8ce9b41c481c87432cb123,2013-01-12 09:46:20,89969,8428
3f9d01ac2f023b505184fbfb3a7588ce7ae94cc0,2013-01-11 22:29:46,89951,8412
6308dc06bddd089006bf61f170e58ce9a4d44ad5,2013-01-11 21:14:48,89943,8412
d4c84c3f95dc977fb8764a179f82b3189bc374b7,2013-01-11 17:43:52,89799,8412
8d1eaa2ae8ba152e5aa283aa89343aa568dfc505,2013-01-10 22:24:59,89799,8412
11aba0ea457044eec71d216d7e7db3194f9ed7ff,2013-01-10 22:16:49,89792,8412
0ac95336f799590446f4b1e554df3b39de3eaf95,2013-01-10 22:16:49,89788,8408
454a761e9c47bb565af06b54ea95956b1e2181c9,2013-01-10 22:13:33,89776,8406
d5bb30b4db4a4fb4ea96c74a9082213a3b09e213,2013-01-06 13:01:10,89763,8398
703aa928fc81aad8c933f6ad893c4bb4a03a752a,2013-01-06 10:33:31,89708,8379
30ee944a4ce3c4877c1f2307ae202e6936914d54,2013-01-05 16:38:49,89695,8362
432f89aaf4e2d3eb7221b262542d6ab2c08c0aa6,2013-01-05 16:36:17,89693,8362
4e1e3ab9573862ea96f0f15bef0e1f219c526ec2,2013-01-05 16:33:44,89692,8362
c04ad3adc1b1530cc9df3efde12c7dea13f33d75,2013-01-05 16:30:34,89687,8362
8fdec6ba943b44c6942e6d7f7adda7728658782a,2013-01-05 16:30:33,89679,8362
f3bb5949432e3f6de4adc7edcf51dede453f9b55,2013-01-05 16:24:59,89665,8362
8bde1635fe0c3fc2837f35abeb5adb2b972d06b5,2013-01-05 16:24:58,89654,8362
6ffee4b903eca8c066c5cd261e151c42a4ac3c7a,2013-01-05 16:17:05,89653,8362
70d610f87749589092c3f2f436c0483d9228a93a,2013-01-05 16:08:32,89648,8362
8e41393be0a60b6a48456ad1d058c53a8f2b488e,2013-01-05 16:07:03,89653,8362
8745ab442a9734745af2d630f11da4991dc75e91,2013-01-05 15:29:48,89652,8362
fb609901456f94b21ab63c5c2bad32bbb413baf2,2013-01-05 15:29:47,89632,8342
52e13a855a2a96b4ab6829a3839d7e4178344de7,2013-01-05 15:29:46,89626,8342
4c2d01a316d2c923c269728bbf474ff6a6e233ad,2013-01-05 15:29:45,89626,8342
aa9c47b5da45994a2a3cc2f0b2ac7e5a428e1f96,2013-01-05 15:29:45,89617,8342
2394c0065ea65f9f583d1d474829ba0a8dd0cd29,2013-01-05 15:29:44,89594,8320
5b241fd3a75a33f9d0079ad196bede39742dc389,2013-01-05 15:29:43,89561,8303
24e41081ef9b79b758254b8361bcfee3ba22f02b,2013-01-05 15:29:42,89557,8303
d56e0a476d60cef1a520be9eaf9d8b276a53af8f,2013-01-05 15:29:41,89535,8295
782d00972a71909b51f7dc1a67e0633358c542de,2013-01-05 15:29:41,89530,8293
d26159e5c6bb9f5f0f1c214bc4ba7efa16bfb59e,2013-01-05 15:29:40,89231,8293
697515b56cb69f5483e1ff72c17c902c710171cd,2013-01-05 15:29:39,89231,8293
97d0b0205b6e2050d4006d72634713ff8ccc404f,2013-01-05 15:29:38,89167,8270
4633f7cc4cdb8abb1c02f0f4224160a4bce41015,2013-01-05 15:29:37,89062,8190
c1efcf4e570f8ed7426ce1c79f21a8f92fdaeafd,2013-01-05 15:29:37,89057,8190
d9f929a0633ab59c77129cbb2947b02e30943d0b,2013-01-05 15:29:36,89060,8190
ecc9b0606bae2c1978f8db5a92a19d2f2dd09716,2013-01-05 15:29:35,88989,8190
815ca4a8186d4486c7026f330967b59e92b99cf7,2013-01-05 15:29:34,88823,8177
f8f2c89ba391dc3d8b87a3e7ce7442354f38a342,2013-01-05 15:29:33,88804,8163
e793e81e929f494a7f3ff058a4781663f1028aad,2013-01-05 15:29:32,88804,8163
61e7bd6fb1be4244560c5bdd33403b022a89d9d4,2013-01-05 15:29:32,88606,8041
c98495a1005115a5b5e6d19be01a087536b59ee9,2013-01-05 15:29:31,80200,8037
2f5b0a6a0a5f28ecd345e1f446eaa5b56b173c93,2013-01-05 15:29:30,80004,8012
ebea51873e27ca2b792a895791419e6be07ec379,2013-01-05 15:29:29,80025,8025
c06d8498777f5042e161d5d21d1972854330518f,2013-01-05 15:22:38,80025,8025
905ccb8a0c38d75b216ee268b838ae5b8cd59872,2013-01-02 20:21:39,80025,8025
2624cc462e123320ed9114a8878e0cf4db917e30,2013-01-01 17:26:56,80025,8025
8585614438b6193c95c2670fc14da67b8336bd00,2012-12-30 09:48:36,80003,8003
a9775a34dad65482535e670a0c3dae925b824431,2012-12-30 09:35:49,80010,8003
531ae27d144628b272e15bf6861a322a99c53c71,2012-12-30 08:44:45,71586,8003
ba99755f6b00088766a700ff93d7b4eb326c93da,2012-12-30 08:36:00,71579,8003
4f475456d55dd2880704303dbafd2745b3b4e006,2012-12-29 22:58:02,71566,8001
d30e0e1a332e860e8ef3e056eff289aa197adfd9,2012-12-28 22:30:10,71552,7988
8069e707db8352f5dc48df25ef875ce484b90116,2012-12-28 22:30:09,63152,7988
1ca6d8795f1a134b686afb08b8d5059b3d66483f,2012-12-28 22:17:41,63152,7988
3dc7ce3f9234abafe99c0ae6693c6950a17f93c0,2012-12-28 21:29:08,63115,7988
9829f2409c3e2bb2211a08dc0097f444cb1ef3b4,2012-12-28 21:04:28,63115,7988
5b3851720ab2f97f6167f5f39766121600c66cca,2012-12-28 20:32:26,63111,7988
75a92bdc44d09431db5145aa9ed1a99d72d28b39,2012-12-28 16:40:06,62829,7750
eb5c9fbf5daf5e01fbf23d4928dca9abe103f6ed,2012-12-28 15:25:15,62753,7674
addf87a75fad3c1d9e8ef9db8788b5c9ddade62e,2012-12-28 12:38:49,62720,7674
59258f55498bf7684ada096f63b6d607cd1d89a5,2012-12-28 11:08:49,62706,7660
37729e17afb84c52e0032f09fc60d3d37beeb8f0,2012-12-27 20:43:55,62704,7660
7396e3438e149fcd0feca78fd053eea129923a11,2012-12-27 20:41:51,62704,7660
e59a93b5fd8bab2f49cbcb0b0dfe55b9b0722062,2012-12-27 20:40:16,62703,7660
22a4a0c874cc8f242ed4d82a39a22a088b23ca0d,2012-12-22 19:38:24,62637,7625
34a5184af074e52e6410beb03aa5f7d8c8f8713b,2012-12-22 19:03:41,62640,7625
b0d4135eeeb1f18a4f4467c161d65b7e7ae9e8cd,2012-12-22 18:36:09,62596,7625
d0512b1ce2c3f8508c649435b40e6d4898fdf987,2012-12-22 18:10:49,62588,7619
8cfe7acdae598cd11a996922c568015d7d87af29,2012-12-22 10:21:28,62549,7619
b9061ac621d0c320ddbe5107e5c040252fc674f2,2012-12-22 08:27:56,62544,7618
eb7242da301b4f1d2dcea1f19919ee1707b5c660,2012-12-22 07:53:41,62542,7618
40cfe5adf2b9d2d077d954aa33ece70c71614831,2012-12-21 16:26:21,62540,7616
aab2be61cb23585350bb7f434d97ded46194b32c,2012-12-20 23:16:54,62511,7616
26c450d344a4747cfbf11e1c417d65a19a9ad575,2012-12-16 09:36:44,62859,7616
90882cd070f73a274616fc8fb0f96c4fc0d98fad,2012-12-16 09:15:33,62840,7616
8325548b7fb94263cb8cc37ef11d7d84b28f39b1,2012-12-16 08:57:16,62840,7616
c35b6d733e048a3344ce95f5f225ee815a12f014,2012-12-16 08:45:52,62835,7613
6554117643cfdf87f159a8a5a3d3dd42f953c5fe,2012-12-16 08:45:51,62748,7526
ee4c0c8660f6729d4558a4c1fffb997c932dcc70,2012-12-14 09:53:15,59120,3918
aa9c55fca163f0f97851596c49b3119f66df349f,2012-12-14 09:52:10,59120,3918
a62e8f6c001a19e43fff689ff817f2de96ea8c2a,2012-12-12 23:00:16,59099,3918
092f81d452058e49f75a747db12b3ced45388c4a,2012-12-12 23:00:15,59096,3918
f4105114f03db0b09c7c34ea226375a2007d4ede,2012-12-12 23:00:14,59095,3918
be2c9389448d5b32085e1fb555b771927d77b292,2012-12-12 22:54:33,59091,3918
e69acbdc515fbb2042e8c92624e370288e0b4db3,2012-12-11 21:38:39,59093,3918
033abfd8bedf9d6f235a11703fc215bc65f1aeec,2012-12-11 21:38:38,59077,3905
abb6b999c6c42e68c54946f0253930baa9fefc8c,2012-12-11 03:38:33,59077,3899
d47668f4a2f05a14c8163c7c55cb1bbf9394d52a,2012-12-09 16:24:18,59077,3899
2602833d38ef61bc4e8f48172b082b540e688371,2012-12-09 16:11:08,59076,3899
2d73502955040a1ec6d2df7ea6d7b2c3bc1070f5,2012-12-09 15:42:14,59076,3899
f49694fc8f1187054b583839e0a58571e227f761,2012-12-08 16:37:54,59076,3899
e3268e12b2bdd843cfc3cdffe5b8c5b3f54ec672,2012-12-08 13:38:22,59076,3899
650073e4f1c5cfc986e6d6c61aedef711f32b4a6,2012-11-29 19:48:30,59054,3878
60b2aa9a771e9ebae400e766922b1e10050125e8,2012-11-29 18:40:45,59021,3855
952960c9345cc50e46fba1c40440faefd8f5da6c,2012-11-29 16:27:55,58988,3826
8a6c5e9e4e93c372a8e926030ab33fa2c62110aa,2012-11-28 06:56:50,58973,3819
3dcf057fdb4d286c343a0028dae39d37f3190350,2012-11-28 05:58:08,58947,3797
a59801f50dddd6b7b89169059a815fb012968b5e,2012-11-28 05:49:11,58945,3795
811eb1915cf2aeb607f2fd1248e100f1acfb1cad,2012-11-28 05:49:10,58940,3790
37c3b099c3d41fc1482728ddf358876ad5194098,2012-11-28 05:42:54,58938,3790
8fa2137aa3607e1c2cf3cc5d023825852437ee95,2012-11-27 20:42:33,58938,3790
5dc7ff50f0eb8c03d0d71da4c8a7bb06c379d10d,2012-11-27 13:14:04,58923,3780
e5fd5abc60702c2ea51a68108b32481a614761da,2012-11-27 09:28:19,58905,3763
58787596ecc715c4b4d60ecaf9b6053e2ec3c9d0,2012-11-27 08:36:31,58902,3765
eabd8ac1cab562cb274ebdc91e11897e497e5d60,2012-11-27 08:21:21,58884,3749
dddda0b0d3de80fbd1e95beeafeeff5a6a50fc16,2012-11-05 20:30:49,58876,3744
8930ad3a44ce851b41cbc22c9c769b6c6841a7c9,2012-10-31 22:16:49,58850,3742
6ec856097c14c656c10e0ddf40eb2a36df228da8,2012-10-29 20:22:05,58850,3742
0601933239cad86b88fe09033daef6df6df543c0,2012-10-29 19:57:19,58835,3739
d225950f27ed5b334a40a50457cfe283eb97a106,2012-10-28 14:55:39,58798,3700
d5099742d4193e112336dd22d139a0565b300a8b,2012-10-28 14:30:41,58785,3700
1f19a043a5c90c163fdf83913466c21cdd7ec007,2012-10-28 14:06:56,58785,3700
f271800353f75c13ab514684a4ee868b117e77e6,2012-10-25 13:53:47,58745,3681
1175ddc01c73be213506f41f288f6ce7977678cc,2012-10-25 10:52:07,58738,3675
f7959b71908388ff84abd778b3bbb6fd27bd4d1c,2012-10-25 06:56:11,58699,3650
df20aae183d886790804636fc190b4f9ea6f7e88,2012-10-25 06:45:11,58690,3650
f3a6761dc519c5101fa8b432f3c37865a826e558,2012-10-24 19:41:32,58685,3650
38d2c57016f18f809c48fc9d19357df77a34ee2b,2012-10-24 19:16:10,58680,3648
31ce31295c5d0e6beaa357888f551808d530acc3,2012-10-24 13:50:44,58657,3639
461b3704fcbed694c3a63ba476191386ec727c43,2012-10-23 16:23:51,58644,3631
776a5d87e5d34bc473ffd41e30951060e6bbc85f,2012-10-23 16:22:43,58644,3631
5325291f363552ccaba5f794adb77bdddfaf54d4,2012-10-23 16:05:47,58629,3616
e1485dd7067a4f304c48e81da0a938d5dfc0e075,2012-10-21 15:16:51,58629,3616
7334bcc34da60eec9f157b48de2105ec62b78c3c,2012-10-21 14:38:29,58602,3598
610fe7b464bd793269a9b6cb3c9b0caf6514659d,2012-10-21 14:31:12,58597,3593
e1dc5a18d19e838c526e88032f04664d3952194d,2012-10-21 14:31:11,58597,3593
695af3d5979da06804786550e4b65c915b952d9f,2012-10-21 14:31:10,58597,3593
abf87255f7599d3e1dd6b5a360dd9ab0157268ca,2012-10-21 14:27:06,58567,3593
0ab748371c3a545811e36b42e18cbdeb3436bf35,2012-10-21 14:20:24,58566,3593
587d6c2338390d5a87322b05fccb1af408271f6e,2012-10-21 14:20:24,58546,3579
1990d8336f35e8321eec71e7c7415a226737b9d2,2012-10-21 14:20:23,58476,3532
fc8393d555dc58bd80314df7367df3bf63b5670c,2012-10-21 14:15:45,58436,3520
68297d7e3850b5eedac825a202eb64f9c80ce183,2012-10-18 07:10:25,58433,3520
9a46f67f44ca908f7da36036c5b3ae83ef8188dc,2012-10-17 19:15:20,58408,3520
8abc60ef268f55e8399e06b19506d1c985baae8d,2012-10-07 11:16:10,50663,3520
54c7d12ba321f5630c88ca389afcd09e6d9ca31b,2012-10-07 11:16:09,50663,3520
dc12632f7b875775baa37a801a176f1c6b23279a,2012-10-07 11:16:09,50657,3514
ebc41e5c4b3bf8e6bb0afae324be3aeb8ba44d2a,2012-10-07 11:16:08,50580,3437
1b0b84551fda9c9b5a31917c9459d3b774195998,2012-10-07 11:16:07,50561,3437
126667d4a052c07f3cc1c410382b3a521b65b9e1,2012-10-07 11:16:06,50559,3437
fd7a8290791a59aa954923ae72acfbac5d2a7df1,2012-10-07 11:16:06,50559,3437
28424ed6b954b578f0fdd8e8ecc04fd1ef1cc95c,2012-10-07 11:16:05,50559,3437
bbdcc02c8bd72920ce347d5c9b0bba5e27ad4c44,2012-10-07 11:16:04,50559,3437
959e22f5ff5a35c103edf621447a24f7ee443319,2012-10-07 11:16:03,50546,3437
84908b0038459175bcf25f0967ed16c0066b5c3c,2012-10-07 11:16:03,50521,3437
538097ec30243cf0e979de6a0620a141dad47261,2012-10-07 11:16:02,50517,3437
2165f29a6f37ccc9075e85d62d843f60b12f1ba0,2012-10-07 11:16:01,50395,3315
ccfa7402a17105ac35f5bbf1e8c3c1861a9ad104,2012-10-07 11:16:01,50395,3315
5eca0142c9876a6f6086e3fed22fbb25683ae0b4,2012-10-07 11:09:47,50373,3315
6bdd800bb68d534b1effefe545b687d12d288e8c,2012-10-07 11:09:47,50373,3315
f8bee84fdfeb8ff27465137159a437408ae36d37,2012-09-23 16:16:23,50372,3315
8019439eb4f52476bdfd4ae3665ee1ace500afcf,2012-09-23 16:09:52,50354,3303
819d6b0ce62a222120c2b82c364bd91fa1e03a53,2012-09-23 16:06:21,50351,3300
2ee4a47c938784a38fb810ea0a39ea4a083381ed,2012-09-10 15:20:40,50362,3311
55d6e5a0bae92d57e6601e90bbceba5fa693796c,2012-09-09 09:35:27,50342,3291
559231a4dbc9622cc43ad40aee1ba5c9b1f287aa,2012-09-09 09:30:55,50339,3288
3031517c139009528312283a1902a40287f1327d,2012-09-09 09:27:22,50360,3286
7f466c1bfe0f6666641c94a408f3cee87e512344,2012-09-02 10:47:41,50364,3285
f6917c8fa6ed4e2cc4d64e40f622b360dbe47696,2012-09-01 16:12:32,50313,3258
5f99bd22e9284cd54b266c1654c88c1b95a2b9e1,2012-09-01 15:45:46,50308,3258
5b947fde7a59ac61df15d00643f0229fe9b6ec2f,2012-09-01 15:12:41,50309,3258
f020aae77998fd8e4a9a3a4526ef6e16767ef790,2012-09-01 14:37:15,50302,3258
f171f725a42d3c53216dac18c7ebd9d2b00f35f5,2012-09-01 13:58:20,50305,3258
c68d33f94ef6d6327be3dd98503d52405d003d2d,2012-09-01 13:44:22,50303,3256
fc2809c9694e9ca6bf91fb9ea73c8604372d8aed,2012-08-30 19:26:08,50303,3256
86520e53e86e3f4f5ba6b2135a75fa86dfcb2fd8,2012-08-30 19:22:08,50299,3252
d81ba3bb386a35205ff5c47bea2fd6e72775ddf8,2012-08-30 19:08:48,50292,3252
96ef26a9ff95bd35fff072b30fcb4563e9a10e84,2012-08-24 05:45:28,50285,3245
bd8679b4c6e1e05d81c5b9c8a3f85d6fafde9ebe,2012-08-21 06:20:23,50326,3267
85ddc9f4e72e66a846640722f4e25b33108baeb7,2012-08-19 11:02:58,50325,3266
0a5245b2c35305d43eb2c7c5cb87d038412e05f6,2012-08-19 09:25:34,50284,3244
6e97b8f694606f98bae391f3dff2d71cd3530026,2012-08-19 09:25:16,50220,3228
6696368eb351824f33dc0aac67143d8ea80a085a,2012-08-19 08:36:06,50201,3221
e94b5b616ac8816e1b2120021748a85c628a8223,2012-08-19 07:30:41,50198,3221
5ed4b189ac4b339ad4b70109e7ac37fb15c30232,2012-08-19 07:13:48,50191,3218
9e8330a256e30b990f24f3f1d6866dcb2724210a,2012-08-19 07:09:24,50183,3210
2c75e4f33229916c1c2cfea12fc950536271ee1a,2012-08-18 16:35:22,50183,3210
e812e1665665d74bf29c5f2495f8a7e6bc1cec5c,2012-08-18 15:50:20,50183,3210
56f11e9666054a02401dd8466cef3d2efe17d789,2012-08-18 10:29:35,50168,3204
8de8492d35bbd6ec449c9011c04eb91f84636b07,2012-08-16 19:24:55,50167,3204
2d8ede3436ba28e96b20e2719de573fa9ea998f0,2012-08-15 20:14:06,50149,3191
fb21a897f6472da3d739fc9d7be4683da71e49ff,2012-08-15 17:53:35,50133,3191
5132c71a5bf01381c4b35516bd31d91c4854f834,2012-08-15 17:53:35,50106,3191
b65d420353bda162f66635aa52e62ee2ca0b78d7,2012-08-15 17:50:48,50111,3205
3925c73305157f5869d2f7dca2ec5b4c4321ffe4,2012-08-15 17:40:38,50111,3205
bb0886fcc966563a0d79bf8ee3ec68397e8bfc27,2012-08-12 19:38:03,50103,3205
7fc6275ba8da25610195413344bd28b94c8df2c0,2012-08-12 19:04:58,50035,3161
e0fc8986cb2a85b2597e953d974ddfff5ae1e1b1,2012-08-12 18:44:06,50035,3161
5f9cf904e7fc52c647c5db2842d6ecfe3a23dde2,2012-08-12 18:18:03,50028,3154
473b320c688894578f63122944bb1ebdae782a87,2012-08-12 18:09:54,50028,3154
836e8052451d433caf8ff7667109c518322f954c,2012-08-12 17:03:41,49964,3101
861b63ce0841d525272fe9846933efdbeeb8fad1,2012-08-12 16:39:20,49945,3086
3e052e55801278f3cd30180e7acd3767f99d484b,2012-08-12 12:35:55,49944,3086
713cbd2002da4de34cfa6e81935d1825edea9982,2012-08-12 12:35:13,49929,3071
42b83ef523e30511b8bb63d6814c6befaa88fe2a,2012-08-11 21:28:57,49928,3070
8c6d14bcf241dded60f3617c085fc4455568641f,2012-08-11 19:35:29,49919,3061
26876bdbbf3dd05f19ebfd275ab87bfde9402485,2012-08-11 18:44:08,49911,3062
66bbb9a44ab7e4a550b9c41bcf91bba51c224b82,2012-08-11 15:40:59,49908,3062
22b3ee939d2507b5f1b0b1324a5eb18e58e6d980,2012-08-11 15:04:32,49900,3062
b809e8eeb2720fe2cb05bcd15c59309a8ed0ef2b,2012-08-11 11:00:28,49858,3020
be74f9a8373de666942c97668c7b6ad6b409bcec,2012-08-10 06:35:40,49812,2978
b96e307bd57af43a2e963484cfc4ebdf7bbc59ac,2012-08-08 21:55:36,49806,2976
5d49ca000e18dd6c30a5486fb62f49e01850cc5b,2012-08-06 21:02:32,49582,2794
a702b282e6ef62604ee6d94cdc8bf3ad1134d93a,2012-08-05 21:47:05,49569,2783
d22bcdc828701051302736c1695cabe692fc9870,2012-08-05 16:14:43,49496,2754
e6e41fac6fa979cff87a41649ab5fb4e85c5993a,2012-08-05 11:23:16,49493,2752
3be05a1c7bbf8f7eef854e99be37c7d4c92ce01f,2012-08-05 10:57:35,49455,2719
0d9de3a5b1d9b305850cc30f49f08da9def8e5ad,2012-08-05 10:44:10,49453,2718
44ec3a151c37e2e15a25c82973f8cd31d70def8c,2012-08-05 10:44:10,49452,2718
c20cc598c5e416d673f6e625afe5e1177e09a90c,2012-08-05 10:44:09,49444,2710
be675c656660e65ca34d03442b067688f2b13712,2012-08-05 10:26:12,49440,2710
883e561b53523c69cf71a21a710e42b03c0c8e22,2012-08-05 09:37:27,49436,2710
fc55458915a84f9beea5601ee93b0268c048fdd6,2012-08-04 20:33:46,49427,2701
63821cdbe6d0833f5ac4d8afbdc39394c0267e7c,2012-07-30 20:41:34,49426,2700
f4518cc997e73cdbcc67df0cb552177038ce2224,2012-07-29 16:00:17,49156,2550
ec6569b0f0225969fd800edbf15e0ada243ad20f,2012-07-29 15:53:52,49156,2550
8284ce5fe052a67a7f52739bfda1a63823a00889,2012-07-29 15:47:12,49149,2543
372569f726557747d112fa48668f400c5d914643,2012-07-29 15:36:33,49141,2535
70870dd9dd3a2ff583c694237ba815823af6fd38,2012-07-29 15:26:55,49129,2526
37dcad5b8961def73d96c9483e0d7e66e0040872,2012-07-29 13:57:44,49126,2523
e98a20a50d919dff2ac0a48950f2f0f412619b43,2012-07-29 13:03:32,49117,2514
be5464d2a6985517945c4aa95f9eff1d1ccea1e1,2012-07-29 10:47:17,49116,2514
1199ce41b094def9b90edb56afcf8761d2294521,2012-07-28 22:16:10,49097,2514
e0ebaeeb55122a2cd34a478511e1ab11ab5462a7,2012-07-28 18:19:41,49061,2514
29589bfa67c82bacb9545d6ca76402ee8a50f98f,2012-07-28 18:19:11,49061,2514
d2d7042c9e30c7abba989dfded9f05c2e3b2e4f9,2012-07-28 17:30:54,49060,2514
0d61ea64497a77d667fd683d94d6f4fe450b0845,2012-07-28 17:14:49,49060,2514
221e850b897c38222fe319a15d3d2b9453bc5bc5,2012-07-28 17:14:48,49055,2509
cb789334233e377bd91a17d3118a0424ad167929,2012-03-27 14:59:49,48913,2436
88915649179c879048677f6b8d213b4b2756f676,2012-03-21 17:03:04,48913,2445
54e1a6ba291fe3ecc191bdc047662e24c6490d00,2012-03-10 19:36:27,48904,2445
3fb212d9c3d63bcb585bda88eb9ab66158b0b2b8,2012-03-10 19:29:10,48863,2445
67ed7dfcb3d7665df55492cc7593c45f72a9dfdd,2012-03-10 19:25:10,45376,2445
98d513a9693b19b3c3f74e2688609b75c729fd5c,2012-03-04 21:35:02,45374,2445
93b23d2c24936d5bd829ba1f725ef442e9475747,2012-03-04 21:13:04,45374,2445
3e5a336f88db41a735068dc15b9e57cf54d3a837,2012-02-28 18:23:39,45370,2445
99c3cb4c2e9585aa846a6ee090b8430844ea6f46,2012-02-28 17:06:38,45358,2443
229856d51420279ce061f4bf622320e57c4b91a5,2012-02-28 17:06:22,45346,2431
ac226c6b7f067874ed2100e8c08adf00db1a2891,2012-02-28 16:42:29,45346,2431
236f16b12476e825550e490062d917dd00581f99,2012-02-28 16:20:11,45328,2425
598b24910189c1ce3184cb80ecc64c843df453b8,2012-02-28 16:06:45,45322,2425
5ccf1dafec6cd449954076a93cb40fd24c0fe388,2012-02-28 15:58:44,45316,2419
d17a4614b63d9e383b030f0c6c6216a7c37822fa,2012-02-11 17:17:25,45084,2300
83426e424d45dcadba30064d64825ec38b3a390b,2012-02-11 17:17:09,41738,2300
0f1527c12d9c5505260f6eb8be8c4a005fbc520e,2012-02-01 18:55:26,41734,2300
8e186400e0458ab6b6bed736ef7f33fd3d016f50,2012-02-01 18:55:15,41734,2300
557177c76dc800c1e3e26917f377f97b0d67dba2,2012-01-25 19:15:06,41724,2300
031006daf3189ea77979a4bcb20ba68de09b3e82,2012-01-19 20:14:11,41689,2280
72f7fa6077155caf31aa71a550bcb7c52e926630,2012-01-16 13:59:00,41687,2280
38f0d90393e8bf9bf9b190ce7af539fd734fc41d,2012-01-16 13:56:25,41686,2280
e618119e03d23da9f155697a8905e94ac9ea3fa8,2012-01-16 13:56:07,41682,2276
e8ac71c5b09fec064bd37f4dcd722c9e009d7b57,2012-01-15 16:23:20,41689,2276
469f56843d8509aca43d10c2f3bdab40293e09e5,2012-01-15 16:18:40,41689,2276
6fe4c1f092cc108469f5c7d4deab313b7775923d,2012-01-15 16:15:36,38362,2276
b9dbfc08a4393981cb12734218287de50491e699,2012-01-15 16:15:17,38358,2276
b5dd30f4d4890bb39657c01af320e8da4553c909,2012-01-15 15:44:03,38357,2276
9c344ba5a149d987833899707f0c0395d6e707ac,2012-01-15 15:39:51,38357,2276
aefd31051476ccac82ec581ab8ac80ed6c2c5575,2012-01-10 23:55:14,38353,2276
2cc1b018fef08f73cb64e4b4be07bfc5a921c08e,2012-01-10 22:52:45,38338,2276
7eb079dcdf09e3006b86a6eb3c9b9861a5ed7fcc,2012-01-10 20:59:38,38334,2276
4cb962c5cd1352c2f9c4a2e93df80cf4d40f8e49,2012-01-10 20:58:52,38330,2276
dc1c6c455590d664dc94f2cc68af21249d2240db,2012-01-09 21:49:16,38329,2276
6d4516e6fcc6a84cbaf5db9e5753d05787a28937,2012-01-09 19:39:24,38319,2267
a067df6e192ec0104274d970651773966e29a406,2012-01-07 14:14:21,38318,2267
48db59ec8238d3d66f829aeba1961f7f9913684f,2012-01-07 00:34:31,35020,2267
e69433b8d173843c47640ce4bdb3300bf52aec83,2012-01-07 00:33:54,35016,2267
66833352fd67a790e847f173eab56f02a3ea5871,2012-01-05 20:53:48,35016,2267
aab66a4d10e38a4d92c003ecb5ef03b9ff3067cc,2012-01-05 20:53:03,34981,2232
1078c8b3d2c7d3f06729f6a0a7c1d130c22b68d8,2012-01-05 20:33:02,34971,2232
7dd31ff654b3e26724213435c18a4e0a0dff1dbb,2012-01-05 20:31:39,34971,2232
d8441445a506336d9c4229aa5b4d3a5ef202bbf7,2012-01-03 21:41:14,34962,2224
a40a9ee4db5ccc09abf35343a0673070d50c71ba,2012-01-03 21:27:54,34956,2218
b43d442d5523624b926a878ced280de8a4628b5a,2012-01-03 18:01:47,34913,2193
2844e03c5bf1665e4611edb78a87b91a933aabd1,2012-01-03 17:46:28,34895,2187
5ec708c3f4674e6e3cfec28bb4f733a8a0e69b9a,2012-01-03 17:45:31,34891,2187
77c8df029b7b8745c88f80ae38c70899e3b5a5ef,2011-12-29 23:50:26,34856,2170
7a716979653e5437344b37a537153b409927665f,2011-12-29 23:43:46,34837,2158
1d67c5b382574827eeb029046da664b2fd618479,2011-12-29 23:42:29,34816,2141
40011da01b681c798d39c58b3cb902915688c121,2011-12-29 22:39:59,34796,2141
bdf3763e4b9aabf7711a75967f8f31668b386400,2011-12-29 22:20:33,34770,2115
624c297e7be093bd2234c4fac8d2bfa085cfadae,2011-12-24 12:32:43,34766,2115
626d7f15231a080c796a31f1479cd0f6ee761bd6,2011-12-24 12:32:13,34700,2049
17137c1a7037da13b251b063036fe8f0f5763b96,2011-12-20 00:31:51,34695,2049
ddc27617cf3f576b260df1ec78c84262699cc109,2011-12-18 16:30:02,34695,2049
eadc0d87047ff4199ed7a866359afe81c943cab6,2011-12-18 16:29:40,34696,2049
eda86e5c74eeb1d3764c4b3834b14c96b20c4985,2011-12-17 16:47:35,34682,2045
3fa7b2fcc09bef4e36a89450598d4a86e893909b,2011-12-17 16:42:34,34682,2045
ff3d7c61ff3ae1b324facc13d0713f2acd5e4339,2011-12-17 16:41:54,34666,2045
96689e4f374e5bc69a95f9cb352b97697e0006c7,2011-12-16 18:06:24,34588,2031
3506838620c441641abb09a63013f1c4b3541c85,2011-12-16 16:42:45,34585,2031
3e31cc17f06bd99cae776886adc9f6e46e5b9826,2011-12-16 16:40:56,34585,2031
d1cb4aab977157ef7a4ae030daf97de79c174b1e,2011-12-15 22:42:22,34585,2031
321920a50de004ef88c3501bb0b97c00da8d4211,2011-12-15 22:38:53,34582,2031
db72c646bb348537719548830be65bf74da86b56,2011-12-15 21:24:52,34515,2031
9e48460eff4aff9e2ffb3b71300c012027a466d2,2011-12-10 13:20:04,34488,2024
867014c4b923fc453a9817499b81a56037501551,2011-12-10 13:19:45,31475,2024
c11bddc6736d19299ea710cb2cfebdfbf8b878f7,2011-12-10 13:19:33,31475,2024
6ba85e1c7eabe6afa59b1f95a79ea8798f6accfb,2011-12-10 13:18:15,31482,2024
bec6b223ae4a956b2077faa4c75ab9b1f5324140,2011-12-10 12:59:32,31473,2017
431b202d88df1810e110ed9d70aecc616976a6af,2011-12-10 12:54:24,31473,2017
7ae5af9b424dceba027e7301e1e0d4f4f35a8e7f,2011-12-10 12:50:53,31109,2017
9eb0423cb2428bb166c962f1362ac727f1d92c7d,2011-11-26 22:42:23,30912,1990
97cbfa5d1ad865f67b405383004452b04fd11ea3,2011-11-26 22:42:11,30912,1990
0e01c72560da4bbafa827115a220d320b8028c1c,2011-11-23 11:02:17,30868,1977
bf73ee7c6840fe5da50527283507e27528313681,2011-11-23 09:59:14,30868,1977
40601f8a61789d105b37772a849773cc4177b0dd,2011-11-23 09:58:26,30868,1977
2af0f62f982bf6e15c28b961e98e7d3a49588602,2011-11-14 16:24:20,30868,1977
2a9cc68ec761a1e703be454987beadcb8d13fc77,2011-11-14 10:58:35,30868,1977
ab5af597effc0bea3c7466f0c6f8f3ae2bc7dcae,2011-11-14 10:58:12,28387,1977
85a681de2f11f291083b0ce4aaefa5b6085cd8da,2011-11-14 10:50:56,25566,1977
13455c065190b4ce51af8bb0c3aaffe7f3851d2d,2011-11-14 10:46:37,25566,1977
e80847267b8104d3b11bef59fda6f4e6181adf08,2011-11-12 13:06:40,25572,1979
62fdf76ddb30eb5af286d05c6e5ee2a8f11b486b,2011-11-12 12:46:39,25557,1960
c290c48b3ff803b0dc3505d59896d230504c7e57,2011-11-12 12:13:36,25539,1943
198f7c9d96c1f70bb800afdd7bda5f2ce0e9d2b1,2011-10-18 22:31:46,25541,1943
491c7d1a296699d128c54043cfd9549a953fe41d,2011-10-18 22:30:01,25541,1943
041f119b138ad8cf52b3fc7877041257b397d0ba,2011-08-22 12:20:05,22940,1921
8d9fc38cc1fe64a40366899e159132f05fdd65e6,2011-08-22 12:19:49,22934,1921
333163791318962e4dfdea3f9df5222395f6a59d,2011-08-20 14:14:18,22922,1921
15d6127ccd33ddbdcd950444cc8ce8c2f479427a,2011-07-19 23:09:30,22885,1893
f38e64400857f5c43fd0cd2de9388b076ce68eb6,2011-07-19 23:06:41,22755,1893
04c2176bdbc7b9eb63f66f1768fc7c567f9c5eee,2011-07-03 04:19:06,22755,1893
afd599dcb5aaeb9bab04efa0430c2d34f01692c9,2011-07-03 04:07:42,22756,1893
42556109588c71762334e7d984d365f82ef984c0,2011-05-27 22:23:03,22662,1848
fe456a21cf512a80dc6b55327eb435d0dad298e6,2011-05-27 22:22:48,19925,1848
b68dbcf55f8582c12d59ad0aa7b2561387da3377,2011-05-27 22:20:27,19925,1848
b043fd4507db4a8cbdd67f9ccd5a0b7dba19ea21,2011-05-24 21:05:17,19913,1839
4417ef62c6d94354bbcb12bfada8734c82b62788,2011-05-24 20:46:24,19907,1839
3d24dfe90a7adcf866bd0ab854809d49df69add2,2011-05-24 20:44:18,17161,1821
59d6408ae4dbc1f40e7959a260c35de20409205c,2011-05-24 16:08:50,17161,1821
0726b9bd56627ae48a217af94673bf89a25d9535,2011-05-18 15:55:07,17160,1821
3dd0f82d3e411098340374dd8d3e8b2801d78bf6,2011-05-18 00:51:46,17147,1809
9939ba5076f5192000ffa64831e8657e539ea501,2011-05-18 00:47:42,14421,1809
8cdeda8a99e53f522372189da7e2f1c216e2edd2,2011-05-11 18:42:19,14394,1797
4463e522276febb4c1ed50ae5e76dbd5bbdc8947,2011-05-11 18:33:55,14373,1797
6ab8d9c2e623cd1994ba8de5300283ef56a61f71,2011-05-11 18:33:36,14373,1797
fb9dbab030bfc170049aaf6aaed0303b9f7822c3,2011-05-11 17:59:41,14369,1797
37a90c6765f2ae968af42dbafba4da4d2480861a,2011-05-11 17:57:52,11679,1797
4ee78458c9ed2d6a9fc0cd12f8348aef7947af82,2011-05-11 16:46:37,11656,1790
52b10c007f3048d0095f1086b1a0664e3fa15340,2011-05-11 16:36:00,11656,1790
02bb402c4df4f1fa0a951d4a9e9ad2b671794afc,2011-05-11 16:33:54,11650,1784
e2ad52374658f77f83a697207b8c27040c814248,2011-05-11 15:29:27,11647,1784
37ee7eb8d5a3700bd138bbead10673319e1c6275,2011-05-11 13:30:44,11634,1775
38234048782dfff845854ad09f53a65b5c3b9e04,2011-05-10 22:01:48,11634,1775
c5cb070e05e87e9a70e7d305e460f2b9127282c0,2011-05-10 14:19:25,11605,1758
c4d1f8a27896f69aca97a73504ff7f6217a66041,2011-05-10 14:08:05,11605,1758
9379fa4fdde68b49fc0a9aabc82d844b25948b40,2011-05-10 14:05:37,14260,1758
a1bf40641b031ae2946a9eed7302587483a2055c,2011-05-10 14:03:40,14260,1758
aaedf965646fdc002d16efed36388e014abfd90a,2011-05-03 22:18:37,14235,1738
2de86bd901c858a06170019fedda2d827f230865,2011-05-03 22:17:26,14224,1738
d7cdc17cde976edb2ba896a22e0e13bd4a87ee9f,2011-05-03 22:17:03,14219,1738
ffb75c27c0ad8ae91903ec24770de2bd5c5ca98e,2011-04-22 21:00:53,14194,1730
453b467c8544b43cbd5bf51356ee23df83e4e0c3,2011-04-22 20:59:39,11566,1730
4361a6cb3a3b57220734a98e8196cb0c92d50f10,2011-04-01 19:57:00,11551,1722
717d36736481a5f3516145d9aa7c016cf74b38ae,2011-03-24 18:51:32,11551,1722
cebfb3b3f540b313f712ba8e65d2f2a38230e76c,2011-03-24 18:43:06,11550,1722
f5ffdde7104f4b025faacde80c3766e39592c7a7,2011-03-24 18:42:30,11554,1722
d444d1bbdb376df4014ce99b1d59044d8d4c1272,2011-03-24 18:25:16,11546,1715
333d1def4485dd5e386eab7a5ad6c02c6db1a922,2011-03-24 18:09:47,11545,1715
4b3ec3eee0a0f1a0fb6f0bbab22914cb3ce31aad,2011-02-25 23:56:14,11531,1704
cc88b975bbbac6496d672ebb96c3bc41fa511559,2011-02-25 23:55:04,11531,1704
e199ac8c8e5fdd21366b2482fed2ce97eb9de0c8,2011-01-31 14:10:57,11531,1704
0d95755e003ea37db44af939907230efda73c3e3,2011-01-31 13:38:53,11529,1704
c06477c85e9a25d4a7e0b60968cda644aa151c9d,2011-01-31 13:35:47,11520,1704
b7fb09fed7f269510b4a6be6f6075683007f1338,2011-01-21 01:05:33,11554,1704
7b41e1a3f9871146fb6ea4db0c00982eb57d2bd6,2011-01-21 01:04:41,11554,1704
0bd18489bc8c7986b6893eab4d452240ac4fae75,2011-01-21 01:02:15,11553,1704
6b8a5c4f2797e4a0cb8b38aaa5e6685b518ba314,2010-11-30 16:51:55,11558,1710
15bd30eff9208f551849f36fffe3d81a3d7bda2c,2010-11-30 16:51:20,11546,1710
39163846642257b5c06169f0d1c511c8a14529e0,2010-11-28 13:13:13,11546,1710
3b94d516922b18244e592fa9548d49ae51ebaf77,2010-11-28 03:52:50,11542,1710
40c7ab81a964665d1a21fa985fa27cf64b9a6f48,2010-11-26 22:43:26,11551,1710
aeb4680232f41fb45deb07ce295b200c50bbf9bd,2010-11-26 22:34:17,11551,1710
186f898a8e4e4d6124c86189faca59c74f62ff0f,2010-11-26 22:19:30,11494,1653
2dcf2273805feb137db2764ba4e464d8073165b6,2010-11-26 22:18:01,11478,1653
2a26e459001e4d5710c224b5295d53cdea3dfe41,2010-11-20 07:19:26,11478,1653
4c944a7fc49f4fbe86ac138d3eb288752b938f1b,2010-11-20 07:18:37,11457,1653
1a4b10976bbf7d62a94b5ed0abf9d438746844ed,2010-11-20 07:17:35,11457,1653
26b102e98d3caa502d6d6827a49317a45448d127,2010-11-19 20:20:44,11423,1639
f0781cd6cb65f8d0523fc0a8b48333bb52da60d4,2010-11-19 20:19:11,11406,1639
818f48f8c6745871d1e0cb341cc4b797dc350383,2010-11-19 20:18:56,11406,1639
af0f9cd63c1bc5250a9b02cddadc20e35657c1d9,2010-11-19 20:18:35,11392,1639
a2807288008587b95c6c2f8ba5cac16f1bcab98f,2010-10-14 21:27:52,11389,1639
f79f3b5f10462623bc3d00c6bcf983986da937bb,2010-10-14 21:26:30,11390,1639
6517d33cf11697b7110da587be4820a5c76fd227,2010-10-14 21:05:38,11416,1652
7996bf5e78486f5f1bc00ce9a1b4f649df332564,2010-08-22 18:50:08,11416,1652
70b6684f873c8a06d6e7f644b4b39263a1016fdd,2010-08-22 18:47:45,11385,1652
d5ffb1d70820a3a9da3e0f83a46c37b532e73512,2010-08-22 18:45:22,11385,1652
ea3d92027f5a2e088b8356d03dc43807163aa7c3,2010-08-22 18:44:45,11360,1652
a8fbcb1917d3a5ec527c1f0a6e273730e5fe540f,2010-08-20 04:02:47,11354,1652
d470739cb1b9e684bc0f8a7ef8c5dcd22c3c6ad7,2010-08-15 15:02:09,11354,1652
1036c568020c94addc9e60506803f56ca4f789b6,2010-08-15 15:00:18,11346,1652
04984e270835b963e0d8f9c552ab392a4a27bfaa,2010-08-15 14:59:03,11346,1652
d15752ff5fe352e0e3d3b397a6dde5803d95ea4d,2010-08-15 14:58:52,11346,1652
0f769a09bcfbe8962684cd1d9a737aca26eed759,2010-07-26 04:00:24,11344,1652
e17314e653e02cd8ce5a5e5e91e39d989b1a9b6a,2010-07-25 21:01:27,11344,1652
da62bf3eb421eb807fd1561b8987c4b8703ef037,2010-07-25 20:51:19,11344,1652
334f224d7efb379acecdf9ce7a18cc84df0d7391,2010-07-25 20:44:27,11344,1652
326e863bbcc8b8fb99e3f958acf5ea1bc6502d0a,2010-07-25 20:42:19,11346,1652
4399c9c9658e5c189745943d43c6d9453a0ded8f,2010-07-25 20:41:05,11340,1652
afd983b9ea24cdcac035a759b7dd7c57e2e8fc71,2010-07-25 19:56:14,11340,1652
f3c6d31d4cc27ea32c50bc9e17be3c890fa17f3e,2010-07-23 23:49:33,11339,1652
b06b24896212bd457de52de8094cdc525aa62c01,2010-07-23 23:49:03,11283,1652
9bc9d11518ad31c430a1d224cfe75cc66d0c99e0,2010-07-23 23:46:48,11283,1652
45da7c0fba8e2f5fd88e35300e81bea5353ddfc7,2010-07-12 12:06:38,11271,1641
750dfc9e4e1855e164ae778b5e0915ad6758b171,2010-07-12 12:06:28,11271,1641
d39d22496d3f2511a9de2784a79bd7bef758f87f,2010-07-12 12:05:39,11271,1641
c40c15f1f580143549859592e58a7c7a3a815c12,2010-07-09 19:31:26,11271,1641
663868f18c157b47b13aac2906adddc50b2a3c23,2010-07-09 19:29:59,11257,1632
a57b6f05f93d07130e45da952cd50119a570cf41,2010-07-08 17:30:36,11257,1632
cc82887c9f6c5de52a2f6fa10c589cd69f261c73,2010-07-08 17:28:34,11255,1630
e36080a3ff7e30a622375ee34a65378dae2b06ef,2010-07-08 17:04:36,11256,1630
66fa17b27472b43b49058c5832fbbe885b5daaff,2010-07-08 10:45:43,11186,1611
f74f646eea849fc740041e5e15319d119b2f16ab,2010-07-07 22:55:27,11187,1611
0e1fe9baa22836499f48b3b53634fbffcf84d268,2010-07-07 22:40:18,11174,1611
965061545950555ab1742496532904805ad22a2b,2010-07-07 22:27:32,11161,1611
cb2330707bd9cd761b98e1a1f8b33a7b0a253b41,2010-07-07 22:22:34,11147,1597
8422fdef6db2737b6e35eb3a04b7c0c19c3a5acb,2010-07-07 22:22:01,11147,1597
3171a62f0d16641ea329f72197acce76c7c71841,2010-07-07 22:21:36,11144,1594
189b1bf0890d7658790dbe5bc2f5b992a66ed0fb,2010-07-07 11:53:09,11142,1592
9fa99efc55a8c6d1fbe094031c54de89aaa4c308,2010-07-07 10:20:59,11136,1592
22f25e19f2e8de60fd07d7dcfcd44e088c786322,2010-07-07 10:19:15,11132,1592
944b6703ad0807b1d4bdb2a3149fd87e8d013c27,2010-07-07 09:59:09,11135,1592
5fcad4d348735ebf65da5415eed1caf90145616a,2010-07-07 09:58:55,11135,1592
e985bad5f419b9ae4e8a8abed3efe8ce64302ef8,2010-07-07 09:58:26,11135,1592
cfde58463b0a156f213b74a5bda5bf2dac60585c,2010-07-06 14:52:33,11135,1592
48690d020882f6e841f8acab5cf3c6d35978bdce,2010-07-06 14:51:57,11100,1557
7eafab64f57e5b525390f2e6da427dac6ee0dd8e,2010-07-06 14:49:39,11096,1557
04d2d3ab68af05c9c00e45418931236f315be416,2010-07-06 14:48:05,11098,1557
64cca1f7b8a78bd437e3b32986e0e3af48b60259,2010-07-05 10:31:27,11095,1557
63d761a7f1c9368b17846ec9c67427c8e308582b,2010-07-05 10:30:58,11095,1557
b1677081f571dad4ee454d41bd4c8709bc557116,2010-07-05 10:30:26,11071,1557
d983d8d1a13f8cd76cb685ce2ebac42ccc14f5a3,2010-07-04 23:19:04,11071,1557
1a30768af9a08a9c3c91e3c47b2be27ce02fde49,2010-07-04 19:20:29,11054,1546
36371a3007c5cce5ca21a953597dcdcca2ce6422,2010-07-04 19:19:56,11053,1546
a61ca3ec5bd73759291b63320f38ad1c6196393d,2010-07-04 19:05:02,11052,1546
90ab7188f25e8d5821b76283f661ce38014398e6,2010-07-04 17:21:43,11045,1546
c68867c8e2aa263e573ce5d0b6b59323e6e1dc4a,2010-07-04 08:45:55,11041,1546
75e7f801fee16bc4183b0479cd281ec606fc4327,2010-07-01 09:15:49,11035,1544
462985736d6f9df41431e99ec55d947229fedeb4,2010-07-01 09:14:57,10971,1544
c520b5859aef1dc65d903ebc1f623d43f8490ff7,2010-07-01 09:09:24,10971,1544
a3c1c61ef0efa272cb0e80b50d0ef1dbdd963b19,2010-07-01 09:09:03,10971,1544
45592cb3cc6c71c4ab493436139f8d1c51e61087,2010-07-01 09:08:52,10971,1544
6426ac5c7a5d067af6d2ac7d02e4f63c4398f7ce,2010-07-01 09:08:27,10960,1544
cbb432edefbda356cd55c66f6bf68affda3f1aed,2010-07-01 08:46:31,10958,1544
494398e736fd20355ac5743885f43cce6c6eb5be,2010-07-01 00:35:28,10956,1542
0f4551f9c32500fe54a428391839d2db9c2ed36c,2010-07-01 00:16:03,10955,1542
913eefdcc08e36ab0de52422ddcf9be18ffb8cc6,2010-07-01 00:05:55,10957,1542
13d6fbf63fe178177735d621fe8137dc26ada95e,2010-06-30 23:31:48,10959,1542
acfd2463bc5010d50e3330302841f6bd0f79a264,2010-06-30 17:59:46,10938,1542
a1e4d61a13d28b3cfd6db79f7306a8ca78312b85,2010-06-30 11:20:24,10938,1542
27a123d779c20e87f5ef84e97b9ec62d5923b64f,2010-06-30 11:20:11,10938,1542
6a5e7d10cebc0d71480a6756a3abc3401ccab563,2010-06-30 11:19:41,10908,1542
a50ebe73e9dc8ccf2d9c0291534dfe3edda97301,2010-06-27 20:48:52,10906,1542
2d66e4cb48bb61ba9300394a6f41e7f4060bbc71,2010-06-27 20:47:59,8470,1542
f817dcd2fe168d5b5e9338e7b0521d7879ce5f50,2010-06-27 20:40:12,10886,1542
91672f7c24c4de6d30b84fc25f65f5ba170d8f36,2010-06-27 20:11:44,10881,1540
15140596bd7c6ff96d55bcb7fdd9f222326d0ff9,2010-06-25 23:59:28,10881,1540
369b978c787918fd8ad9cc1737bd91098a9c88d6,2010-06-25 23:58:25,10881,1540
77fa4a171c91e75bff629659f97965d791d86896,2010-06-25 16:52:38,10913,1540
669b3b6d9215973b4adf88fde09ae52cd01db35c,2010-06-25 07:03:37,10913,1540
0acc8c0ae1f35c7569ba2648b580c4ce4ac81443,2010-06-25 00:50:51,10884,1540
7b3cf339c268763b454b6cf30aa8d15f5b223625,2010-06-23 04:58:20,10865,1540
2522815aca9e40e4e0ec47e90a383222fb3b628c,2010-06-23 04:57:36,10822,1540
5021f1d6795a14a4fe78aa0f88c7b34ad81a52b5,2010-06-23 04:56:45,10822,1540
544e0824e72ce140a70ae4287181dd9aa2c69e5c,2010-06-22 00:32:31,10822,1540
94dff7d3a5780407713effdc46d11bb7e6ad9d50,2010-06-21 02:18:04,10781,1540
e1fad69dbaf3bcf55c4d0181b3ceb3eea507ecf5,2010-06-21 02:17:41,10780,1540
537b0465c06b99245dac96d934758e1e69618376,2010-06-20 18:47:53,10778,1540
2e8a714c923b76f74757e92873f6dbc9a76030c3,2010-06-20 18:47:41,10778,1540
6dc68c247f8fb545ecb8d035073cdc7fc2d58c61,2010-06-20 16:55:25,10778,1540
078ddd0105a0ffecb5cb4b100ee1330bf8e918a3,2010-06-20 16:53:52,10718,1540
b598b80a04388274f2926cd1e9c25905d43bc436,2010-06-20 16:53:11,10765,1540
8d6af09dc59663588ab87ee08f009ab46d61f68d,2010-06-20 16:47:33,10767,1540
7824dfc05dd0139dd6c2ae0935168e8c5bf3f779,2010-06-20 16:46:42,10759,1540
ca4067adc8e165e3db3174ff6eaaef9382aaf1f1,2010-06-20 05:34:36,10754,1540
0099a9515699e1a5b96cf7e3c289da87fa074bfb,2010-06-20 05:33:42,10746,1540
a26eb790a5580e4e3dbe0b61635f805b35232c95,2010-06-20 05:33:03,10746,1540
eae3fa11e5bd39f5dfa6933d6e6b904fd1ed9d76,2010-06-19 18:35:56,10743,1540
c8edfe8995ac089b0f92f916e841f7a9fa4fbe28,2010-06-19 18:35:37,10743,1540
10de9d02e4ee08b2dc07e0035b0ab9bf7f43781a,2010-06-19 18:03:52,10731,1533
634a2371b491a86d007df7f43bb283ced0d7fa2f,2010-06-19 17:44:23,10733,1533
193fc96de10adc5bf91af28602237b9463b51b17,2010-06-19 17:42:33,10721,1533
7984e975590c6602956d4fd09c9f35ecbd2235fc,2010-06-19 06:05:09,10712,1526
64832729b96d22da424ca036901ad6ff3f748cbd,2010-06-19 05:58:58,10710,1526
a72966fa6abae92b7af2cf96d49b37ab94469747,2010-06-19 05:51:26,10710,1526
1e3098fd5e2311add281274825e2fa98bd32c1f4,2010-06-19 00:15:04,10711,1526
7726f9849386ad3c3914df691c53aa01a1beca05,2010-06-19 00:12:03,10711,1526
72e7c34921ecd17a0b63d62adc15cc1aaaf1aeda,2010-06-18 23:51:29,10699,1526
851b9d1ecdcb06951758cfe15a041ff3f51924a6,2010-06-18 23:46:38,10691,1526
29a894231a9eea1198ba97b1c46650792a202911,2010-06-18 23:44:48,10691,1526
7aef90c4c83d83385f8daae4d31bbad9f467aefd,2010-06-18 23:23:56,10681,1526
32ae279a54f60e291028eea571b82bf3427ec0f5,2010-06-18 14:44:31,10679,1526
487ae50cc52b0c34f5fef640b6178a030ac0d4a5,2010-06-16 23:02:50,10679,1526
c96b68d353ede928273fcbbd526e3e4e9d64afe3,2010-06-16 23:00:58,10680,1526
c40bcc856c8eeb2297a8fd5f1986d79773799b19,2010-06-16 22:59:07,10674,1526
6e0a5ad4356ddf6b426186ed4ed2c4889e90a9da,2010-06-16 22:58:32,10674,1526
6e28483e1a7461c86d433d42fa02b99f87521491,2010-06-16 22:58:16,10674,1526
3c90f43eb1c90b6b045380e871f78fc63a404ef8,2010-06-16 22:57:51,10674,1526
edcbd3ffbe1b1f8ef797a317a44ee91ddcd48fa4,2010-06-16 22:25:40,10673,1526
a1e1f0133871fae626e2db2a5a93c6df1f35fa86,2010-06-16 06:13:59,10673,1526
75245d98bbc2fa6b824f34a26606eb9d51b5c2af,2010-06-16 00:15:58,10660,1517
faebcab70004427e0618f0b6d3892040b55b57bf,2010-06-16 00:15:07,10601,1517
345b8716d8b1433b38d686f1fe92452b81e5bc5c,2010-06-16 00:13:19,10601,1517
fba998f5ed0f7dd7ca38e338d73b18b36d4a0d9a,2010-06-15 22:56:16,10572,1506
2bac8184c570afb7a71e7c0e429da59a5a39bfff,2010-06-15 22:54:46,10569,1506
691dab11af28f0f7c2705443aad7bfb4117b5291,2010-06-15 22:46:09,10570,1506
7768d410503ac7c60c26415999415703d4d1d00a,2010-06-15 22:44:59,10567,1506
e529e38369444b2fdea4354b0bbbc703191c072b,2010-06-15 22:05:03,10525,1506
927e276761f1a6668f87585d03e34d3701039e67,2010-06-15 18:53:44,10522,1506
f467219dc37552a773a72026428ca423fa3bf9f3,2010-06-15 18:52:52,10512,1506
4479c511cc16ff7cb84c22b62c8c3fb4145f63a1,2010-06-15 18:52:17,10512,1506
8a75acf40adf0d0f4f5dad55bf8fec8cf6e5d8e7,2010-06-15 18:51:48,10505,1506
9b173bf6e463bf2716ce435316b826e34c8cf84f,2010-06-15 07:52:25,10503,1506
2b102afa6953caa398c248c59cb8feaab065395d,2010-06-15 06:39:28,10502,1506
c326a4e18365e6c741b09d3a3c48a6c9c4498bee,2010-06-15 06:38:48,12731,1506
c00495b4216bb0a8678e16cbc29e93077ffe9a4f,2010-06-15 06:36:55,10465,1506
e961421f26fbf62c55f42447af72a344e208fe0a,2010-06-15 06:35:52,10465,1506
07a3a7dc64e063f22b987ce273e501d91ce592d9,2010-06-15 06:17:29,10461,1506
372f99bdc5d47e020603cb4678f8cc7b153d09bc,2010-06-15 06:16:55,10459,1506
3c897024ab5b3ae2f71c0eaf05f8216de609ad31,2010-06-15 06:12:30,10461,1506
4e14ea045d1bc05f507102aa2df23d6e221a1d92,2010-06-15 06:11:35,10458,1506
c008f71db2ff6bfca58f54f81da995a50eee68f2,2010-06-15 05:17:35,10454,1506
3ee89922fc099ac0ef0427ff9e8ec8debbe51ad3,2010-06-15 04:56:37,10454,1506
0dcc820fe6b8c46da677dfd9574d80186c2150a1,2010-06-15 01:43:34,10441,1506
6705f8e50172b3168ffe036d53ad3c4fbb45d66f,2010-06-15 01:30:56,10435,1506
4135bbccbe5f0b26108ea613d3d8297dc8ef1da6,2010-06-15 01:20:04,10424,1506
7b990c656aa78f36eb5a502be4bab293d2a010c8,2010-06-15 01:19:39,10425,1506
4135ccf010ed5731bcc64dc47b65a11184286b44,2010-06-15 01:08:11,10432,1506
0d98d2401ac2164b233df6dbe7ec5b289e77847e,2010-06-15 01:07:38,10430,1506
528b8e0c56cf86345cd2dd27ecf0cb38d4d9350a,2010-06-13 06:55:28,10429,1506
2694dc86fb7e7ee76e9d3cd79036216be0cea507,2010-06-13 06:52:51,10429,1506
eecb7c6d4a178c9b890c123574dc684e96df8e53,2010-06-12 01:48:08,10429,1506
b03b7da4c646c8e2033f98d8897b69e62477581a,2010-06-12 01:46:43,10416,1506
8c5530c6a70c3beca2b473afddbdf8e3c9b19035,2010-06-12 01:46:24,10416,1506
ede2dff57fc545d2b03417e76151f58617e63ff3,2010-06-12 01:46:12,10407,1506
123440864fbe51489c43debe7c094a22ee940e41,2010-06-12 01:45:51,10407,1506
f7050f280fa6dc3782c6594c6034872c37cfb465,2010-06-12 00:41:37,10395,1506
7b4ebef2a4cf76374fb57033997704c6506c400f,2010-06-12 00:38:44,10416,1506
a3990f6b8a927ae9d6cec95587b6790b829043e8,2010-06-11 22:33:49,10404,1506
fab6b4c43d463e5a5aa48c0cdefeb272e878eea4,2010-06-11 22:27:35,10404,1506
5995bb935b246c1641f4ce44d4f9e402b167da85,2010-06-11 22:20:44,10398,1506
77b3d3737c71ad609dd1f77200f4a40381a7f44e,2010-06-11 22:19:06,10371,1506
f0ce0533f75f982cd91101853c9b8703530a4fb7,2010-06-11 22:18:40,10371,1506
0f1f776e43ee61e08ace25eae3414faded900e4e,2010-06-11 22:17:35,10356,1506
eefb563a4886eadcdb0424614c87e0c3a0e77ec3,2010-06-10 01:55:57,10345,1506
5365e285146541da292edb045d769ee3f7d35638,2010-06-10 01:55:32,10345,1506
5037a0eb45af7ec1628a648a3655a9fb291727df,2010-06-07 22:52:13,10344,1506
9f0734ed5972bb9fdb363e57b2531e7b0e65536b,2010-06-07 22:22:23,10344,1506
2b0d69902a18ce86db21966c07695cceb5611705,2010-06-07 22:20:50,10347,1509
8468209ffcc7981e0344ac0448e10ee5126fc278,2010-06-07 22:20:13,10280,1509
3c1db240bd5a5c906d80424641ba935ea3aad917,2010-06-07 20:26:22,10268,1509
96f414d0826b356e7c3b3d42cc852e9f813a1e4d,2010-06-07 20:12:59,10269,1509
693ef38edf1611495455d497f096089a93d8fa94,2010-06-07 20:12:25,10269,1509
25e3205eb3dd71665e597e9a183da802daf48600,2010-06-07 19:47:41,10267,1509
4642963fbdf19a9d284de971a66be53d35ba3910,2010-06-07 09:09:16,10213,1509
45c5f97dceec5fe42f69801f0d376fb78e85fb13,2010-06-07 09:08:52,8091,1509
40b117d448306b5f1844eacb167cd52a73218a5c,2010-06-06 22:26:38,8091,1509
d8289eb59b6f384ab8b2f7710eed7505fc9a4050,2010-06-06 22:23:55,8091,1509
652f1110d3e3fb31e411365cd34cd083d7083804,2010-06-04 17:28:38,8064,1509
7e03c8f345ca2d672a58e09d882fc5ef8edd8285,2010-06-04 16:34:41,8060,1509
9e8c5860eb7c13497f5117185b2580a03d2d61d6,2010-06-04 16:27:25,8059,1509
05165ce90dd14652eef71de3e7f7629351ea5817,2010-06-04 16:13:26,8060,1509
0b30fe48c9bf180694586261ee667a5710646d4d,2010-06-02 01:48:13,8060,1509
3f066d18d0e97f9e4d1df99e740a411c89c96e6a,2010-06-02 01:37:02,8058,1509
93d2a56f2359b62c5f71b4303d0bc839440bee91,2010-06-02 01:34:56,8058,1509
63bfdbfe4b57b8f8dd0e5af12274313fb2b3457c,2010-06-02 01:28:42,8052,1509
9c390cbdf8ebdf20aa467fa7ee9f38834229d049,2010-06-02 01:21:59,8050,1509
799697b8c332ef17d8ac7f098aecf8c30c5f4670,2010-05-26 17:37:53,8060,1508
8c295ffa2c86b51672b8ea2b3a57d1b657620a30,2010-05-26 17:37:34,8097,1508
3d50615abaa91dac1a58aed66fdd48507c85f659,2010-05-26 16:56:07,8094,1508
3755f632cc6b087720c3da707b3b4c040ebb2be2,2010-05-23 16:52:23,8087,1508
335d153d046b9544420fbdbb8ce507f2d3b4ae83,2010-05-23 16:50:20,8074,1508
f01976bb0322bf1ab1a86b9ad3e79d6add0fe7ab,2010-05-23 00:57:10,8067,1508
604261c3f0ecc0a5b208f38c4dbb27b4e54c6328,2010-05-22 22:24:57,8068,1508
f35d035e51217e61dc2ff9116201aea6435a6f6a,2010-05-22 22:24:37,8031,1471
d6934147d988c1d983a353792868cd8cbe4d4561,2010-05-22 19:13:02,8027,1471
1c2b39df95e41d7d3c646cdaea3754a56129bce9,2010-05-21 02:10:22,8027,1471
d24fa91ffd0caaa4817a319792bd1af6e3dad81d,2010-05-21 02:08:27,8027,1471
9951823b90e12fdc7a928661dc8fb3159943c8bf,2010-05-21 02:03:30,8026,1471
118e230afddf725eca1b2ca7c91e229f456d5aea,2010-05-21 02:02:32,8019,1471
5b12334599c0c62e0637ab27435cba26673cf2ce,2010-05-19 01:17:45,8018,1471
70045e9c4bbb019bc5eb1e989f93c0eb94141866,2010-05-19 01:16:44,8018,1471
e501f2e47c19309f31d8446c7bb0a0875b9eac95,2010-05-19 00:52:49,8015,1471
61c2b5877ab2e46c980011b91bb725f9b013859c,2010-05-18 23:51:24,8009,1471
414fbc9dd49766799443b662e4e602fe853dc492,2010-05-18 23:49:19,8009,1471
a6e276f1b0412cf9abad214b6e7e7c8734c0f546,2010-05-18 23:48:52,8009,1471
eaf3c7d187c502ac3f24485a7efe737e39e84ea4,2010-05-18 23:12:41,7601,1471
ed1a632f35f4dfd3db721d51e917b7d51a9aad48,2010-05-18 03:31:45,7604,1471
5286c482207a256ba199b20b4e6527262c7e2ccf,2010-05-18 03:28:23,7605,1471
04655f3e826dc3c4a0c57208899885ac94342e14,2010-05-18 03:11:55,7605,1471
9c0b843fd2a671fbe031c3e056ee0d62ee95b5df,2010-05-18 03:09:12,7605,1471
ee75bca5875c53f792f74a79192d5fbb436290ad,2010-05-18 02:58:48,7605,1471
9bc98c5efa0b6e704f99f00fa1d59fb3d18aa8b1,2010-05-18 02:57:11,7605,1471
bfe0acb01b3ef4843acd2681a084725f2f748134,2010-05-14 00:15:59,7461,1471
f5f0919349da766dea6ad5d55786c0221cf3caa3,2010-05-08 03:21:16,7460,1469
07d5c208620cf8db09a84462e0c7d07278f72d5f,2010-05-07 07:50:54,7464,1469
7d2fdbda58ddfefe098f674c4e47cdeb283d0250,2010-05-07 07:49:03,7464,1469
3def6cf5bffe628b2ae49a62f4a5655ddca65a44,2010-05-07 07:41:09,7438,1443
31d0f6af3a9de438b2e789da9beb452bbb901abb,2010-05-07 07:40:39,7438,1443
f7a6046fc8094353159d6118434f728e06d1a11b,2010-05-07 07:40:21,7430,1435
50e76c3912e277dcbbf3dda94da641c22a242d69,2010-05-06 16:46:36,7430,1435
cdeb9ea29aa38f8359428e566ed1ec4aa655dc77,2010-05-05 05:00:00,7428,1435
1b9d4e472d0100e73e95ef924f8a52622e93c4fa,2010-05-05 04:23:45,7428,1435
52d3051f04cf10832dd141909f049c8a0f5b555d,2010-05-05 00:38:08,7428,1435
d08ffaed6279dc7ec6cc293e43a0132cc99402d6,2010-05-05 00:37:14,7428,1435
59bd32bb12e8862b7d7df3da0c57af2dc5a00860,2010-05-05 00:37:06,7428,1435
1dcb4e77cbecae2b3b66d26aa66995588f3fc382,2010-05-03 18:25:12,7375,1387
0a271ccb5b9970997a726f45753a96728d5f68bd,2010-04-30 19:22:58,7373,1383
097f2ba45581c3d1e2f8e3ff38224cef541da961,2010-04-30 19:09:36,7373,1383
5f653ce748167b1e778363d8bfc75c5d5b7c602d,2010-04-30 18:49:58,7373,1383
894941d0199810ca94f3481f72bfcd2761e3ce93,2010-04-30 18:09:16,7372,1383
a4d4d55693b205ffc4ab4f025508e503bf6a9e97,2010-04-30 18:07:05,7372,1383
d75becf9ba615384697798467713608fb9708072,2010-04-30 18:06:36,7363,1378
f3e28e08bf8fcadc784e8c917fa4312bcffd7689,2010-04-29 21:54:34,7353,1378
7a4e0ff77acbfb48a3cf7242e26fdeaa82e1e0a0,2010-04-28 21:29:22,7349,1378
280d741b38edb9f6424317aceaa1b5a98f1edc2f,2010-04-26 18:22:37,7342,1371
45789d8d19d22195447e7c7b43016e606fde0f2a,2010-04-26 18:22:18,7337,1371
5fad97e4834d598387f7de642325e4d743470dfe,2010-04-25 23:42:49,7331,1371
e1062efa981a44e49a0ab6ad9f38aef495db0987,2010-04-25 23:39:21,7232,1371
d56feee6f0230b92f9909398ce7bbeb01554b91a,2010-04-25 04:09:40,7217,1371
2ebbf37c4b131f4413bd9196173f9a6d7a584475,2010-04-25 04:06:45,7076,1265
3047f7603e62edd5a2b2b6953b04a3f55e09e415,2010-04-23 21:52:36,7072,1265
fee1e305f020ec0a36ca4911f7bdc72d07a97f6c,2010-04-23 17:49:55,7062,1255
d0b5f6f2140889b0825773fb174260f9757ea83f,2010-04-23 17:39:00,7059,1252
83a47139f8230d6af23340709d078f711ce84856,2010-04-23 17:38:43,7059,1252
bdc8564ffee609f0a945950f994f19bcb3ed946e,2010-04-23 17:37:31,7059,1252
15f0589f6c59bcde605a0ba2fd6eb54677af9535,2010-04-23 17:36:50,7058,1252
7d27a181f8406e1c4ee4eb85a8b41993d068ebb1,2010-04-23 17:35:36,6990,1242
904d997730063917e5496c39e1206c908cdc739c,2010-04-22 23:42:02,6973,1230
e46e71a4d17f485d84887a10ffbff3198faaaa2f,2010-04-22 23:15:11,6952,1223
63923283fcfc2cb78861ee53312104c789def9be,2010-04-22 17:47:01,6958,1223
6f8fa2d858cdb8e360cfee023527f362dfdca1fb,2010-04-22 17:34:49,6968,1223
25dbfb177aeed2cd4e427ff489db711659475517,2010-04-22 17:07:41,6943,1217
1e0cfe9ac19b6561b655afa887402d7766db1c5c,2010-04-21 14:12:29,6919,1198
aa13ee058b4e281535c1c439051b309c5a13c52d,2010-04-21 14:11:34,6915,1196
87e209ed8a739ecdf94f1fd15a8667e5e8fb184d,2010-04-02 02:37:59,6915,1196
30f40222e7a0e3ce0ed1c2430af91157fa8ab5c7,2010-04-02 02:37:29,6909,1196
5d5024e70e2474d71a5924fc9b48519ed1d2493e,2010-03-30 19:32:38,6900,1196
c60c2da3061793b1650b16215708de66c79be1f8,2010-03-30 02:56:07,6885,1198
e3df96762ea7bda1862944cf14af04c8a43b5656,2010-03-30 02:24:33,6885,1198
11f71f32e79ccdd345d2f93c91eed4e6c97c2304,2010-03-30 02:24:09,6885,1198
660d2f76ba2b630d4aa76878e0ba0504591a47cb,2010-03-30 02:13:36,6884,1198
be2e675b685d84c7c23d1c5b3bc212148af17300,2010-03-27 06:32:30,6882,1198
0267de4fac554279cc1da25374462a0bdd32493d,2010-03-27 06:26:55,6879,1198
f6312ba7949dcee856ecabb8d29d5a61cca7e72b,2010-03-27 06:24:39,6880,1198
fc616b4aa4a100ff1a8d3ce8b4c8b494bce6bf6e,2010-03-23 22:33:17,6887,1198
dd9d2cbeb4c3a16c39118c3bb36e0405f5daf000,2010-03-23 03:24:05,6839,1198
9b10608867ff62b1f6376f6ad0b8d22ff59c3e1d,2010-03-23 03:20:24,6839,1198
5c1f32628708694ddf89e3f6e247cc879961f75b,2010-03-23 03:15:25,6838,1198
3f51a5f184992061a42591d2cc28ab23c6ccb795,2010-03-23 03:13:47,6837,1198
06bf75c3a201381d2338fc9c589f79db01f4af4e,2010-03-23 03:13:24,6825,1198
823d69fd6728baaddc39baff10d7199d3900ee6e,2010-03-23 03:12:58,6825,1198
05044028cff70173be6b7a8379a03aaed3102208,2010-03-23 01:34:05,6789,1198
d0b65730176795c376f895d04b3e723e0317663a,2010-03-23 00:59:49,6763,1198
a560c8bfbd4649e5c37ad964e1c3358eae690655,2010-03-23 00:59:11,6759,1198
58fe832a67fbaa6015fda0f06f9bcb3a162e2a1d,2010-03-23 00:15:28,6759,1198
5ea82f85889489a67cdb4c94449e0b912ae4dac3,2010-03-23 00:15:06,6763,1198
75efa14e05c4449de9a560d6507dcd2f9c356d80,2010-03-21 23:34:01,6764,1198
4ad707ea8eabe9a54a491031d5e7703d8911874c,2010-03-21 23:18:47,6799,1198
2b4b0cbdf6493b3adceb5d2e18457d94dbb3a94d,2010-03-21 23:17:37,6744,1194
61a22c2d2670bbb6330afad60f1a38f2033e1425,2010-03-20 00:17:04,6706,1192
9a583ca6ca598a049805cb9a90c468b38bfe0428,2010-03-20 00:14:35,6706,1192
26d12af25ac6975de62dfc8b56da3d78fd1baa87,2010-03-19 23:46:37,6705,1192
27336869316c2cd71fba3d7d64e9a5c8581f4015,2010-03-19 23:17:49,6705,1192
d91bc379041c448036c570279cce76d1b0f4dcb3,2010-03-19 22:47:17,6694,1192
38ffbb40accc2ccc803ce94a6082293f53c0e3ac,2010-03-19 22:46:42,6687,1190
4bbc382300b5d2e7a8cbd136f8c5f8aa126a5419,2010-03-19 22:05:36,6686,1190
f6cf5f245c6202587623d856f71f5e93106a566a,2010-03-19 22:04:56,6690,1190
e7954adcc06c8824c388f00c5514b1a80c39d0da,2010-03-19 21:56:43,6689,1190
853ae60048d1442b7777f46986f84893a5632af1,2010-03-19 21:50:48,6689,1190
4ae9e31c4028e07bcded8d55043ea3c12b013f77,2010-03-19 21:50:35,6689,1190
45e387ca956b133e83d21383c2be82b8b73b3e4d,2010-03-19 21:50:10,6687,1190
a31f71d364eecc17eafcea4f9aaaf9a31839d717,2010-03-18 22:44:03,6687,1190
652366327e5bd64c093b5a6ece13391f519d8d45,2010-03-18 22:13:27,6634,1190
d08072d0dd7f898365fd8bdd1b322d5306105328,2010-03-18 22:13:02,6599,1190
f7b8b5b217211b3bc095d70e8d792e07b6dbfb3e,2010-03-18 20:42:25,6578,1190
47ab7a96f3cdff23af93a4e5688db8acf1356a74,2010-03-18 18:50:50,6578,1190
8812c45c777f1f49c11359e313156540b6e0db5a,2010-03-18 18:49:10,6616,1228
7f07be65e2edb11f3b2d3f03e1dcdd49fcbd289c,2010-03-18 18:35:56,6616,1228
742bb32308f4ae354fb5f2aab38630157ded6541,2010-03-14 01:29:18,6601,1228
854f65f079bd58c35bacb5346ae596bcb54cf069,2010-03-14 01:15:44,6587,1228
61a7b2e9e755b1de4e8190fede3bb51b0b1e27cd,2010-03-14 01:14:44,6583,1228
fe732e843cce018c36532903eaebff23302d95eb,2010-03-13 08:34:48,6477,1228
e0623094fadbcffb56328e2560958088008790cc,2010-03-12 20:03:05,6484,1231
7e2217ba86863b4575b9be9546123cebca0faa9a,2010-03-11 20:37:05,6334,1231
be11ab6b8902692638c7bf27823ed76e25e0963c,2010-03-11 20:36:50,6310,1207
9c84b50d5b07c9e8843c025002f3eab095f35038,2010-03-11 20:36:32,6308,1207
8adac6569e8daa043019357870376658767baddc,2010-03-11 20:35:23,6308,1207
553aaecf6a1b076f2d73f641e9692b4121b46945,2010-03-11 20:34:57,6308,1207
9c0fb7174e1ebf54b7f21c5576c8952b0ae5de6f,2010-03-10 04:58:05,6270,1207
77b2a36059a770dd3594912d5704d9683506a7b8,2010-03-10 04:56:49,6268,1207
c4413facad82a49ef4fd1227d534183dc07181fb,2010-03-09 04:45:57,6264,1207
c244c01dd2c17dc3c3c711108a843ccbf0628044,2010-03-08 04:42:19,6267,1207
acd46cf7c6de7b9a04abf4b5a79a163484f2abca,2010-03-08 04:38:10,6263,1203
07837a83a7b982ed5c9c13271ebd6453cc4b886c,2010-03-08 04:33:26,6259,1203
6228f4a6d2d24a784d214943fdfd727f9001f1f8,2010-03-08 04:11:20,6261,1203
a68a2fc6bf7ab7e26d7ffdd1ab70bff49d9c5477,2010-03-08 04:02:16,6257,1203
be893c5993c905cd3fac4a695522af13f0adcf20,2010-03-08 01:20:50,6254,1203
01dac20cd88600b180b06bee0e041b1c43a16ee3,2010-03-07 23:52:50,6234,1189
d8838a01d06cbbf39dd17d5f50d3b2d6782bab06,2010-03-07 23:50:58,6234,1189
7666c71b80e9751fa8cbb77362e398b3382e7224,2010-03-07 23:50:31,6233,1189
23775bda9b432e13e03af067861c3cafba329a45,2010-03-07 23:49:54,6233,1189
07c738ab5edacb292ce382321e058a385c67af36,2010-03-06 23:19:36,6199,1181
57013ebdf9d5de1e53496c6db60cffd1396cb1ed,2010-03-06 22:54:11,6186,1181
2b0853de81e240c3365f8227115e7bc62027756e,2010-03-06 22:53:55,6176,1181
808bd55a9574ed5dadac4d13e32ebc3a456047a6,2010-03-06 22:34:08,6116,1140
7b151447b1b4d814e8a7e30099184729428f9e02,2010-03-06 02:51:45,6117,1140
289a775e83dcd4da76b171a8dec4d7ccab00e729,2010-03-06 02:45:23,6112,1140
b2d242ba39d73241282e42136532d7b4d7266f9e,2010-03-06 02:08:41,6113,1140
a13b64b5f62375e664938e3c88a9f930a80a6e94,2010-03-06 01:42:32,6112,1140
d44bff1da3fa246550e7c70a419d4bcc2461a567,2010-03-06 00:36:51,6110,1138
2367be123e99eb15b98590ff7b1252503add87c1,2010-03-06 00:29:46,6095,1123
d08c1fe559af8508f8b0218e95993298fc6d8396,2010-03-06 00:23:39,6102,1130
39f0ab258cb6ada9ab82382c5439c764b8ab9809,2010-03-06 00:20:08,6099,1130
f0f425de330535e52fc7987258873f0092ceb253,2010-03-06 00:19:14,14258,9289
3175652f7650f2953c3498e4e27f78c4d7022052,2010-03-06 00:17:32,14267,9289
5ab2a633ddae7a7af4fe1966cac86b7c1ae2f58e,2010-03-05 20:35:07,14265,9289
287ecff0cfbf3dd1eecd4e097d8ef682ea9d9994,2010-03-05 20:33:50,14264,9289
78f9767c6a521736e9f8ed11237a0e7de4ad943a,2010-03-05 20:33:36,14264,9289
463807d3b6eaec28ba6f23b64f916df0f4e2dd8f,2010-03-05 19:57:23,14239,9289
456463368d4a1eb910a0aa1e02e89a20176d826a,2010-03-05 19:56:47,14239,9289
0af56325316bd3018c7c2a125e2cef165b1b3451,2010-03-05 19:56:27,14226,9276
cd5bddff99629aa9d13ca0150ecb010924992981,2010-03-05 19:55:21,14226,9276
00279d8a06bd1f52e9b8e70896585bd16d88e430,2010-03-05 18:36:24,14223,9276
3638933aac630c7e205bba3c896b1020a7dc567b,2010-03-05 18:32:38,14223,9276
74ec9566025c21609051f0bb7cd1cf0dafa988fe,2010-03-05 18:32:07,14232,9285
22eedab7ddaa0d2e7902ebd5264ce72ff09b29fa,2010-03-05 17:08:01,14232,9285
81240d0aab0a35d0f4b3e03546c1a0cfefa8e8ab,2010-03-05 16:43:08,14205,9285
181712e6622a0525cb83b48ccfa05191dcbc4182,2010-03-05 16:42:52,14186,9266
76d4e08b30da23a60aaab8146f03b1646e2a2ac3,2010-03-05 16:42:13,14176,9266
476581f77aafe41054aec6655c79579c14d748aa,2010-03-05 16:39:39,14171,9266
06acb92d20b8030372dea195568d7bff0b40e394,2010-03-04 21:14:03,14164,9266
b4f3e9029c34215f88a79d973a6ca24e7e0143bf,2010-03-04 21:13:48,14142,9244
7e3d8bda328db0d9e2383dd47e6c7a142a3f41ae,2010-03-04 21:13:19,14142,9244
2f55206eb71f9a33d4180f21c0aa80b546dbb72a,2010-03-04 19:51:22,14137,9244
d54302a39406f05c6edfaf4455bc017a5a368a33,2010-03-04 19:49:50,22711,17818
9dcc7eb953a34ef9a94a4f51a6de3e4843705446,2010-03-04 19:46:41,22679,17786
7539ef7323aae92ca642032ab643592c574dcfa9,2010-03-04 18:55:00,22520,17786
6b938971dfd180e59fe8d9d35eae18cb5d5fbab5,2010-03-04 18:54:32,22520,17786
fde347016b6dd431c0fb7250fbb292d889358399,2010-03-04 18:51:59,22520,17786
2644014bdf06810ffc4ea8d1b8cb30fd75394e1b,2010-03-04 18:50:52,22518,17784
3e8abb2abfdbdc15bb6e3ab248c4c1ee63ed287c,2010-03-04 18:48:37,22508,17784
9cf5f74d31281873f7ad3787ba3037345f760532,2010-03-04 18:48:24,22508,17784
d860763454e7c5cf3bfaee05642c4320a5d03a79,2010-03-04 06:41:03,22507,17784
756e8d24343229d88c4b8e6c7ddc8c5bd12d7d5f,2010-03-04 06:40:21,22502,17779
4aea44f8f8341dd93a161570b7093db94b9f35fc,2010-03-04 03:13:14,22502,17779
a1c8d50699778f140bc69e33b24577a439106923,2010-03-04 02:22:11,22498,17779
4767b264e73b722ad1a14951b03cd843f6af5665,2010-03-04 02:21:32,22493,17779
fe0ed621b96accbc4275689940344433488ea5aa,2010-03-04 02:20:07,22458,17779
095523bf59d00e4435f6e0384c44e410c82dafd4,2010-03-04 01:37:40,22450,17779
e9c6645b2cf027172028e6be51e1b9894fac8909,2010-03-03 17:01:17,22450,17779
e6c5c57755735db38de2662312ce9e437d7c4b6e,2010-03-03 17:01:06,22447,17779
efab82111558d01795fc493a41fd728ec48e54c7,2010-03-03 17:00:55,22446,17779
14bc6def86f8f11d27e12be0bea3356ddb2acb73,2010-03-03 16:59:30,22446,17779
3e0ad2bf73132de293c1cd6cf60be366f4c0bc45,2010-03-03 16:59:08,22445,17779
76eb332b242154a673d51fca57c3d55de474dfdf,2010-03-02 19:58:06,22444,17779
46060d466f498e44bc501b5c06385f70ef44a6d0,2010-03-02 02:48:46,22444,17779
2682b6dc169b0e10badac8a2298c4fce00c37766,2010-03-02 02:48:19,22443,17779
60ac2374c93cf2fa535b509d78c120c9ad22a698,2010-03-02 01:03:43,22421,17779
6ea12f7aa514bb63109f21f5243f661f8459056a,2010-03-02 00:47:59,22414,17779
0c6366faafe7c2396bc6a0a38c82f568fdfd54df,2010-03-02 00:47:48,22403,17779
f70f6a542cdd7d3dc93257386416daa059656f96,2010-03-02 00:47:32,22378,17779
29f3d926f78f7366aa991d58be1b5138c815497f,2010-03-01 22:50:23,22342,17759
69d973ed29952f7c0ccbbc7baedd45b9adb3c39b,2010-03-01 20:32:49,22340,17759
5ee0209e8a661d663ef515f38b498b2aac96b8b7,2010-03-01 20:32:21,22320,17759
1032c84b984bda3bc9f790e4b307a2fc5e71c540,2010-02-28 17:50:41,22305,17759
f0c00ab2b4d439161d5e24ee3980e94e7c47c293,2010-02-28 17:49:08,22304,17759
adb2fd28649278b8b22d039a8383223a21686ad2,2010-02-28 06:07:43,22300,17759
35b452bf001cfe4f1fafacf9beec4b6adff60b54,2010-02-28 06:07:13,22293,17752
8ac1bdf06c2f56dee6934e7c948934da4998fffc,2010-02-28 06:06:54,22292,17752
cd764a2d8c587a0140f4bdfcf9915ef7bb868f35,2010-02-28 06:05:27,22274,17752
35af01d29a020d0832cc7cdb7ec36a49f3b7663a,2010-02-28 06:03:22,22274,17752
1c955c8cb3c143e01b13b68e1375e6642ea48592,2010-02-28 06:01:43,22274,17752
1e16d0233ca618fe6faa634a9f51004c989b1624,2010-02-27 19:14:52,22274,17752
c804ed2ef163c16e9bf67d2f33fc7cdf966282dc,2010-02-27 19:13:28,22266,17748
5a1adf801a469366a8ba0b82f28e6c4fe70bebd1,2010-02-27 03:36:54,22270,17748
bb5adaa560ae37e14d268fc0eb2c2c6cfd9db346,2010-02-27 03:36:44,23632,19110
1cbda8b72f7bb9cc5d50f41787d8bc5b88dc46aa,2010-02-27 03:31:51,23632,19110
bd88ab89efc28b411c2a11fad19ca5382bb89204,2010-02-27 03:31:26,23632,19110
b6b5d5f10a6c5c0b5ac6f4ab6e299cac78444027,2010-02-27 03:31:04,23633,19110
633660b7af5aba5c4cf80ca4e1867465e7f6532c,2010-02-27 03:30:30,23626,19110
1c43df1b852f9c4cd81f30134b7d04b9dc0ea54e,2010-02-27 03:29:51,23651,19110
a7ae7c8514bdfe823fd659fe869c83570081c061,2010-02-27 03:29:23,23651,19110
7944ce092bc2b2560aaa1e458297ed2adb989081,2010-02-27 03:28:32,23642,19110
d3852cf46344657881e61122f46a201bf6b00eb9,2010-02-26 23:18:11,23639,19110
3903ed0864afbaacae11368083259eac6176a913,2010-02-26 23:16:48,23613,19110
fd8aa91ddc920c9620c86873e5fecb9a4b42f0fb,2010-02-26 21:34:49,23578,19075
aec37061e10ef386dc1b0a74fc84ab520545be25,2010-02-26 21:33:23,23559,19075
d97b30d9cc9916afa5243ba23f8b5932e127f2d7,2010-02-26 19:50:26,27957,19075
756b3976e7d1fbba7c8c6be47c70b93e9fb71ec6,2010-02-26 19:50:03,27957,19075
3ce2d7ad19164229056647204546a93a5a87990e,2010-02-26 19:49:07,27961,19079
0c00a9c8ac61d78f94892f9b1e82b434889243c4,2010-02-26 19:48:32,27963,19079
78ae5285d6eec1b891bbd9a545feb65889510b09,2010-02-26 19:47:59,27963,19079
4c1ce7075b2e9e888728748809fdf3294ceea797,2010-02-26 19:47:32,27963,19079
e30851d38416190a420d7f94352e2769d2e65c3b,2010-02-26 19:47:25,27963,19079
c041deacdb43c3aea5b79d6e4e72006fcd60c1cb,2010-02-26 16:29:01,27961,19079
7b96181f06c74f59628cb54a79a15bfdb7b71ccc,2010-02-26 16:28:34,27960,19079
2dea90afb7007cb1d695215a8c9dcc53a29a2798,2010-02-26 15:54:48,27960,19079
c8b11c7796fa0c0dd5b3402f281186480f438300,2010-02-26 15:36:26,27960,19079
b60c296e6ea9f5ddab897474992fd2b02a2aa6ae,2010-02-26 03:49:52,27960,19079
543fb96a0338ee29b1ee70d66cea6537b5d4f9e0,2010-02-26 03:37:03,27956,19075
3f893b8ddc32974aeb8b76364fd26733628e1dc3,2010-02-26 03:32:34,27956,19075
9970cb0124aa464cc0e7f8f063754bb0cfa83c22,2010-02-26 03:32:13,27948,19075
2353885d6a59615f1b54cb7a520841377f8316df,2010-02-26 02:30:34,27937,19075
c2453cd02a633cffd8c90149534ed633c3d975f2,2010-02-26 02:30:05,27947,19085
8c45b585241cd93347447a6895d5efd10cc7b225,2010-02-26 02:29:34,27935,19073
3f753da6277568d5902827ad1b5cec48433c7570,2010-02-26 02:29:21,27933,19073
3d60c12a6887d1b1dc96da24024644b7f0c813f9,2010-02-26 02:28:39,27928,19073
cc1b5a91c331c8ef09957ccd2f4868057f951c25,2010-02-26 02:28:14,27928,19073
5038b215fcc908033aebd77b84dadec34189869a,2010-02-26 02:27:45,27928,19073
8a7747d15ba5a8f35aac42967fa6fbda0396b121,2010-02-26 02:27:23,27928,19073
6d022858bec5ea05ebdfb2f7fe2ed63e31afabfe,2010-02-26 00:48:09,27911,19073
3ffb62a0512043f89b18c37e8192dc39c252b54c,2010-02-26 00:47:52,27911,19073
bb63c6ad56b78bbc48b531ab6a2954a37fbd41bf,2010-02-26 00:47:26,27905,19073
3a3674c9adef3b4073345e9d1bdbaddc5e3ca445,2010-02-25 23:02:34,27896,19073
9de16ff637b21e12e910612a7376ad93dd08732e,2010-02-25 23:02:07,35855,27032
22b43806458cf2cd13a57c345c894918b0ec5ac0,2010-02-25 23:01:35,27849,27032
b81160107e2c03a02c58ecc4af3926af65865cd9,2010-02-25 23:01:03,27847,27030
a01cb190ebac3c0198302ef7a55774692a84c68e,2010-02-25 23:00:25,27847,27030
a3b1ef0fd6e476986b43fb4000a3dc3e1dc34fd7,2010-02-25 22:59:28,27847,27030
6e22c810d0cecc5cd3392284d53712313ac79b06,2010-02-25 22:57:47,27846,27030
3b53bb8707c3dd3a504a311ba28705319d17164b,2010-02-25 22:56:21,27844,27030
c8f5997c275424bb9881b2991c3f1187afcfca61,2010-02-25 22:55:26,27840,27030
b84ec0b67f3937f3bed5099fe3bd50693cc0fb8e,2010-02-25 22:55:12,27835,27030
dbf7c5c30c80f583eeaa6874504690bbd1b83cd5,2010-02-25 22:54:59,27835,27030
68acd5a06cb2d59906bb3918d1e49e91ad31d389,2010-02-25 21:19:57,27821,27030
372ff15d0698eb4e04cc06ff6916302a16511134,2010-02-25 21:19:43,27814,27030
cd2d25d4428644ea3d42e42dbaabf728b3b645d7,2010-02-25 20:51:07,27817,27033
43174dd252e09b93931e5f604f1a391b4e379bde,2010-02-25 20:50:46,27817,27033
4e74ba4cb16e1b541f3c32dcfa8362576e14aa16,2010-02-25 20:49:15,27766,26982
c72d5da9c5d5ec9e92b792a7e450ca5c6d1bde18,2010-02-25 20:49:01,27811,27027
93a0a0bebfb6272747d2735c55e2b6dd0ac7d319,2010-02-25 20:37:16,27783,27027
ba2a3e88a76361aa65dc460393936f9cf072239e,2010-02-25 20:37:01,27784,27027
06dfff51d4790efb7f5fff84e6b06a09ba9c5dda,2010-02-24 04:22:40,27818,27027
0dc6c2e4c4c3030eb3dc688f64fbeb397d31a30a,2010-02-24 04:21:17,27798,27027
308d32c587fd9af15b96f2274163d333a5cb91f3,2010-02-24 04:21:07,27798,27027
01ae902eff20b85715f6f4e7616531c4c5f81efc,2010-02-24 04:20:38,27797,27027
e3396491589163e879f837c2c3fd41dc42498356,2010-02-24 04:19:31,27797,27027
70e6523db46936e8e69fc815caa2b95aecf5fae0,2010-02-23 23:02:00,27735,27027
1d1d40b3535cb26f5c4c510b385f7a1813db3104,2010-02-23 23:01:26,708,0
1d2b335827c6024b2e4037fe3f8532282f32dc94,2010-02-23 23:00:53,657,0
5f6160f2207fec7662363731bd0aa7ac2f335008,2010-02-23 18:39:31,656,0
ad66408b9feed27fd02df68569915dd894e1ee51,2010-02-23 18:39:05,655,0
