4b58b66381b2a4b6861b29e7fc7cb8dbc9acfacb,2014-01-16 20:43:23,53713,31025
c4d9f6e3b9076be7037ff4cf77e5fbf5078105f7,2014-01-09 18:54:02,53623,30985
94d6c90632dcb18bd505c801a0c2ea6c274145d2,2014-01-09 18:17:51,53623,30985
f6c3d0398f1a4c1b38d1faf37a7d3fb88f02106e,2013-12-31 20:36:30,52935,30425
47314ec5153eeea0b973209a208b22ec05038191,2013-12-29 10:47:49,52934,30425
c762f8295ca97571195cb047b021aa18719fd34f,2013-12-29 09:59:23,52934,30425
a68200f4de6ab0b5502a45e24f48721507186fe8,2013-12-25 20:31:26,52811,30411
4f3fce4ad2252e9dfa00c7300eb73bb36965db5b,2013-12-25 20:22:17,52812,30412
105fb68c58149a59f2b7649f0ba279ee9028eaeb,2013-12-25 20:20:34,52810,30410
ea8745bd60fd5b61e6f68c6d424355b9294d79e0,2013-12-24 16:23:28,52809,30410
9d1187127a8f194dbd807986cfc868e2fbfbc0f0,2013-12-05 21:36:44,49529,28848
604c7942de38749e768ff8e327301ea6917c7c73,2013-10-27 02:25:24,49529,28848
b4ae791a469ffb2f955377c137c553baeb5afd3a,2013-10-27 02:18:03,49182,28848
76e1b2cf89fdb6e291f18a8002ed9f0424e91e0a,2013-10-24 15:01:09,48691,28451
bf816b389f6431331d095c4ab9c000e10c12a5a9,2013-10-24 14:58:49,48691,28451
6b179d2ed6add7d19d3e8b06d5b34c92e83fc257,2013-10-13 08:40:09,47739,27757
6a31f2d9b7e13d1d67867edcf0d74411e58e97e1,2013-10-09 02:57:54,47737,27759
2066382fed5ab6a593ebf40bc066b553508ce7e3,2013-10-09 02:37:08,47733,27759
40801bbc9efd15ce27728a7d4edffcf21d5ee0ac,2013-10-07 08:28:20,47724,27750
6a5f96021641e4365319facac2f0631710f6c54b,2013-10-02 08:59:09,45847,26889
f1af5e34bdc78878fc84802185f0b63a57e1cee6,2013-09-30 16:48:52,45197,26431
2d39f9ccb41a1901e7a2005f4a7cb489bd84d0de,2013-09-26 08:25:46,43990,25957
b10a233e5b1fc38373dea07cf64498cd6e20ce6f,2013-09-17 07:51:27,43520,25591
344901599d2dffed27ee9ff625788af9bc06bdc7,2013-09-17 07:38:11,43520,25591
8de8f3ad548a3d6e207e96c053ffa2ff6944291c,2013-09-14 10:51:19,42120,24593
99e7f9490774cb92ddbd506320de77665181ee98,2013-09-14 07:52:29,42108,24593
14d96e14987840f56e33fc9b6e4887370b15c729,2013-09-12 11:28:49,42057,24571
d8e1b4875fb3eb58757230d73589db45e21b077d,2013-09-12 08:37:57,42057,24571
a8b4bd34a6e6f2511d5382f7613d997c2063d40f,2013-09-12 08:35:51,42052,24571
488c8920c0c17bfb4f9e6949c516bd126bfba325,2013-09-12 08:15:50,42060,24571
f479e066a059f06fede17fb808f46b7d3e928291,2013-09-11 09:42:20,42059,24570
38002f0b66998b7b7839d88c48fd653a252b694f,2013-09-11 09:28:38,41760,24570
6c8daa72cef45d3abda27dd64449b0691d531248,2013-09-09 21:49:34,41758,24568
f7bd97ff375424ad758041589bf82e49800af4ef,2013-09-09 07:36:22,35935,24568
3de23cd81aad49be9ae4eec16a5fb592530d11dd,2013-09-09 07:34:37,35935,24568
caff03d434379abb0d980525918589e995c076f9,2013-09-08 18:00:44,35114,24541
ac3ffa628c2295bded736caae110ce6f7e916365,2013-08-29 08:48:28,35037,24478
4c33c3d98604b4a06748886bc0fd4c9e26647478,2013-08-19 21:15:44,34523,24093
b9e23b96558308e94455a7bc00e300e2322113a0,2013-08-02 07:06:58,33700,23286
910e4285e10815869894eae949bdc8047a99d172,2013-07-13 22:16:00,33698,23365
6673d2c08494fcf67ca998a1d99cc295e47dd22b,2013-07-13 22:14:13,33699,23366
fd9769c7e94a180673488cfae03b8bef53f1258a,2013-07-13 21:44:48,33699,23366
effe9ce7e9ec2e95b971898e5f01e6d660522a2e,2013-07-13 21:44:16,33698,23365
05028e20e526b5f38dde3748833e98d7c8e846e8,2013-07-07 19:35:04,33696,23363
a7215fc88de862a18e8f4ff34cfbf081084ae73c,2013-07-07 19:19:55,33637,23363
7c3b9a63abead64abfd55578e5ca85e8343deb3e,2013-07-07 19:12:21,33208,22981
875650f4b5e61e95fe024ba036b6e9e17c817392,2013-06-27 18:56:30,32634,22637
001e31ca833545dd479b695b23f1d3bc3f7c9ebe,2013-06-27 18:20:16,32599,22615
4f7bc8bb8bcf51c182d7ad3948cbec079a330135,2013-06-17 20:48:01,32391,22605
97b292954d52c6a597d125177c467373a9c93095,2013-06-10 21:57:43,32352,22566
2ef8e76bf58d5fca6faa4f686b5983b88674ba71,2013-06-10 16:56:13,32360,22574
71b0f65800cc9094f720705182cf419e29112bb3,2013-06-03 18:39:15,32238,22481
71bf2ea172f62f510c895f70a36ddb90641d3935,2013-06-03 18:15:40,32236,22479
531ff492fdbf46da739a79506c9800d6fe450558,2013-06-03 17:52:32,32221,22476
5298f15347f405961a3946bea4f9c37ed9c7d34c,2013-06-03 17:29:38,32200,22458
9f983fb8410b8f6620d9a5368f165197ab953fb3,2013-05-20 17:57:44,32035,22340
02d060ffbef0dee925857eaa8200ba53e6a02d60,2013-05-20 16:38:37,32035,22340
10b413e53abd7700561d9e471d61e1da072b4355,2013-05-20 16:31:26,32030,22335
431dbbe7a6a706127981abaef691eb7b7de072fd,2013-05-20 16:17:48,32028,22328
027d785ee324030615e3ad3e13e3c4bf6fea4316,2013-05-20 16:13:46,30181,20941
b8c8e95aeba4f0c9a50d69d4a980364a415c5f8a,2013-03-31 17:47:52,29420,20366
1164a326d116ac1bdfe6c4bfa1b98411d5a13c88,2013-02-11 20:13:27,27105,18803
4934960a121d3acc81e526643b1faf9c218422e4,2013-02-11 20:13:10,27106,18803
bdbd38b6597bf3002495a524087ecf523d2e1af2,2013-01-11 19:14:42,14919,10390
fbf7c316a0d354222c99647d892a8f7a154dbe70,2012-12-12 17:55:32,14909,10390
1445773224bdc284c70bc317fa5d764958805785,2012-10-02 17:28:41,14598,10140
f253f811dd880107b49b1ea41c87981ff1b6f0ee,2012-10-01 17:29:58,14557,10106
fffd06d80a583c77a038bc6c703edc2270ae81ed,2012-10-01 16:52:44,14416,10106
64a05b4509397d8b2ac3cab4635ed22af742d8a6,2012-10-01 16:50:06,14405,10106
32d44c180a7477cd7883cf6372bc6debd133f53d,2012-09-22 22:56:24,14405,10106
ba1a71e49f79e834ff8a9a49c1b6c2e12d1ed5e8,2012-09-12 16:42:45,14098,9858
9fca49cf3f07a039beec76b57e175e959e00fc2d,2012-09-05 17:07:12,14055,9839
a5b5b02d1459b0763af7906bcdd786cb002c56f7,2012-09-05 17:06:47,14053,9839
a7582b5100ed9bc35d95aaea4508614bb202f3a4,2012-09-05 16:36:29,14045,9831
3fef933c05cfba057034c2f973348eba99912b88,2012-09-05 16:32:36,14041,9827
8c4453b5e264893b375ce20b81ad5debafdcfd07,2012-09-05 16:32:16,14041,9827
b9c287ee055027774d21653911f636e85646374f,2012-09-05 16:24:54,14042,9827
8c394b047e670a2e4ef893c9e43fdf062e157c4d,2012-08-20 16:28:56,13703,9564
0b5a24e128ca22c127821525a5c324cc09f0a8e7,2012-08-20 16:18:13,13702,9564
12aad5f78251de887c465ef2362a9312a4551af8,2012-08-13 20:31:20,13700,9562
365bf74ad5bb34364806aba0837c8dd68463015b,2012-08-13 20:27:05,13700,9562
97904f1153d680f7770b2564da44b8ec5e996e9c,2012-08-03 16:13:59,13700,9562
1e1b200d94a09c8014c3ae4758a480d0cc600004,2012-08-03 04:14:47,13698,9560
9eb74f16f462203c4f8eb92fd74bd37c805ba1ea,2012-08-03 03:49:28,13698,9560
8745eb7b531c8c52518579c6514a705e10a3ed8f,2012-04-02 15:04:40,8457,5832
86920d99b1f04bba3543159d90cb7557c0a90787,2012-03-30 17:45:07,8436,5811
a327edc479b69a20e3865b67baa8e43acbdbb37b,2012-03-30 17:10:01,8414,5798
0d8bac907922e89e664ef33b6bc8597ff7c431bb,2012-03-23 19:08:41,8395,5798
b34ba9429ab638563c8260f5293f3ef5f22192ae,2012-03-23 18:43:04,8375,5785
42d0c8192fc12c488f7c9b51f05dd2f9a0439ccc,2012-03-23 18:41:27,8427,5747
8a5a4735848703b22be655a83f3d9819479cc7a6,2012-03-21 18:14:11,8067,5488
97edd8591cfc77c982373d9eb94641df36a3c038,2012-03-21 17:29:40,8066,5487
e80e0df2cd1e6953b60737d93fa3f74e743e2fe4,2012-03-21 17:07:39,8066,5487
d3b1fb95e9ecb7025eecf5d91be6490852db5ade,2012-03-21 17:01:53,8063,5484
b9b035a0818fb9a6377dc50f19ad93bfa31fa089,2012-03-19 19:44:13,8056,5477
eca58dd5ec318a40dc4684b6ffab810d73d3827b,2012-03-19 19:43:59,8054,5477
d62a1ab8159465a765a2ba8f32832dbcdbc07482,2012-03-19 19:10:11,8054,5477
b5787e74e59383465756daa7fcc2b20c21fb3e96,2012-03-02 21:42:45,8018,5448
552fb09780c166d36983b46dc3eedc0534ca2785,2012-03-02 21:41:48,8018,5448
757dd3f004fb90bb3ca3e2837d546714e0288270,2012-03-02 20:26:09,8017,5448
fa6a9bcab602f7cef14b263ee667c133b051bfa0,2012-03-02 01:07:36,7809,5240
e4c2b8ea74077ab6c110d1c0c3fd7017b65c5dc5,2012-03-02 01:06:55,7768,5240
566cf30a895b06a6d88d1e89d7c620b979570dbb,2012-03-02 00:57:47,7760,5240
7e5aa99bbe0189dac74509a19138890ea1d8aa07,2012-03-02 00:25:37,7679,5191
2122ca5e462d13153bcacf2926b00ad0f0036b0f,2012-03-02 00:19:41,7675,5187
de853b541dfe781f5ee03a937e48925b7208bf97,2012-03-02 00:18:50,7671,5183
3e53d19360be9837cc6890586ad7c50f3ce1b86d,2012-03-02 00:00:22,7671,5183
83f92a16bdf30d464a9046b677129aef67cf0658,2012-03-01 23:44:20,7610,5140
a701fc383d8d25203c2825eb202f3e844c64cd92,2012-02-28 17:43:19,7602,5132
5592c66787a0e64aa61b8ef22cee4e7100b36641,2012-02-22 17:11:01,7575,5109
fa2bf3dd137eb5c8133bbc5e6fa8bb0439b4eceb,2012-02-20 20:40:57,7367,4901
a90601273f7dc985ee77594e8dfd77fa5a30ebd8,2012-02-20 20:40:57,7355,4901
3dc51da26d3a4bbc2de908c08bb3f3cf4b5cc210,2012-02-20 20:40:57,7303,4872
84daf4cdd772d754b4cb7d6bc4ad743a043fef36,2012-02-20 20:40:56,7302,4871
fb80fe600b86099946e1491705bf674e6a9f3486,2012-02-20 20:40:56,7290,4864
5d1ac12695ae9c8fd4efcfde72330805e338871b,2012-02-04 00:49:49,7089,4862
4f9ec97b17fdbf0167f2e058090d6cf05a35b846,2012-02-04 00:36:55,7089,4862
417bbf72342f2e098b3d07683b52e8cb5bd85a64,2012-02-03 19:15:27,21563,0
d9a8cf59b31ced8d977080b277f4c1e2a3961f9f,2012-02-03 19:12:50,21563,0
f899eb84eec681f928beb67b27fb118233b05e44,2012-02-03 19:06:44,21563,0
ded92cd00d484ebfa4aeb5d8aba01e0f8bab15b3,2012-02-03 19:06:32,21546,0
ad152bb2eeedd971efed7440ff47b90b87e84586,2012-02-03 18:44:42,21529,0
b2583c967f99b37c7871e24cdd707775e17eb01f,2012-02-03 18:43:45,21514,0
3d872c821f338fa048be847104e4045adf3d50d4,2012-02-03 18:35:38,21508,0
ce34406084bc0fd4b70753cef665ba8dd380cce0,2012-02-03 18:25:16,21475,0
dba06d3ee957aea161509462f73ed3148527e351,2012-02-03 18:18:30,21462,0
0cc1fca24fb7d4428d3a161940f794d7dd0bf3a7,2012-02-03 18:18:10,21457,0
d70752720ea28754992a21cff0d15b9eefeb48c6,2012-02-03 18:17:44,21454,0
60e288ab956eda036cf86d5456f43b15fe85dfe0,2012-02-02 18:40:01,21430,0
47f8f90570b0af49928d7aca116c89c48bdf99e6,2012-02-02 18:39:41,21428,0
89376c2885f408494db88731bd5a68e647bda061,2012-02-02 18:21:24,21428,0
2065ad41e297ea183e206fcb284ab12ca933da45,2012-02-02 18:21:24,21428,0
3506dd3b11dde56a2601acbaf4875280865109b9,2012-02-02 18:02:04,21417,0
7193f172f9476bb95f8e2a1df5110be6a0e0f34e,2012-02-02 18:01:52,21412,0
2ae239a2aa1b8f6c13b8093e88edac38e59577cb,2012-02-02 18:01:22,20763,0
d3c735a0fc153945393ce9e33ee3fb94bf2a0f5a,2012-02-02 16:24:20,20758,0
2e3837523fc25deff5d38d9c417d97c8a4d0ae20,2012-02-02 16:24:03,20755,0
d3fc27cb37cf48ab4afaeb2e72ccb96907b3cc59,2012-01-30 16:48:32,20752,0
dd2df6f6c284d6aa07c45e87cab894d23122d725,2012-01-30 16:37:34,20744,0
f5ab2af19c0c453fd90a817b9fa5cbe27de860ef,2012-01-30 16:36:57,20735,0
d4fd69144793abce12bd2d957ea5f8c3f2213baa,2012-01-22 19:04:49,20726,0
46518e3942f2e792d53be579dd20d7f01b0f1502,2012-01-19 16:50:16,20726,0
605dcb5c5e512f8e8582518b4ee464d092ae6757,2012-01-19 16:49:53,20726,0
1a431f33ec34c1d1e65a71f627c16c9b0574d32d,2012-01-19 16:41:22,20728,0
ff796b6bf814653d3551cb065aa7aadb8f90c13c,2012-01-13 17:56:22,19914,0
fea3266a1675f514bfcfc30b8f9a8415302f69cd,2012-01-13 16:54:26,19892,0
846fb4b74599d6d4b3ba7b2252ae6cb67a916a33,2012-01-11 17:25:06,19231,0
74bbb9a4a7050e3f3bd689903551b153a93f1916,2012-01-11 17:22:23,19222,0
bbbfed53685f91e3ed6de51dc4cf140ce23b4f10,2012-01-11 17:12:29,19222,0
4c4450a7007a10a0ef36849b1c8d8523f0332f8a,2012-01-05 18:11:50,19211,0
9416bcd3b04ce678d37194251dafbbe0779dec69,2012-01-05 17:52:21,19183,0
9115d55edb02afd5d553f2c6beee7b9b5ec598f2,2012-01-05 17:49:02,19183,0
e8dddbead4c21e5cb066d3057ad6172ebdc4bbde,2012-01-05 17:45:10,19183,0
ee31362326acd60a993f4cefc3abdbdf9329b8d9,2012-01-05 17:44:05,19181,0
669347550726a1e6e5441c20664c7f4b11546b16,2012-01-05 17:40:14,19173,0
fd283de29b50465ba93f1ca0013c45f8bde47f5b,2012-01-05 17:26:17,19172,0
b8adaff9efd0e6835de6041749c71b8eee9012e3,2012-01-05 17:26:06,19058,0
552ba75428cb779245e1adcec175c3263251b40d,2012-01-03 18:34:22,18992,0
b305bc6170c97c86c10a9c210f01a98107559147,2011-12-28 18:54:33,18331,0
99ba96ce06105cfe2dd497202c86d91587ab5d10,2011-12-28 18:54:22,17869,0
00460c9e1db6c72eac4aa04cff0df87d2107bfad,2011-12-28 18:54:01,17650,0
b8b58447190f5a677c2a82ed4563211855fd0795,2011-12-28 18:53:39,17649,0
a37dd9eefa58f2410f96ffcea964b38fc0f28c62,2011-12-28 18:51:16,17650,0
c79699a0ca1174340a82e0a98b4aec168ebf4ab4,2011-12-28 18:50:28,17649,0
193dc97a1dff32063c722c8b46d1b2979e32bcc1,2011-12-28 18:48:56,17650,0
3f09060c94553afcea051a2a3294f3267c8fb4a7,2011-12-28 16:30:51,17644,0
70a8b7d61e5b4d605774defb7a04393f1743af2a,2011-12-22 20:14:03,17594,0
2e22de70e6245e0562ec35a842150d10695cd7c7,2011-12-22 17:55:14,17489,0
2b1a7c6faeee7cf4971a8d07ba32967f22b2c54e,2011-12-22 17:55:14,17453,0
0a29ed6794723d4eac7da9ac005611d17ac3a627,2011-12-22 17:55:13,17432,0
0aa17277c53d8ca46eab6716b4be709ac9718bc1,2011-12-21 17:56:01,17394,0
1de9eeb050021a0405dd581e19762c3c786b6828,2011-12-21 01:41:30,17301,0
35e1adbe2bb115bc54ea3b9011efff5f3bf859d9,2011-12-21 01:35:59,17283,0
e127aa179e3d2663c8820bf714fb3df4a2f37488,2011-12-21 01:26:29,17279,0
f6b311dab5b42a0538b1d4190c33951fc318de49,2011-12-21 01:25:52,17267,0
77828ea271f6718e505ab4569ed70eca3b4c4c16,2011-12-19 19:08:49,17267,0
04da58666828198b543bd7f5abcacb5e23838d34,2011-12-19 17:13:52,17267,0
b548c2e93f55a4a322483b08887d9607353a0fd8,2011-12-19 17:13:27,17267,0
52cfa2c7608e60f0a38607d85d992bc097298ed7,2011-12-16 00:33:01,17260,0
b160f82d0a4c3129660e1f11dead6289231941ac,2011-12-16 00:32:03,15722,0
b9c0176c205e427212130e227a88016b0848590e,2011-12-16 00:30:37,15048,0
3185637dd57c7243de45a591104d1c57804a0dd2,2011-12-16 00:18:26,15076,0
2d2065e4d995e42f93d244375715faa2a081937f,2011-12-15 21:30:31,14600,0
3af5c231a4ac4555fa54f33581d3b25ee787fc4d,2011-12-15 21:30:21,14593,0
3fa29ee9b753b5eb6b3e8ec50b39a90eec927342,2011-12-12 18:17:06,14570,0
e48b3cff2ce1d61d250a24a437f229fe8a6e3858,2011-12-09 17:29:33,14087,0
89663e53723235b0d2d8fd8f74b59c7d3140c2d2,2011-12-09 17:29:04,14082,0
1aa2857fa4b22b207783f2f1f7082a8a2a6f796c,2011-12-09 17:27:16,14078,0
99583f82c8627775d481f0977f8c77c35a5733e7,2011-12-06 18:38:26,14077,0
11324f30af17ac9ec557c4aa8be2f5cc77fa16cd,2011-12-06 18:33:42,14076,0
5020cdd3fa693d6a83b5bd19897dccc7e138abac,2011-12-02 22:14:30,14077,0
35b34ea870f2e90a642844f445156804cfd59599,2011-12-02 21:32:33,14071,0
4a0b3d512f8b39b2cc86f369640093a201db828f,2011-12-02 18:28:48,14067,0
6c35a0ca3a281efad6e814db23d28a313c9e7b89,2011-12-01 21:41:08,14067,0
3ea3cf1d586c8698d30ef6399cf67379358636af,2011-12-01 21:40:58,14047,0
e8f520a952e24edefc0824a80d8936e83e6f731f,2011-12-01 19:18:33,14023,0
0af17a910c2c3d16d49575f6bc02e3c6d837a605,2011-12-01 19:18:16,14012,0
46e3bea68260f1658cb61256945019895052761a,2011-12-01 19:10:58,14007,0
5234ff14874e590f86afa999741805b0aa9072d2,2011-12-01 18:55:19,14001,0
4cdaa41b17a6d8c99467226f722f281d493a01ae,2011-12-01 18:55:10,13998,0
80b8c49415508ee827e28b112d2a8e3be2f23f86,2011-12-01 18:44:28,13986,0
782f8feb2ca21836ac3d0d8219da2788759db219,2011-12-01 18:38:31,13978,0
1a12750edc85b2b894a6ce4e1b00cdd5294b5a15,2011-12-01 18:38:11,13978,0
90007188fd31d0063ac2ae64e0a57ac53494b878,2011-12-01 18:18:28,13970,0
f908617cf8e649af76f7b1671ca0feec49e0f44a,2011-12-01 18:17:44,13965,0
0238f46ddf67d8aa7a14dd7240a1ede618ef2c67,2011-12-01 18:07:49,13960,0
21d69f3d68a8548927c678dd76c5f14912c260e4,2011-12-01 01:24:43,13945,0
a69265fbd8b8e61a7bb3bfb52c8a4bd3e746a266,2011-12-01 01:24:17,13776,0
de8b7c5827d2b852a79b2fcebeaf1c29e435f64d,2011-12-01 01:23:23,13772,0
8dd8a51c6a30b8d80ff3f6f9717cde1ced4088d5,2011-12-01 00:24:07,13713,0
ec323fc1ca8efe247ae2ae8d6d66635d8d337c15,2011-11-30 22:50:13,13566,0
79fb012cae42534dbdbccb0031c044e1092d819d,2011-11-29 17:29:29,13369,0
2d164ccf9508b95a93d12dd5e077775a7b0137d8,2011-11-29 17:28:41,13361,0
3aa1ad50e34e5634190cda8b66eb9cea7add6ca1,2011-11-29 17:27:24,13362,0
70180c6dce239730101e0dd2f0a350f49d771daf,2011-11-28 18:08:51,13344,0
623e4f4ed067c246ced9d313042ed1537fb89f83,2011-11-28 18:08:10,13340,0
cf4f525e2e4ab2a2e5f823f07095ab437c861382,2011-11-28 18:06:49,13338,0
e997963467585eae487c2db960d197ed7c6aa49e,2011-11-28 17:37:44,13338,0
422f683cddc71a6d1ecb1c862b39dff2f226ac9f,2011-11-18 01:52:17,13332,0
f43051df14ec7cb16f9d363c5c024d67687d0355,2011-11-18 01:46:51,13342,0
c45aae27856b7ba21079a2adf765c61969727c75,2011-11-17 00:05:52,13342,0
b89911e33857768be5d9961808b77bb9e5d765fe,2011-11-16 17:12:01,13342,0
1a4aef0dbc28041e54ddd2b744ba8c0dc9429a2c,2011-11-15 23:06:14,12855,0
7175e9331c1e63c8927ed4121a7419f9d8645173,2011-11-15 18:02:34,12855,0
fbe4ee8cc64d03d6ed0276bab3406f1babe33e80,2011-11-15 17:41:37,12352,0
52216a525ba4f6a2bd1eb85a9d99b17823da3a59,2011-11-15 17:41:24,12345,0
f2f556e335db72efe6bd3e834d2e2b8ff8e80e43,2011-11-15 17:22:27,12270,0
6012426ca21a7d6561be039932ff17f368a09b47,2011-11-15 17:22:07,11701,0
96fc2ca7ef2a07b7c9b72a433009342c49b32468,2011-11-14 18:25:48,11375,0
efa57728816be05e26c7503fd34bf77b4ef8fd7f,2011-11-14 18:08:27,11370,0
63c5b81318c80b1b6ec854bbac6591850f4d702b,2011-11-14 18:05:56,11370,0
e30f7d3bb2ba70db068145cc334abbbbfee3c2c6,2011-11-14 17:57:11,11336,0
40da5003b70de9364684af1a5218705e4c8d12e1,2011-11-14 17:51:29,11603,0
50a0530f2a43b9e4b9aecfaef950ddb98c2d7c86,2011-11-14 17:48:05,11603,0
9ed7a4cf89f4fc2ec53a0a0528ae7359912dd233,2011-11-14 17:40:06,11562,0
02f13305de86eeda50e50dc412d231887b8e2ef4,2011-11-14 17:23:43,11536,0
1f42ebc92ecd4c8042a9364b6a8bf2cb4aefc93c,2011-11-12 02:11:20,11509,0
f3347db884cc1aac7459f23c72744de31047df44,2011-11-11 19:11:46,7355,0
f62122c93374f79c79654db325ae8d77bc8c6d68,2011-11-11 16:25:58,7355,0
df97d17316442ea73979a0706cf285121f984889,2011-11-11 16:08:40,7197,0
1d6c6083e08693b998cb75f0a3514f451f1088c4,2011-11-10 17:59:55,6995,0
b4f446aecca306ea9970266f6b0f1fb3b92cb3e5,2011-11-10 17:39:21,6992,0
d77403edadaab62c0fd75405823abdeaaec6e7eb,2011-11-09 19:31:01,6633,0
ba4ecab9eb84bc2c990f52ad1973f34b2508cc29,2011-11-08 21:48:34,6633,0
104578d9df384a00ef100446664a705c7284c6ac,2011-11-08 21:47:54,6633,0
32853e4b84ad27ce5ff2117c46562532a547db62,2011-11-07 22:45:31,6553,0
a4b65712e291d59d6f637e992036edcb8fab280e,2011-11-03 17:27:33,6549,0
8a3cce781ff81eb928a0133e008a235f9c8e78ec,2011-10-25 23:29:19,15269,12205
323bc72729857fd919df12c61ed1ca74c3ddbbb6,2011-10-25 17:29:20,15269,12205
139a91c0a9367d97336cb6b2c330c00ae0566d95,2011-10-25 17:12:10,15269,12205
4c940d01003376989b3f334727cd213b15e5fcc4,2011-10-25 17:12:00,15247,12205
537cd93c259fd97ba48a98ab8eb02f86716e7293,2011-10-25 16:54:38,15239,12197
b82b34b97f03aedc788176c381120e402a6a220b,2011-10-25 16:30:43,15238,12197
8cf6a3aeba18bf6bc1bd34698cce16719e674489,2011-10-24 17:55:03,15184,12162
e2b64c7821b414e20091a0e0800a99097dd87fed,2011-10-21 16:10:09,15077,12127
b1b05add40f69c0c4132715fbe5d0b911ebc8d22,2011-10-18 20:46:35,15077,12127
f9a4147f330ea4bb904f973adf9dd6ff7f7a718a,2011-10-18 20:46:17,15077,12127
8ad75e1072ae40e64186d774921b16d60a436e04,2011-10-18 20:44:56,15077,12127
a0c5b6e599835acc37f9eeb143a2fba1043ac244,2011-10-18 16:49:42,15060,12127
04b788aa8028c9342e3517b712b51d811d02fb57,2011-10-18 16:47:31,15056,12127
bc711fe1f5176c091929ef534a6d2830bf2ca03f,2011-10-17 23:47:19,15055,12127
37fb098ed0f7ff9e0918d7b4ba482fdb4fa9285f,2011-10-17 20:37:08,14164,12127
39f6c4dab9abded18b71042201a7183446ec591b,2011-10-17 20:12:47,14161,12127
53511abb0123e63d41f502a712ad641ec15aa34d,2011-10-17 20:04:07,14160,12127
cbc091361d09ffdd577c45d73cbae906ad13de49,2011-10-17 20:01:37,14162,12127
5e8b857e492b907da13e4bfd92abb68d73c55715,2011-10-17 19:58:01,14162,12127
4122959e04efe4c09e9faa7bf293d9e9c18f9f58,2011-10-17 16:43:07,14569,12127
f398da0ae90350421429bd04a01d46761e2683f1,2011-10-16 18:35:28,14287,12127
d34a8f80901132b7d1d3bf21de5ecbd7ba44b545,2011-10-16 17:13:05,14273,12127
2c2eccfd2da232069db4f08985b0ec6d3c8823cd,2011-10-15 01:07:33,13997,12127
47e290755dac749b3c7b1524a63b723e79ffa754,2011-10-15 00:50:25,13962,12127
5c935e856f91ac430ce00fef1e69b033f69d8be5,2011-10-15 00:22:16,13894,12127
32d58a64e28f105289dc7d3f3ff74e0fc5644d8d,2011-10-15 00:17:53,13889,12127
836b3716d19fba2dc37d2e44e725b670b5464e37,2011-10-14 23:41:49,13902,12140
c1ee2e547563683dd2221a4087c442ebacabd5b1,2011-10-14 18:50:53,13632,11870
f9bd2757bcfe3c1316210490703bb33106a6dfe6,2011-10-14 18:37:41,13627,11870
24e023aa4b77295cbc733eb12b4839d447149b6a,2011-10-14 18:11:16,13624,11870
9fab1b3c586a405376a2b9866519730479025eec,2011-10-14 17:58:47,13620,11870
9c4d8a22d707d84c5b0280551280b00e0b08e3f3,2011-10-14 16:35:23,13562,11817
0bc2ece84bfc6fadfc3deaf37a411674ce377ac5,2011-10-14 01:03:03,13293,11548
99b82394d61677f242ad6bd1c9953b6c2dd3bac8,2011-10-13 21:53:51,13023,11278
9e86bf8d1c8d18cafccba26475d6ad1fc57e0be7,2011-10-13 18:41:22,13111,11347
ed3041a51dc2424f084ef33adcf3529561373ab9,2011-10-13 17:07:38,13037,11347
d5a017673d698c8941b548fccf0e80748c4e63fd,2011-10-13 15:57:07,13049,11359
f5fe9e89c728c5ce6c3c6f41d369d652cdf54dfc,2011-10-13 05:40:00,13049,11359
7825a7e39b1d5761496797516964166ecd0200ac,2011-10-12 05:54:52,12974,11304
af745e1edf90c0a68790232770feb696bc8c392b,2011-10-12 05:35:05,12973,11304
ae5916e56c58c3568961816914b25440d600fde1,2011-10-11 23:38:22,12974,11299
1e4268e6bf30c8359f2f7020a98228118790c20e,2011-10-11 23:13:54,12934,11299
99fc63e8211260a5c8dbc620abe4a9efcf3e84b5,2011-10-06 16:14:37,12896,11299
6cb12b8f0003af6b0b14a672cd4e3e4540624f8a,2011-09-21 16:49:04,12896,11299
77ab8ebd91e8594caf41db14020cb63d216d34f1,2011-09-21 16:40:09,12890,11299
371c487763fc6726d9e990379401a582c8696c7f,2011-09-21 16:38:14,12890,11299
505e3894128d5cdd357e24a0f278a9c3d5efb993,2011-09-21 00:39:36,12889,11299
044611ada1d87a6e2b7aaf141ba1ced773f897cc,2011-09-21 00:35:39,12887,11299
d277e1fa9aea1743f72a0e16c4aa2eae8f5b2ca3,2011-09-17 00:47:31,13443,11299
8cb780715826ec3bbced07fa11fe46d799e8dca1,2011-09-15 19:58:52,13447,11299
d2e77a8600b1600c41dc2c60e655a7eb6724b360,2011-09-15 19:56:30,13444,11299
8942f034a7ad2991439bd9e2f2ab36c64267e61e,2011-09-15 05:45:42,13374,11299
7307ad88c60ddba76678b401ef5f187086ba881d,2011-09-14 19:52:55,13258,11238
a1365730c3de1b27f2a52e20c14eb5a3a28c66d2,2011-09-07 21:33:15,13094,11124
31b72b000f9431faa3741f705af6289bec63fa8e,2011-09-01 21:25:33,13078,11149
01550adf37399d4ace450939ea30d4e0a6c293a9,2011-09-01 17:44:11,13761,11821
1f0517c443905057083ef2f32cfebae919281875,2011-08-23 17:04:11,13726,11770
c76af16680bec8271ccaf6ce3794881dcef515df,2011-08-17 00:00:31,13729,11770
63bef8a1e9ef37ee84811088b27758becb867124,2011-07-11 15:57:54,13647,11701
439add977a49ed482a6b87f8372d049269b5cb45,2011-07-11 15:55:51,13641,11701
4e1a51cbc023bf40ad7dfa569f25a3f27537d0e7,2011-07-11 15:50:00,13637,11701
dfbd87f542092b28e9bd392784cd8a60b272ceac,2011-06-27 21:53:48,13477,11682
323370b242ef1229fa983b7a8344c134b212122e,2011-06-27 20:01:35,13472,11682
2bb33ed883ace8b5d8f3fa564220f40b7c2542e7,2011-06-27 18:53:58,13488,11682
482dd73d228b1d953e0bd32d0187663670decf35,2011-06-23 22:27:26,12780,11682
8474eaf7754d081777aba05d8db1df3f008ada19,2011-06-16 19:41:45,12780,11682
3483901d43c4d64f4796743c1437c78e8c1c367a,2011-06-16 19:40:05,12780,11682
a86a20c9ecee2c04d265c88a21a7d1cdccab1029,2011-06-16 19:37:26,12780,11682
14aab200bbea4037f80af5b1477b8b30bf80422d,2011-05-09 16:14:05,12858,11709
cfc4ebde1c299c56ae83e7273f74785b9b13cf7d,2011-05-09 15:46:10,12858,11709
08cb3720ba174aeef64918f5a6ce5647b3648a79,2011-05-09 15:42:13,12854,11709
2ca23fc769163e49c7f5d8aa1355162b2c0de70a,2011-05-07 00:10:47,12789,11709
1611a049c9a56df1a28c6d2ba958a7fc63e847ff,2011-05-05 17:19:17,12740,11709
e42b5646948a1c28238084f51ced520637ed0a2e,2011-05-02 18:15:27,12629,11685
054751da79f709d8b5fab053f6213629d622af1c,2011-05-02 17:55:36,12605,11685
02bb265a0c11377737643d1575ed323803cb2554,2011-05-02 17:53:27,12605,11685
e3f4d38b420c4c2ffffa7d241bd858f7fc9f419b,2011-04-08 22:33:58,12542,11680
b7cfbd6400824550fe1b59ff6d4396454af4b748,2011-04-08 22:21:25,12542,11680
0fc3dd5b603c387ec0c4b2f1c2eb8384230e2ec0,2011-04-08 17:50:03,12546,11680
ae5e97bc63f7301f48555c49498e0d38f547515c,2011-04-08 17:35:59,12542,11680
569683b2ba4ae490a3724f4960e5d16a4d6d4b7f,2011-04-08 17:30:52,12538,11680
b98b2c3337b566554cb5ed1a064cd30471b36517,2011-04-06 00:36:24,12517,11680
509d2c2e107f9bd69b7885db6f2f38a05dde0d87,2011-04-06 00:33:28,12571,11680
b7b9bc2662cafcaeac987073b39de940bf2ead4c,2011-03-25 16:04:09,12442,11601
2728db69dd2b0552a85513dbe32d31c38a1aebf7,2011-03-24 18:33:44,12422,11601
873e74948a4a184b2764aa1b97fdaf3120effb43,2011-03-24 18:30:36,12417,11601
47db97d6aed61c769bea2b5fd48133beaf83489e,2011-03-24 17:21:45,12399,11601
281b21258e49192d6b10d65269ebe46aa38ffcff,2011-03-21 16:38:56,12387,11590
e2acf070f34a46a82c8312a778c75171c3568f49,2011-03-16 17:53:39,12380,11607
a7eee067df1576a803a1da1e11565f379d950ef4,2011-03-16 17:31:39,12676,11903
888088a3f971cb49b41150ef20e8bf109c275bbf,2011-03-11 22:43:00,12286,11686
3581f5142b99cc2663f344893e246db08c84cf95,2011-03-08 04:00:58,12277,11686
15c96eeb19ae513b19105c6e801c7437a0e3db21,2011-03-08 03:59:17,12277,11686
4a31b73bbc11564caa20d72ff090b8de19596cd9,2011-03-08 03:52:36,12277,11686
be994951098aca2d35d4c40f62c919883f823570,2011-03-08 02:36:24,12335,11686
82c5feb52b8b1c3a82e3ed54415b9c5147eb5af6,2011-03-07 21:34:24,12297,11686
d5164c0a06e34f68663e84230506a95e44e84db4,2011-03-05 03:11:17,12040,11686
7c014e633a8cb9c077d29f9cec952d08356d1d78,2011-03-04 02:00:46,12139,11679
208c2ddccb6294f006888880b4fa086d9c118fca,2011-03-01 21:41:58,120,0
52e2408c33bcedf9907f987b7b95aa7efbfeb7bc,2011-03-01 02:53:16,0,0
