f6f5ea1bd0b41dbbc1d030cf8290cb0f775e770a,2014-01-15 18:17:24,15707,9092
eb75c08d4a68c3ff2d0a3fba19587fa24acce772,2014-01-10 20:34:53,15711,9092
6a6f8552819596fe0596e8d1edbdb47159a8d74b,2014-01-03 20:14:37,15696,9078
05eb576a196e2a290459b44d9811da6ac75be30e,2014-01-03 20:11:56,15696,9078
f79ec4932fe42a00d8fe62ea2e4e85d7d4e2b781,2014-01-03 20:08:16,15696,9078
c7c52919bc5fdbb0ce9ffc8431ca87da5192a727,2014-01-03 20:03:31,15685,9078
75441a41b4d6c4a506be74b634a1051e830f9a05,2014-01-03 20:03:28,15684,9078
ad176ba6f20cec7e277db50f0d80dadfef72d00f,2014-01-03 16:32:38,15685,9078
0f4029c11f78f478c09f4a3eefb86dcfea3604ac,2014-01-02 21:57:05,15663,9064
bfaec7c55c672f4e72b3174e9dffc1a4b27f7b52,2014-01-02 20:19:31,15661,9060
5a06d85097c325905cd16b13c04d1d3e9d7ec0d9,2014-01-02 20:15:55,15658,9060
0ac38e9ff0828efa72414cd07dec6e56f1147a8c,2014-01-02 16:12:54,15656,9060
e803a12a9f73377d8fe8c336fe2bc1484a54fb5c,2014-01-02 14:41:45,15652,9056
6ac2509923ebad5a8c2caf23891d4d1bd99e6cdc,2013-12-20 19:29:55,15653,9057
2dd5d50d79dc3546a724ede5f2e1c6cb4f0ad13c,2013-12-20 19:29:55,15653,9057
73d40d165e739193a268b54baba170ed457799ac,2013-12-20 16:34:02,15653,9057
80f9b309283d85c1d21c528a7650f99d3d6b6392,2013-12-20 16:04:08,15648,9057
282f1161e8cbdd314e06af51d7ad01feb8b5c196,2013-12-20 14:11:33,15617,9028
51f37a110bc45312131e6cdf53dd4c1d4b7c51fd,2013-12-20 14:11:33,15599,9028
6459f2c00f16051ec397fe911bc21078291ce3b8,2013-11-15 18:52:23,15587,9028
9a3f9f8b7db256df2403a6d0004a6a69e26c3407,2013-11-15 16:57:25,15590,9031
daefa8732ed5f3b628a2a0861d5fbd030cda0aec,2013-11-15 16:57:25,15588,9031
507709577e4619807a0e8e7a1275a89fefe411a4,2013-11-08 16:12:02,15574,9017
efdf952eeda7a975c6ea9a2bc7d6215a98504ca6,2013-11-08 15:52:17,15554,8997
8e6c19a9c438db3836d4db41f70ddb5d12656e94,2013-11-08 15:32:57,15536,8997
a01677f58762394c2915eb512fe2f69aec6fbcf5,2013-11-01 18:36:04,15523,8997
8e900b2a139deff9114efe84e6327235c92e6103,2013-10-30 15:09:53,15454,8940
144693101637b784ef3524749019ff8112c0df81,2013-10-22 18:03:09,15458,8940
1d8982325fb43ee654b9476b34213a37429d7e22,2013-10-08 18:19:03,15451,8940
c594c2495cfd1f36611574c3dbf5f4d2cd199aea,2013-08-28 18:38:03,15442,8935
a12dec104dde656917963ec6328390003595234a,2013-08-16 14:36:24,15435,8928
ce604d6699d1565cfc20a652e228dda318f9597a,2013-08-16 13:25:57,15418,8911
c893aa0cccc9519e432306e491290b9a9ee6aae9,2013-08-14 13:18:19,15317,8826
0b080eeeb34eb16cc2ba831ccbea3fb523e147af,2013-08-09 19:11:09,15317,8826
203415c180f3474b49b95da563ae0272c0fd3b3f,2013-07-31 20:27:12,15305,8816
f59a589077c0b407808237dd2c1ca0bfefc5f400,2013-07-31 19:53:03,15297,8816
0d04ae1b86d54833605b81f6ea7cf3ca992503ff,2013-07-31 19:46:49,15271,8794
f29f96b246539a161f53a3707c2b31bcb7bf2733,2013-07-31 16:18:08,15242,8790
3b40121b1b0ab82d702aa0d1474849286ac2a465,2013-07-30 20:12:45,15203,8790
1f92b87a51346aacee2fae751c01276280e85b1c,2013-07-30 16:03:45,15171,8788
deaef747cc0a0cf5432f982c3cd479a8b2d59590,2013-07-30 16:03:45,15166,8786
2fe668725502b8ca1e0c9b37bfb32608ca00ce69,2013-07-30 16:03:44,15167,8786
f1f446c2c97643c9807732479d294f8b1de20a4c,2013-07-30 16:03:44,15166,8785
d42adb8a67996404dc662f519cfb3e74e46097ca,2013-07-30 16:02:47,15147,8785
04af5821e53d51af66e3c65f78df1e45aa721dd2,2013-07-30 16:02:47,15140,8778
dbb7e04342a5a68d3938dfa839ff8df6ee68d1dc,2013-07-29 19:07:06,15139,8778
ceb43f1afaae4b5eab7ae5eb406d376ddde9bb18,2013-07-29 18:00:04,15127,8766
f8cf74b997b5f3cda7a20ef591ea4443709d03a6,2013-07-25 17:03:07,15098,8750
b62cc2d2218c9ac171a9532d93b42c869a5273bf,2013-07-23 14:10:24,15100,8751
65cc5c7d4ffd4d015be202d807220d2acd5d1f93,2013-07-22 15:02:56,15098,8748
edfdc037c2efecfd1ed5faf04717181227d31418,2013-07-19 14:47:58,15097,8748
a7ac3dc943e3d57e944292081048634b147312c5,2013-07-19 14:40:54,15097,8748
1bcd49f4cf07127d757c62e8ef5406524c8d4b05,2013-07-18 20:34:50,15081,8748
38a6b4dc502853f44cda3f014712893e61486277,2013-07-18 20:34:50,15087,8748
d4f43139d75097457c9a3d01638c5f691c423acd,2013-07-18 15:04:40,14993,8688
7fee0b1a516ce4fb07ba3d777bb25daadbbee2c0,2013-07-18 14:59:12,14989,8688
a5427dc3d2da30b3465872f28ff9c44ea93cfe55,2013-07-18 12:58:05,14962,8673
8b0f6d34f5d6b4743aca3e3a12a2fb6d16edaee2,2013-07-18 12:58:05,14922,8639
f9cb5a4ed2abaedc6058558dd67fc5fd438e3293,2013-07-17 12:34:25,14922,8639
e54b5bdf4273714835d6b4d33523529ac66ca9df,2013-07-16 20:39:58,14908,8625
fab4aea319eb133d77e4c7005e2fa86f3627d003,2013-07-16 19:34:03,14855,8600
83f82ed296b2e4a7d8be5a8cc8bea4acc2a4d02e,2013-07-16 17:12:19,14841,8588
efe8db95b7212a46ac68b37bff9227790524c84f,2013-07-16 15:35:36,14763,8527
e321608f0136ffce5f6295c8d6cf714bc42bf16e,2013-07-16 15:11:39,14764,8527
bf5b404c6bb4c9a875adeb14a9509ff26c9bef69,2013-06-25 05:50:29,14760,8527
f2b273a62b4ef4430de2ce420df54bd269609561,2013-06-21 17:22:24,14760,8527
9aeb33317c850d92ec6e63f5087d48d0e8c1747b,2013-06-21 15:26:14,14757,8527
2aeb491fa79df886a39c35911603fad053a201c0,2013-06-21 15:17:49,14738,8527
bc0758cae3316d45c63e3f94a0244150e33957dc,2013-06-14 14:39:32,14584,8388
b491f2a3468cb85baded72b7216db3821f6fabe3,2013-06-14 14:39:32,14574,8383
2ba2769197e4946fba5dfb98c75ce8f392240247,2013-06-14 14:39:32,14571,8379
56a2cd69cc80f91de460adfdbf828d972cfa0552,2013-06-14 14:39:32,14567,8375
9f0bc344385b2c3092e69394b8063c413fc775ed,2013-06-14 14:39:32,14587,8390
24a908691944f314b0018df3a7040d338ab53c92,2013-06-14 14:39:32,14587,8390
169d8d7efd19eba5be8653b5925bd41cc4159a61,2013-06-14 14:39:32,14583,8386
5046dfcb5288918c0a847ad5217185e9f04cf25d,2013-06-14 14:39:32,14559,8370
32548249f119f2557df0aed03f16662967e87edc,2013-06-14 14:39:32,14539,8355
232cacb71bc204c7be846e400b82cb6a7f2f2b3a,2013-06-14 14:39:32,14521,8340
9e9674af607bfdf57a397c2a61561d90346fd095,2013-06-14 14:39:32,14560,8367
9bcb5c81b55d7380f3f1f6027c0bfe09f6b9b0a1,2013-06-14 14:39:32,14557,8364
24dc7b25404f77b6678317b2e088aeffc1aed807,2013-06-14 14:39:31,14535,8346
d8a721f667db130fba9b20232d94faf9b7f1a365,2013-06-14 14:39:31,14578,8398
2d28dbca1fe7d88dbf5210642b7f8ed527bb914f,2013-06-14 14:39:31,14555,8378
c555f51750493fda45c7e892f251be34612cdc53,2013-06-14 14:39:31,14546,8374
02bd35feeb8623570dead3f1a7fa3d09268962b8,2013-06-14 14:39:31,14505,8352
dad6086ed542c97b0d4c8f8ffc485c604823106c,2013-06-14 14:39:31,14475,8335
d687fca146b507753eb4627207d0a76e9df869d2,2013-06-14 14:39:31,14488,8335
710f658c8495a68789a7f5955a3f5d40560da188,2013-06-14 14:39:31,14437,8323
40bdd3d5fa002d02d36d96801f930d209a6be224,2013-06-14 14:39:31,14407,8302
1da9e4d6fed33987bdf8fb9a4f21d1ca902b1c7f,2013-06-07 13:39:11,14438,8302
f55173018e246f2f8c196474cb85c7288491644c,2013-05-24 22:41:43,14438,8302
58e3a979c5863125260ba5ea5a6c57b77c9201f7,2013-05-24 21:45:33,14439,8302
acd34e0391490e93c93c30b858885b26319b81a8,2013-05-24 14:21:30,14430,8302
99cc533421a30411db8801cd1afac41af6bed439,2013-05-24 12:56:32,14427,8302
2a74ca48f5a693566c179fa6c587e460b9584735,2013-05-17 16:46:12,14426,8302
022598c1e9982c9199d5b28971faa25281b0bb8d,2013-05-16 05:11:08,14416,8302
e377e85f5539739a15bdd4c4338cb1c0728865e7,2013-05-10 19:08:25,14416,8302
7d807c6af3e89c56e2e846352074f2eac1620115,2013-04-05 13:26:56,14370,8302
f28d75b81818386407f1ebd505058e0236920fd9,2013-03-15 18:20:15,14405,8341
edffcabc443f40bba9d8825c83634ef3fc90fe23,2013-03-15 15:31:44,14405,8341
27c0eee43db466aa9a6bc5ef8abd95b05e67d25f,2013-03-15 15:31:44,14401,8337
66875228f8d9af54b407c9745b518632366950fe,2013-03-15 13:36:36,14394,8337
525d66f683c1322bb081279f01e33784fca499b0,2013-03-15 13:36:36,14394,8337
ee565ca2872e5d91df658225f4bb6a807b7681fe,2013-03-08 22:16:40,14596,8337
eb4e88be76ba71addc826f2c5591755d6c434f09,2013-03-08 22:07:55,14594,8337
6721b469ce17b6571d18b41ce9069ace237f6a8b,2013-03-08 19:32:22,14594,8337
4a625e0064fe8a6f9ff8b79867d44712b4c92d5c,2013-03-08 18:11:07,14579,8322
3d0d49f50a8aaf9028e051a7038aa31dec09aa50,2013-03-08 18:11:07,14579,8322
42ca39850d10c314324ed82fda30076a51b26310,2013-03-08 18:08:19,14561,8305
7135b6b0f6e4c22f86b63c0d9ebf16c05e29bdd4,2013-03-08 17:59:25,14561,8305
b4385bd4fc7bb6f9705c29ac5dc5457c4c4c6c00,2013-03-08 17:59:25,14561,8305
62264c65f8b327b8078151e2d4cd589c845a1b5a,2013-02-22 18:11:30,14561,8305
f820685d4029202de1ee2412b6ad9a13f4d061f8,2013-02-22 15:52:54,14522,8305
9a9c9ab706227e13135410d5206b080e19006754,2013-02-22 13:36:56,14516,8299
dcd2774e791380c3c2d979692bdaf30ed30d727a,2013-02-15 15:19:14,14507,8292
74b829f45a386c2614d4042674e3ea775f22af87,2013-02-15 15:19:14,14504,8290
e421bc1b0d5806f53be8a664c5f3c70c2e285e7e,2013-02-08 13:15:48,14467,8253
27fce039de94095a5a11b45289888139808f5102,2013-02-08 13:15:48,14462,8253
6b4d5cf707d1c856b571aa6b44957f7d2f5ccca9,2013-02-08 13:15:48,14449,8240
36b48d05de3f0ea550070256cfb98be44ca8fb7e,2013-02-08 13:15:48,14436,8229
5261670b960a8ae8849546ebaa67fb7535094613,2013-02-08 13:15:48,14419,8212
ca8ecfb994e3fc116476fe52b69bbeff1df3e464,2013-02-01 15:52:45,14424,8212
aa6338a9ee7da7abce8c5c38a80612e922a576c4,2013-01-25 13:47:43,14331,8119
29bb56438f18e75d5a79468ce0d827525f2967fe,2013-01-24 22:13:57,14308,8099
ec3ffdd12e0928980c26be6d124ed4b513614d66,2013-01-18 16:22:53,14308,8099
0d4bf12d6278981c0ce12848abfe7e320dace1ee,2013-01-18 14:39:57,14250,8063
adddf87cf30d416d71c7b2a80a004d170d10dc2c,2012-12-21 20:27:01,14249,8063
a2728b339fbcf13fc5cdcc28390c8bd155299ec4,2012-12-21 15:31:10,14249,8063
ba768753be7f981cd376b584fb47c23ff3b2bb86,2012-12-07 19:18:02,14249,8063
afc8f4bca0ec0104f8d40a6dbceb3fd64b5619cb,2012-12-07 19:18:02,14249,8063
adabe469d87eadf779cd215d808ee3ebaabb86fd,2012-12-07 19:18:02,14233,8047
8be77a91fcb05a81f516eafbe7edc719cc857a56,2012-12-07 19:18:02,14232,8047
de11bd942aca7baf836ccd81043c6a0d3607f164,2012-12-07 19:18:02,14246,8047
d71cc2dd97d5b775f86336627fac3922e63903b7,2012-12-07 18:29:29,14221,8047
7e6b5b6f3eac48fdd1f094fb11c5336b8c43e81d,2012-12-06 14:07:20,14216,8043
5d8a132a7df85baf551af8b8a92927f053d00acc,2012-12-05 20:30:56,14216,8043
c9ee8b9e2670f28020a45d79b1fa17cde3161d82,2012-12-05 20:30:39,14211,8043
46387cf74413f8c3d681c4327a0802d7c84295b9,2012-12-04 18:21:42,14207,8043
1544a7b2f054b53a52aa53a12f471d1a1bb36ca6,2012-11-30 18:38:32,14203,8039
3f4180ef51e71854638f394c54de295f4849327a,2012-11-30 15:23:49,14168,8010
92e88fc3946fb0732a175bdc0bf5a6dcf96ca5cf,2012-11-30 15:23:43,14166,8010
446a4cdbe182aaabdcc61d508d5abfc48a16409d,2012-11-30 14:14:34,14136,7989
a21869e98bf87f343eabf77f9a682cb46f680e5d,2012-11-30 14:14:24,14132,7988
394ea1f69641343dc7acbf59fc5b4cae99559d5a,2012-11-27 02:35:33,14132,7988
68aea16fe8e2d1a19d6fc3adbc4e9d5fc74f5686,2012-11-27 02:35:33,14132,7988
c0c1f1ed1bce2fffca8afaa662df00f6100ba69a,2012-11-27 02:23:45,14136,7989
d1920aabdc1ece6de7b5bbca39c5488f833b02d6,2012-11-16 18:12:58,14133,7989
f232097942b93d1d463c93a6d5583d11819a22d6,2012-11-16 16:25:30,14168,8027
94443873b5befd546d1dbdc8f1a237b1e300663a,2012-11-16 16:08:45,14169,8028
dda3166a673070c214f3a2d6eef99cae61650a75,2012-11-16 16:08:32,14169,8028
233fcb90b78a1c2151ff5e58e209d5d7ba6310f6,2012-11-16 16:05:50,14168,8028
8338024a4147e983780f073bb31d8be8b1cb38c2,2012-11-16 15:50:49,14168,8028
cbde60c1958aaa697e9ca5add6bddde6dd20f3e2,2012-11-16 15:19:06,14171,8028
567086e102ee3a9265cece1fd0f07d7ee435febf,2012-11-03 17:59:21,13976,7913
716f15963212309b68b42ff3b83ed944ede6c409,2012-11-02 21:36:30,13895,7870
8d28a1e81eb79a270a47a5438c23c3b1ddea6cc4,2012-11-02 20:36:09,13885,7860
a255f26d9b3b4383daf848cb6aeec4335d9e1e1a,2012-11-02 19:21:18,13861,7838
9ae8455b674fae5ef50d992854d15702567583fc,2012-11-02 19:19:05,13861,7838
e3556b9b3ead20cd8385ac374af3a0f721ab2235,2012-11-02 18:56:34,13832,7813
6f2ca932eaa6a3304c800138b5f8fdf14bfe7f53,2012-11-02 18:45:45,13826,7807
ad45c0f0e8dd076bfc0fcc563e1ac6ee7522c045,2012-11-02 17:58:17,13826,7807
ab9a0f7ef803cfb048d600c38e9799882db699f1,2012-11-02 17:58:17,13826,7807
eb466facceab0431cc5b334c7c7cadf56cf163a1,2012-11-02 14:56:29,13799,7784
331ae182ed0fd8546d27c41108dbb36951c6606b,2012-11-02 14:35:38,13793,7784
4b8dce440e32f2f06b1b681287ba3c4bd2b37344,2012-11-01 22:12:48,13761,7755
4ea2de63efd23a925798dc4f77ac3a23137aa196,2012-11-01 21:44:22,13640,7655
c65cbf35d9ea62df77cbfa9da548dfe1607a7751,2012-11-01 21:23:02,13607,7626
632ea47abc2fe7f80d7c2afc0933bcc03a562d68,2012-11-01 21:06:05,13605,7626
75a8bd20cc80f191edf473381f19a54337b2fb36,2012-10-31 21:17:32,13583,7607
9bfcebc8c695088d4fdb811111b1add923e8747c,2012-10-31 21:16:32,13570,7594
eaa6b871e71720f5c36a762cf3864bbeb63301fc,2012-10-31 20:42:47,13566,7590
a9e09d1b447a281a23469db961af44a3ff115454,2012-10-31 20:34:52,13566,7590
c1c20f3040b22dbb88b5b691ceeea79664ef2f57,2012-10-31 14:54:51,13566,7590
91f673f2c9b9d2e094f940d7215de6724ee283fe,2012-10-31 14:48:55,13558,7590
d01d58c2ffc417541b5c35e40021bf1f71af9e84,2012-10-19 20:17:31,13539,7571
83d8ec5a318cdf18c632faefd429940e862aec4c,2012-10-19 18:21:40,13539,7571
86dc49bdd79a91adb337c25195341f4f701617db,2012-10-19 17:59:20,13523,7563
deac3d41d86b8749e3f276dbab7576009a14863c,2012-10-12 17:33:45,13523,7563
5f52d894c15b309cd97e48d7e482be5bd634d990,2012-10-05 14:48:32,13513,7563
d15d8d81eecf7b2235214e46dfce5d66ac5e2772,2012-10-05 14:29:22,13513,7563
65f494188607297e62bff2f7898557e456f0bf19,2012-09-28 15:31:31,13513,7563
69bcf6e499105f86f5ee116c644de6c60fcdeb57,2012-09-28 15:14:45,13503,7559
a16a50a106432091fff0bf0ac398066803bb8791,2012-09-14 18:51:53,13495,7551
dc3cbbddf62ed27207a0094bbf017606792ac65c,2012-09-14 17:23:25,13507,7559
3b67a7470cad2a8ddc41d387bc7f82db14b0420c,2012-09-14 17:23:25,13501,7553
526ced320552b260f46193366856ca4a233be4c9,2012-09-14 17:23:25,13500,7553
de6af668fd06d558fe44fea8eb4db16c775f77ec,2012-09-14 17:23:25,13497,7553
fdb5b84c2367efdc196bc5c609cb192ea8b78412,2012-09-14 17:23:25,13495,7551
91a8b00cc5aeb7f2c03c6fde6bf3a2655e627a19,2012-09-14 17:23:25,13502,7558
6d2607dde54418f0de56dfc77e43ca206cecce4a,2012-09-14 17:20:30,13501,7557
7f8a1a093d660ed197c0a510dd1a71d05fb14522,2012-09-11 22:17:28,13501,7557
26f44c6d5150f067662287ad90eb3031ea345917,2012-09-07 15:48:31,13501,7557
eadd45273fffdd4f00f90f528d7b5bcb5d9f477a,2012-09-07 15:27:16,13492,7557
eb928346f3c1de87fe9ebb6135fb8ba103a57171,2012-09-07 15:02:52,13453,7518
45bf52aa99b2837d70bc17f5c6c630b8ed569801,2012-09-07 14:58:58,13453,7518
ad83b1d0874a1f5b10f42ca7bd44124d295848de,2012-09-04 17:03:36,13401,7518
4bea897fa277eb3928442826e1098108590d9b0b,2012-08-24 17:35:46,13400,7518
5161c5fa045b6bf4b7427eb5274488f44d242516,2012-08-17 19:06:26,13342,7462
dff05b35288717cbbb008b3d8e542e995c276f20,2012-08-17 19:06:26,13342,7462
a955333206237a4dc9325a6325ed8587c5b52420,2012-08-17 19:06:26,13341,7462
cb7ad7bd427825bf4a10a539e6f15a6d7a945b99,2012-08-17 18:11:43,13341,7462
ee0fe89ae496283ec690b964b47d34996dcfece8,2012-08-17 17:56:02,13304,7432
d0eda83dff3186601a6dd9112bd290143f6cbb74,2012-07-27 13:58:45,13301,7432
1b6b46730e8154db9449ab95a2a1d43be627b59a,2012-07-26 17:35:28,13259,7392
70f0f1fea030e6884c99772e1860b3478b2a8347,2012-07-21 17:20:15,13262,7392
a1281bee87e4c2ad843b910c9d7bd3d3d217e4b1,2012-07-21 16:48:32,13255,7392
5d06ad8c570354db59d067613b04841833252a8d,2012-07-20 17:33:38,13281,7401
3103da5d1d7ba198ff6e3ee70a01ce104536f7de,2012-07-20 15:07:29,13156,7319
8110922ed6cb55d2d9d780b36256fef05342b493,2012-07-16 08:31:37,13138,7307
1ebe84023767a7f23dd3962690147904002c8fd4,2012-07-13 21:24:58,13151,7315
a1690c51c5195d00114d02e6331a245023732589,2012-07-13 21:17:13,13151,7315
3ad7b01599bd55af30941bf66cd0cb5dc3e798cb,2012-07-13 21:14:45,13147,7315
514713f7c54bf63bfa942d4337c676c60b5d16f0,2012-07-13 21:10:20,13135,7315
073c06c1ed450cf8150e4702a1a5f3b4b51c717b,2012-07-13 20:53:29,13137,7315
b256381c3215fe80aaa1be892410982ab3b965af,2012-07-13 20:53:29,13120,7298
a394c73b080c40eda87961fe169c0a6130b4e86e,2012-07-13 20:53:29,13120,7298
813c8c8feb63824e189bf6c3a16fca8f0a0ee32c,2012-07-12 15:21:41,13103,7281
eb35f94876f99b9b412e10721bf7a78c5256c876,2012-07-11 15:12:21,13056,7281
3d556955be58cea1c12c3b9b447a9fb4f673a87b,2012-07-10 02:32:12,13056,7281
86cddc6ea2401ec59472f1b5abd0f7198510684a,2012-07-09 08:58:04,13056,7281
39717c69528219b7177812177c9b270351888a94,2012-07-09 08:52:30,13033,7258
37999b65780651878ff80c4a4041e80273c901a9,2012-07-04 02:23:54,13033,7258
9c92cd942373d6dcc16fa280382fc943de155783,2012-07-04 01:55:50,13018,7243
b7b2b8437d3ead21633fc29a434b2bf1a36dd150,2012-07-04 01:52:42,13023,7248
0958e6fc9e16b1df7b90a65554070a8ee002d727,2012-07-04 01:44:11,12997,7239
878622c9d8755a8da10eafc82bc17a7af77a54b6,2012-07-04 00:35:05,12998,7240
cf8f76d83df6f4c58c3ad33ed9e3ce7638a8925e,2012-07-04 00:34:34,12998,7240
53c8dde49e7f50b00de5d2f6820441b93546ea8d,2012-07-04 00:30:45,12998,7240
c309fbbdc353229b6a35c3965f9195598e7b6b1d,2012-07-03 18:08:16,12998,7240
029fe02f293e8ed2973f84eaa7583676c5fabd1b,2012-06-29 08:59:49,12997,7240
7dfcc0db80c3ef583362979c70c5ba6808b8c8b0,2012-06-29 08:30:52,12995,7240
7436b512d4a198914c65647661549a326cd7d498,2012-06-23 09:41:08,12995,7240
b43693019d713cf89d06a172096a655990838333,2012-06-22 18:31:26,12939,7205
1d22cdcad52477ed771a93c9f5b57a838cb47b1d,2012-06-22 18:11:21,12946,7213
16f707ec7b6925298cb1064504469205732adfa4,2012-06-22 15:51:06,12935,7207
9fc74e07c1383c0a5e66020ff4a9ccfbaef5e466,2012-06-22 15:50:51,12924,7197
f407412f9af7749d2b32aba0ae07088f355f1132,2012-06-22 14:16:26,12899,7187
0eae7dbe4621778c8a3aaa7a565cb0a8e1625578,2012-06-18 14:05:02,12850,7156
127e8797fb3c6daa2dbcd6763778d58b6645777f,2012-06-18 13:59:57,12844,7156
271008dc86924a2d7c5d5e87113ffb98db915c9c,2012-06-16 18:55:20,12844,7156
2860c701763d436de678c2c047bd93cb09c4fa45,2012-06-16 18:55:20,12840,7156
f30f9cb71527f775a6c8e8b65b3a20b041179e7b,2012-06-16 10:54:16,12846,7156
ccfcc22fa756c4abf2ae7ccb19c28e8976223bfb,2012-06-15 23:28:58,12846,7156
04094b6f55ac0c1d9d48cb7f04edeab431328ef0,2012-06-15 23:01:26,12848,7156
5a138fd9b3b04288968e160a1f69be253bd58061,2012-06-15 22:56:43,12848,7156
3a7a93d575b5b9e9072d334ec93319af9b404aee,2012-06-15 22:27:59,12805,7156
77ee8a51144fe4885d5a0f22ce49b1aae25dc879,2012-06-15 22:11:39,12756,7156
76cbfb80239d6ef9434eb18758b899b3eb5d77bc,2012-06-15 22:11:39,12710,7156
90ea9dab5b81b3cf5ba91d34ab6ffb4b4c6d8af8,2012-06-15 22:11:39,12608,7156
ef646f3bdf64efc3111ee7afc357def028e59413,2012-06-15 22:11:38,12485,7054
b09bb31b8e74ee8647417c39ce8bb05c3fd3cde7,2012-06-15 22:10:52,12487,7052
d9de7ba5d2190c45c616eb95b51e02ff8a0582a1,2012-06-15 21:15:14,12454,7023
2059c5ea2e7a3ce044c52c3f971a4fc9f374e559,2012-06-15 21:00:14,12487,7023
e5ed019196baeee3a7b86c31ddaa0321c07d50e4,2012-06-15 20:48:04,12456,7000
95d7c4a1cce176214650880a360c912197e6f60c,2012-06-15 19:27:54,12449,6994
e90de5daccc0e689484709f3fd273f16f5e3f4bb,2012-06-15 18:52:20,12433,6978
d46a1afe575be162566c88e1cbab49905eca058d,2012-06-15 18:49:44,12433,6978
cdf85a20413dafb62a52b9a9f60ad9ce719bfb38,2012-06-15 17:53:06,12417,6966
3275f69011c6f2eb6c4a9972289695e2758d9ae8,2012-06-15 15:45:02,12409,6958
40a74fde2a911f2b3f63e46598e3a7e9a38be2f9,2012-06-15 15:41:12,12409,6958
c1ad6f32ad150da227b5c7d17f003f8930d160bd,2012-06-15 15:41:12,12430,6958
357d0301ba65bd759fc050518d16b23364c8b9e1,2012-06-15 15:41:12,12417,6950
49b833a48acd33cca1264ec67f4ede3cfa06081d,2012-06-15 15:40:05,12362,6910
6728166896d58412e4d10276f010eca8c299890f,2012-06-08 22:02:17,12445,6912
7332e51a9712a5df9bd388aefda3f49b0d3e01cc,2012-06-08 18:57:02,12425,6891
2337e0f91c2287384efc4a53a9b2d954bcb397f5,2012-06-08 18:57:02,12419,6887
d699680ed5a85aefb99b4721bbef9516b3b19bda,2012-06-08 18:57:01,12414,6882
3f480438f8def4c2d13b358fe2ad37cee0448892,2012-06-08 18:22:28,12411,6882
6003e543a958cbf0a21d5285c352ba00483094f5,2012-06-08 18:04:55,12411,6882
5840b757b896315932e34681fcd126e93ac88ed7,2012-06-08 17:45:47,12412,6882
073152eea6a08dfcd886dc7a169c2d31e67b4402,2012-06-08 17:27:20,12415,6882
b920ee4d7408765245823a2884a049a6c6c62a36,2012-06-08 17:27:20,12390,6869
e54c836330141a6105640aeff4f8bd47d00f575f,2012-06-08 17:27:20,12394,6869
25449d270ece5717d04f50d64d55b8ad58b6ba6c,2012-06-08 17:15:46,12362,6837
c96365d5e764fdcb9de9a58f16ee314f25b1853d,2012-06-06 09:39:55,12362,6837
dd99e70d403088edb73dce81b0df0bd0660d2815,2012-06-06 09:09:53,12362,6837
c54708f2f06515b3d55d8cc5d8e7aff97b58daed,2012-06-06 08:37:39,12343,6837
cdfc4cfaf7074bd98bde4654404655f594a3e076,2012-06-05 19:23:30,12289,6792
24d143978e0df6f8424e8a333605a89a87e33e23,2012-05-31 13:39:04,12289,6792
e9f825a523c8f3c5b2b5cbcac0e674edc4e6b687,2012-05-31 13:31:23,12223,6732
1ded077bda576c110d5e682634d3fcdfbc89fb39,2012-05-31 13:16:47,12220,6732
0354f6626914d764610930e10f03eecbac75383a,2012-05-31 13:13:42,12221,6732
43f5d4f8e39d814496655cc007cdaa5002df77e9,2012-05-31 13:13:42,12221,6732
efead1a179383e049a996f9d4ed6ae1d7ed8e9e7,2012-05-31 13:13:42,12194,6732
b567175706a3d9c00a5b25ad1b7d29fb6bb70a51,2012-05-31 10:05:18,12151,6722
d594746f08245871731660a2fe78e9ea051f688f,2012-05-31 10:05:18,12152,6723
5bf0619fe79ffbcaf8f0d8a7aca88b5685aec4b3,2012-05-23 00:56:38,12099,6703
a19f2a4df3d31427cb8404e90d79609fbe45f001,2012-05-18 20:06:55,12099,6703
45e4b075419b3ce2f10f1c53cc2bc6936f3e4c55,2012-05-18 15:54:07,12099,6703
5ce04edb0ea5e1cf77b8a9533a6c8ead4c803fd0,2012-05-18 15:24:59,12099,6703
c0e9b35f3401d87bfd50bfae3aaca1408e984da0,2012-05-18 15:08:19,12062,6671
05909057b4e6d75c780f517e1756badc89a4faf1,2012-05-18 12:56:49,12062,6671
169dee4d2463acf46a592b4996212e1132010c9f,2012-05-18 12:56:17,12065,6674
34f449933994b1bf9ff103cda041ed35acab3b6d,2012-05-14 15:49:56,12037,6658
01406e1a4dad7819db896b477314b7f03aab3275,2012-05-05 00:16:01,12030,6658
df4fd98827323a3447a4b0857cf0de3ad09b7555,2012-05-04 23:59:44,12030,6658
8fb033155178247c7b63893b5452221369fbdc0f,2012-05-04 23:45:30,12044,6672
b48ec8492ce31ba4fe8e37b6c743451c68b0ee80,2012-05-04 23:44:56,12044,6672
48736ce523b0dbc596dd4bbe0b9d07f264493e5b,2012-05-04 23:30:11,12046,6674
50635d35ba8f0071e86bb68b36d545e84947b849,2012-05-04 23:28:29,12034,6674
cc52a26c3a4bb5f96fa9dd3b0ea00f31290bd0a4,2012-05-04 22:52:56,12034,6674
784717b8715a06d64855322561f8f5f41b350edf,2012-05-04 22:42:07,12020,6674
55c686dc4769ce054aa6a769a1d25dd70b2a6f87,2012-05-04 22:10:24,11991,6660
0a85dfdb0c185312e9dc17d21f603ce1fe8334f4,2012-05-04 20:15:48,11993,6662
01d2fdacfdf5103805e064ebd297fd9f3f394285,2012-05-04 19:40:59,11991,6662
84a01174c5a7968521653445d05cad9f7ba5037e,2012-05-04 16:54:25,11951,6624
a6c8683234fd9e451e39ce30fee538b16dd7a8fd,2012-05-04 15:40:00,11963,6624
3a3c2277bcac22b84d33687f3c11ebaca8c58e16,2012-05-04 15:15:00,11942,6605
635f34ec67e1ff9b0aa97c99b708bdc7f675c364,2012-05-01 23:16:04,11942,6605
cce55f630370e1217428e2f8ccc19851f46a5c32,2012-04-27 15:29:38,11929,6605
4326a3d05df1f34b95b21417ca428b73bce092a6,2012-04-25 17:11:14,11928,6605
47db66f28bfe28083deb7b95cb5ae0232fd65403,2012-04-25 00:18:45,11891,6605
fe06db456dddab26948abe603cdd35d9c53d4fa4,2012-04-24 21:35:13,11890,6605
e705b7376544db4daa0f423a32bae36a79fd5ac3,2012-04-24 21:32:29,11890,6605
a596c01bac59701eb49dce654af8232e1d2d48f5,2012-04-24 17:07:03,11860,6585
3d814fb3942f1f23a85105acb4ebbcc89abefb2d,2012-04-24 17:07:03,11860,6585
9ddfc6a1d5c7e7538c058ff8befe387431736d60,2012-04-24 17:07:03,11849,6574
8b778b301990da7b70877c81c20ef358a7708a4f,2012-04-24 16:40:13,11840,6574
e59d0b530b80a7a2c18ed4c1bc2330b6ea758322,2012-04-24 15:13:12,11825,6559
ec1aa8bed963c9db643743dbeae19cdfe464cd53,2012-04-24 14:05:37,11820,6559
eaf8a00622c976c5f9759182bdb7401abda04436,2012-04-23 20:21:41,11817,6559
3831498f39e2648d1b81e1bec0da303772ed8076,2012-04-20 20:45:18,11820,6562
5eed1dcb785e8b42ea7881b1bd822394df6aa3a0,2012-04-17 21:04:28,11804,6562
f647d680b32b5822e0eaa912c6c27915e1efc426,2012-04-17 19:44:35,11745,6510
3f1d30fb61245b54227f1f997f93df963e89ddef,2012-04-17 19:34:27,11732,6497
4f6d482d9823bdf14be5ef70248531fe1e3dc363,2012-04-17 18:32:13,11714,6479
02eb72593c0cc508d973af15eb455199ea8b05d0,2012-04-17 18:30:22,11646,6411
40207c74888bf792471172125a4998d7dd110958,2012-04-17 18:29:58,11650,6411
9d1355b5ea8a0fbc999f52ebe477444a789bfbfc,2012-04-17 17:33:30,11658,6414
240147ef3274326a73c71c1fada9ff5297a5805f,2012-04-12 17:50:14,11617,6404
c63ff08baa8ed4392b8ea0e79e1b76f2e3e91bf1,2012-04-12 17:50:14,11617,6404
28e2d1ba3fea0e23a63d3ff46cd105a4148af197,2012-04-09 14:26:08,11615,6402
1e50b08b1cc43cbe2708057f23070c0f1705cc1a,2012-04-09 14:25:30,11615,6402
03700c86970cdc3717398f1e9dc382222d5632fe,2012-04-09 14:22:43,11615,6402
a2a4c7a1355c758dff2012d13cb1d2df6b4bc73d,2012-04-07 15:33:49,11538,6324
d081085b8bc9f0ddb5d1b511a68d4b3818e79374,2012-04-07 15:31:19,11589,6324
efd70322683f8a6bcb8f13505679c097ba39ac89,2012-04-05 12:52:48,11593,6324
05cda02181c986614563741a9639d26985d32334,2012-04-04 01:04:17,11565,6300
f18755202fe3dd306dd21a5f445ff0d103dd7254,2012-04-04 01:00:07,11550,6285
7d84569092f03cf5d9d487e7b667408e4bc9fa59,2012-04-04 00:17:01,11545,6285
237675da18795366cac6d8be1c8e886c4bb95b80,2012-04-03 22:57:48,11501,6246
7974bd2cf3a9249c8c64a652c748d3b85d65dbe2,2012-03-30 20:57:55,11487,6246
b8f061c2f6df5233a6f86a81e087cce024214cbe,2012-03-30 20:56:55,11487,6246
d61ddd5cafc8379721ae56119076c8c65858ee0e,2012-03-30 20:19:41,11528,6277
51bb0f9fa33aa745bd2a03ca18bc2f123c2acefa,2012-03-30 20:19:23,11522,6272
7088f5b92e581c9b7e7a4e4c475059acf0bd9154,2012-03-30 19:33:18,11481,6241
e1951ed0ef7bff9494a548e4a3dd2ce98ee6dfea,2012-03-30 19:32:35,11481,6241
6c5fe19f466bdd89655b1e72190fc5e788c58584,2012-03-30 18:21:53,11495,6254
e10edcda67d552a723826961acd57752a54e2aa4,2012-03-30 18:21:06,11494,6254
f4b6d48d1d8883f1a58460101c4d764f79628c82,2012-03-30 18:19:51,11498,6254
78cfebd5d06f99ae7a77f5fa55ceb8d993aac529,2012-03-30 17:45:46,11502,6257
89c8d117e756815333a0e46d387cd64a1f4d37ab,2012-03-30 17:45:46,11496,6259
6388652018d61b60a664f5bfc73a4af16cfb75d6,2012-03-30 17:37:14,11284,6242
9ea4a9bea42b615bf3973ebab2d1f1cc7f7b68a2,2012-03-27 15:16:37,11279,6242
36d1289d0cd561e3b99ccfd8646b5ee9a6ec1ac4,2012-03-27 14:50:40,11275,6242
8390516f435fd59cee08bb352041b2d1739a3a5a,2012-03-26 21:31:23,11267,6230
b3f96902acf7a4f595e97f27e5b4c42f7a76666d,2012-03-26 21:06:44,11275,6230
8e80310c27e3e98a12aa3905a850b440dc69705f,2012-03-23 22:31:59,11275,6230
ee4107ab0986c68c01de1ff28160e106e355e819,2012-03-23 22:31:59,11253,6230
b3a63edb1705f75673fdb41f60691b0cc5065697,2012-03-23 22:31:59,11198,6205
8a758c27de8786802881c06e3be77115996f7bf7,2012-03-23 22:31:59,11180,6205
84d2d087b6def29f46b318d4db5950167a5c2809,2012-03-23 22:31:59,11135,6205
fe706c69505f58394c95f0cebed54cad6a4276c4,2012-03-23 22:31:59,11285,6355
b54904e0e46a421e4f5d6af3d034a3a72fc742c0,2012-03-23 22:31:59,11286,6355
d3a742755e3b0ffefcd73abe68fb193fd7cdd143,2012-03-23 22:31:59,11222,6303
da5d716b97036dc8bffb3c3ff7a4876957fa7154,2012-03-23 22:31:59,11225,6303
ee42b198a45e44c6174870a6854adfb6d51f699e,2012-03-23 22:31:51,11122,6212
e83f88f3c310dc9889ee608ba4c4b524a8cd972c,2012-03-23 22:26:42,11027,6127
03f777f88c6dc25949098eba2113ac6064bc637f,2012-03-23 21:07:48,10757,5964
5232b192ddd958844d756a229e7cbdab91d745db,2012-03-23 21:07:48,10732,5964
19aedbcbc9ba1bbc00857fcffd000d633b5b797d,2012-03-23 21:05:38,10845,5960
b7bfdec3b07cb348431510a3b400a40c110088c0,2012-03-18 19:06:12,10837,5960
32199e216b84c733c2638a9dc9d0c52d640c22ab,2012-03-16 17:00:25,10845,5960
35052ebf9c52316a0d823e9d8382f6f46082e8d4,2012-03-16 17:00:25,10845,5960
0c1e812d636d3781ece14b7f0dfe349e33fa8c4f,2012-03-16 15:41:41,10845,5960
8edccdce415e0d556fc367e120f8b042cbe07bdd,2012-03-12 14:33:50,10838,5953
26f4d409b2a585c7708b4b33a007eb4c86b175c1,2012-03-09 18:44:24,10838,5953
06d69afb3a268af1988254b1c48931647f1af659,2012-03-05 22:24:14,10818,5943
9092f7a7170bc57a0a7a517acd15baabf9d68cb9,2012-03-02 21:17:12,10809,5934
b89044fe49ca66d538b143b6f998cbc31bb36c34,2012-03-02 21:14:14,10809,5934
72ed6a8ecb2e84b4fbe227366858b44977ce08d4,2012-03-02 21:07:02,10793,5919
e64021e9755303ff7dc7d45ac908e65784a55e89,2012-03-02 21:07:02,10794,5920
f7284b9e497a326a5f8e5c02716a560958644e5b,2012-03-02 21:07:02,10791,5917
4e4fa9d46627c7dbc9ff541b6acc423acbbd2021,2012-03-02 20:34:28,10744,5877
defd4259f293d3694f65494a0a78999a6ce263ba,2012-03-02 20:33:02,10744,5877
5dba614c0bac6fa1a45690000a7c23b14ccdbf62,2012-03-02 19:50:09,10813,5921
0efa3843164158df669497e6f12ce5a80ea368f1,2012-03-02 18:18:23,10811,5921
43a4f08482d4d48a04a3758ccab1a5d0644f2b66,2012-03-02 14:41:11,10781,5896
49ddd12cc2583bc4781ac29bc1019e3ff810abd5,2012-03-01 23:39:02,10781,5896
9e389588740c04bd682704cfc835f428f624b7cf,2012-02-29 00:05:15,10771,5896
17c5b8fee30d49aefe8c4de4dce54ce516bfa1b1,2012-02-24 20:36:50,10779,5896
760a4e05924b23064c5116f14a8b484a9b2a56fe,2012-02-24 18:46:10,10779,5896
04c951484fb8fba4951a06ef5eae7e47a7bd3288,2012-02-24 14:39:53,10837,5890
22a2a85d117ec1c45691e225448e71af4e707f1d,2012-02-17 22:36:01,10851,5903
77c5268457e05cc1aaefeb22facbb9fe043a3b2e,2012-02-17 22:35:19,10851,5903
4b795307096457f23816d4127465ebd6d7b2a30e,2012-02-17 20:08:31,10835,5903
56012bf361633b7fab9d67e7d8125c40d2e5c469,2012-02-17 18:50:59,10817,5890
9ad074a053075a3815f507c796e2597990dbdff6,2012-02-17 16:16:56,10805,5880
7045e297478f00704ddbd68ca9c1e6523af20ded,2012-02-17 16:16:50,10802,5877
201702b72142102ae96a0366e42dd8e5f9ed5056,2012-02-17 15:37:52,10793,5868
f19393cfff75d083f51ef6f09d33ff3473244cd4,2012-02-11 22:59:17,10793,5868
71d3f46ef52a942975369332af88e18a942fc076,2012-02-10 16:37:00,10794,5868
f8c244456d150c7b26440564feb085ce431d82c8,2012-02-06 19:03:34,10705,5850
772c8e96d8fdd8293e3745138287e3a4e9181e20,2012-02-03 22:26:10,10712,5852
5d4ba628dedc90cb035c874f0479985b7dc767a1,2012-02-03 16:00:36,10655,5808
1cb40e352eaa0f42560021c32705933f4d4eb46a,2012-01-27 23:09:03,10590,5743
83535184b0a40bb6b73987e210472f5457d15d79,2012-01-27 22:32:15,10590,5743
604304e3e824cddc37f183aafd848c0f7548542b,2012-01-27 22:32:15,10561,5720
ed5cd9f192953278a27efa82976c21d78cea9e8f,2012-01-27 22:32:15,10532,5701
bdfeebdad369af8ca5ac252126b7406c00dc4e05,2012-01-27 22:32:15,10542,5711
373748427078593365805b793c50985eb80d8f9d,2012-01-27 19:18:29,10477,5663
1e7d0d4d32e3f3b2fc68ccb47b07132d9e9b5f76,2012-01-27 18:30:15,10478,5664
b7f9b6f8d305ffba50ad54b9bb588238bac6b8c5,2012-01-27 17:49:48,10478,5664
ec4793ef661901735e17b8f2fababc39b21c25e5,2012-01-27 16:58:37,10478,5664
bc6ed16bc8abe3c983dca54556a662ddae8ac252,2012-01-20 16:01:14,10458,5664
65e0338f3ed07ddf95958ce71265a0ba76e9c1c6,2012-01-19 00:51:18,10454,5664
af6d343e25c81ceb4bc460916a5ef8628114dab5,2012-01-18 15:34:21,10452,5664
201f02e324a5577b888d7b3ee8c8fbacff9966ae,2012-01-16 14:17:15,10374,5589
839b98c612d5bebdfb369a58b130f13e38915c3a,2012-01-16 14:16:20,10367,5582
071c93871465db9daad1718945b9ef1b4bf6291d,2012-01-13 21:50:57,10366,5582
3fd4c96b28962a95447472eb4046d9f47560c4f8,2012-01-13 19:15:17,10343,5582
dc53432b3166a1cc711a526e1057931881babf7d,2012-01-09 16:19:55,10343,5582
a83de65ca790f311a7ed70638f497ae258f36952,2012-01-09 15:44:00,10327,5566
7a8d1e639c4ec04736557e129dc46ebd66dbbdfc,2012-01-09 15:44:00,10325,5566
f56e8635a613e8f3abb4c18ea5f0f0aea3c079d6,2012-01-09 15:19:24,10274,5517
d3db7a1ce8f956fb677cc85b25e560bb2148436c,2012-01-09 15:19:24,10270,5517
9fb92553685ddbd4317e0423ddb9216deeeb1118,2012-01-09 14:36:36,10253,5503
4e076813a48cd1466fe0159ab411c11f5620bd4c,2012-01-09 14:36:36,10243,5499
7b70fa4847ed7980adfd17350ed8d618b14b1516,2012-01-05 19:19:03,10235,5492
16d59f99bcb1f7eb0fe0bb6a55451e5f244253e5,2012-01-05 17:47:57,10235,5492
c34a9fb69f9cac531f7865ed0ed6c743c15c9dcc,2011-12-20 16:11:00,10235,5492
adcd03c93efc140c44433b3fe4a6d563a251061d,2011-12-14 17:43:03,10218,5492
1df1b030c93ae6b452b0eec51781b8a29a7867e8,2011-12-14 16:58:18,10199,5492
ac822448489df3aa97ce896f3023d874ab36f12c,2011-12-13 17:32:17,10199,5492
989ec0eeaf5c94285a9ee89264c70af4f1ca17b2,2011-12-13 17:00:22,10182,5478
b4ff2c5777df6ac3b0942dc645cfde2d1ace62c8,2011-12-12 23:28:07,10106,5416
3e209072794363df84a17c4ec6133221e8be9f8f,2011-12-12 22:45:32,10096,5406
777ac90092cc2ad7f71ea4b3633ac0372df22f35,2011-12-12 22:44:49,10096,5406
2cf73787912d4eebfbdb5b9abfb386a80f534ce8,2011-12-12 22:44:49,10096,5406
34913f12894b53031456c5cbbcb7117a8d912bbc,2011-12-12 22:38:53,10115,5425
001fd99feff71509bd3227ac64ba3ca443dc931d,2011-12-12 21:04:24,10115,5425
65a6ae8c19e10cd3886a6696e6cf7739fa2bac82,2011-12-12 18:44:49,10115,5425
81129ad11c932897c2003144e8a2c76a5c613878,2011-12-12 13:27:12,9977,5327
128d664c1143d119922393fde342431c1523535e,2011-12-12 13:27:12,9976,5326
bb22be301a783b2e2ab58f7904231ffd8211766c,2011-12-12 13:27:11,9976,5326
88a8af955db647375411173c566a26ececc7118b,2011-12-12 13:27:07,9962,5312
75f413da0f346be3f4b08199c3b7966d2bd5442d,2011-12-12 13:25:53,9962,5312
5f3b88d19e223abfeec5278a79232a856cfefa67,2011-12-07 16:49:36,10158,5046
9d7b0dcc9d158fbbf9d7644243f67544ca324373,2011-12-07 08:18:39,10158,5046
e8d53313d87c2c23fe490fce7d762deb48692d69,2011-12-07 08:09:24,10158,5046
2c08152ba6d67815523a5ecff45b88e787ad449b,2011-11-18 20:54:42,10275,5128
0e8b874c3599e9314d7d0622a35b89465ce58deb,2011-11-18 16:00:52,10278,5128
16d06c4ac189507a7474682dabb0327182eb082b,2011-11-18 15:51:23,10275,5128
75a5dbcc2fb8a327c29c3691f516c06b9e7c5c86,2011-11-18 14:54:16,10324,5128
b2d040806394596964691dd3a21ddb0ed2b34fa9,2011-11-18 14:53:17,10308,5112
1cee13eb7804cf781e71b59ac7b3e1e4861b3e0e,2011-11-12 22:07:56,9537,5043
49c8460e8ae77eacb644a5d04fa17cf86ad1ab41,2011-11-12 14:00:29,9539,5043
bc5c51d1ece1ee45f94b056a0f5a1674d7e8cba9,2011-10-29 04:33:41,9635,5044
af689b44c827aa9d412fd6791f14d19a16ef53d4,2011-10-28 13:44:52,9384,4844
093a14ad1deaf87cf370d889b62251401c2decc6,2011-10-27 15:22:30,9380,4840
227d6a4283d1844fc5cf8e0ebb879bdf1a23c724,2011-10-27 15:22:08,9379,4840
41f685f6e01396936bb8cd98e7cca517e2c7d96b,2011-10-21 21:12:22,9379,4840
42d41995163f97a81bfc66ac448b0f141887b434,2011-10-21 21:12:22,9379,4840
9fb5b742105096fe0ab17addb110ae9d4b3e007f,2011-10-21 20:20:12,9379,4840
2583a27df497e72ec7a200b6aa707948e88fd166,2011-10-21 19:49:56,9379,4840
64549cb4f51f247e1ca3026ac6b7395717b1d2ab,2011-10-21 17:52:32,9337,4800
774cee152e110c134276f3d98e9a913a2992a4a6,2011-10-21 17:50:40,9337,4800
75ba69dacbcfee27aaf7d8e523b2b31d90d5c505,2011-10-21 17:06:27,9321,4798
7cc0921aeef88bd473c1af92bcd79d5777a7e3f4,2011-10-21 15:07:00,9259,4744
24b0c5adbc3f05b8f3356611329127c7ff6c9311,2011-10-21 15:07:00,9254,4739
131a8b1b5c5b3cd24197074e95c9eaf814d74433,2011-10-21 15:06:41,9247,4739
4917ab2fba921e8d3e62bb834b3fc2f97d0356eb,2011-10-21 15:00:40,9249,4739
cd534851758c3c06b2171edeef2c4716326d60e3,2011-10-20 23:15:20,9344,4800
61a05368ab5298171bc70209ef2c4f184643bfad,2011-10-20 20:19:37,9340,4799
93faccfa6d5f95749b508ed86c93e9a297eeb113,2011-10-20 18:04:48,9338,4799
94d35f98664ff35d233df933be74143a98245ce9,2011-10-14 21:16:33,9270,4769
948ddfa555cca195ad22fbe505a39765192fc63e,2011-10-14 20:16:57,9270,4769
cd856aa021aaf053ca4b99e56894822615458585,2011-10-14 19:18:53,9257,4769
898baf2cae9f24faa32b9713569335d9d79fd7a1,2011-10-14 19:02:51,9254,4769
7ab5ba669ad7ffa13c3a9890747d190ee06342fb,2011-10-14 14:24:15,9121,4769
2b8526b42b28d1a29a1a547ab999de747353fdef,2011-10-14 14:23:59,9121,4769
d808aa63513ff12b370187efd3f3041b247dbf34,2011-10-11 15:48:50,9109,4769
47a56c248e50a060be9dcc167490ee4db6f73b37,2011-10-10 01:32:32,9109,4769
4ecd5b1d0568029209d8574819f1535b4729bf74,2011-10-10 01:32:32,9109,4769
56e413590c9e9d7fc62311863295b779b55be071,2011-10-10 01:32:21,9109,4769
db60516ca9790a70210ac943bd34e666c6994840,2011-10-10 01:26:54,9058,4725
f7fdc9f13e348a760ca6ad3b068a66ce3773cb83,2011-10-06 00:21:56,8963,4663
0df4b6068fc1cb65e16027e86a88c6de6eee2c64,2011-10-06 00:21:56,8954,4653
600ef087fe9ca389790aa12251c7ed7e7c0f89cb,2011-10-06 00:21:56,8953,4653
bde480d1f7d236c9a0d7df6430bbf4ff58fcf693,2011-10-05 17:16:54,8946,4646
eadf7e824aa6d7ac3fc4329497791d43f72f3205,2011-10-05 15:46:50,8939,4639
ec2c48b8c3bbe9a569f2c08767632c138324392c,2011-09-30 20:21:45,8939,4639
7f523e3549e234cced22b75189a28e5dc2ad3208,2011-09-30 19:24:57,8939,4639
a0681085511d749e85846f54841f00ff872d699d,2011-09-30 19:11:26,8939,4639
0df5a960fbf463b169c4e085c529f1062b19c1f1,2011-09-30 19:02:32,8937,4639
72430159798983559a3ef1569c1d0524299ab04f,2011-09-30 18:51:59,8935,4639
7a2e2ed8f2cedf407a818ab27f3ef3818a35d672,2011-09-30 18:51:59,8935,4639
3e6d9333c095b514350bbddbce041008982b1494,2011-09-30 18:43:09,8934,4639
b948f968c494478da5dd18dcbae4f588a5a81eb5,2011-09-30 14:39:05,8866,4571
9edeb01435cba49f54e0b0fc484126ec81647526,2011-09-23 17:24:43,8804,4581
23cb822de3807404589706ead964f2ef0d759ec9,2011-09-23 17:11:21,8804,4581
0ca98d199953ad749a72d24e6254f89c6872a8d1,2011-09-23 15:27:34,8748,4527
d204c7d8e583520933ad7cba3a8e43651ea66cc8,2011-09-23 15:08:36,8748,4527
31d74d66d52295e1f23cf88b5c57afb8bc133946,2011-09-23 12:28:10,8748,4527
1738f3c815bb5ce24d8c55c0be5535415663e310,2011-09-23 11:59:54,8741,4520
996ca871a9677fed8cc0d62562e8f0c6ebd1054d,2011-09-23 11:36:39,8726,4520
8d43e19e5577420a042912efb01a8cffae5f5d1c,2011-09-23 11:23:49,8717,4513
0a77f64558c1f1bec91f139bfe3b371fa4a88865,2011-09-23 11:03:44,8684,4494
3a35ba9f57ed89c168079331bf6fa497b2ff7b06,2011-09-23 10:41:31,8675,4485
825e1f1590a49fb7557720bf53c4c5ad1503b2e6,2011-09-23 10:39:29,8669,4480
4661cefabca674e54de5d1ca6782000038eb7623,2011-09-23 10:23:49,8670,4480
522a53e3b5dcac0213b8189bcc474d168690da58,2011-09-23 10:13:41,8631,4468
b2cac53d8b4912eb9f2e485300899b5293c45782,2011-09-23 08:58:08,8629,4468
d18d814dd7e55e134bb3b06c43178e98b6db1760,2011-09-23 08:31:13,8629,4468
fd891e04fb938e05f9d624cd8d58a07b8661e111,2011-09-23 04:20:07,8629,4468
748332eb5d8d3003477de7b1089e7248e0f46040,2011-09-23 04:10:41,8630,4469
e526c86adb428f322b094bbc89ce283bb5d12c32,2011-09-23 04:07:45,8613,4453
f12e2e86c688155a2c47f638feeb54e3be8ee392,2011-09-15 15:42:11,8602,4446
487ab74da0ac3b7b9ab57eba3d7d5215007e349f,2011-09-11 12:45:02,8600,4446
e4339aff66da991a2ccb00f4cd962847a01ff4c3,2011-09-11 12:43:38,8599,4446
9c83611ba757e56f143e34d90a36217ac036d4cf,2011-09-07 13:10:37,8594,4446
3131601f2724814efc00718443db7a9ef1b7fb26,2011-09-07 12:52:17,8594,4446
ae781ac8181441eb9f8dbb37f1691cbcf0edb9f7,2011-09-07 05:22:50,8524,4446
d639d5eaefc237d79199dd745c4257cdaefd4063,2011-09-04 14:28:07,8524,4446
23cd662e438fd9a44c09c2ac75cccc4a6673858d,2011-09-03 17:04:48,8518,4446
cb6efaa5861f9f83f8232fed2da21edc5173bd4e,2011-09-03 16:19:57,8501,4429
bd9cf246b03dc6fd9f7782e69b53ee56d4601469,2011-09-03 16:11:22,8509,4437
ae6fd104b7905438d88430ca35a96ca4e324c197,2011-09-03 16:11:00,8509,4437
43c14dec9c2bd5d6b46f1b0e070eea2b92787cc7,2011-09-03 15:43:57,8509,4437
639b250e459dfadc0ad8162928f1b7c9dd3a169f,2011-09-03 14:58:56,8965,4437
37385ddb5b992769a0992ce26576b1992bee3bba,2011-09-03 14:56:25,8964,4436
5c85095e98bf9b101145d4a18af750502e7c81ed,2011-09-03 08:07:23,8962,4436
7c0d34603d8a836084527678b368c5fe7b6b8a43,2011-09-03 08:07:22,8962,4436
bafaa284a028436958f9419b72f541757448fb7d,2011-08-31 20:52:20,8962,4436
630c6341ee1afbe3b8e3840c8844f1ebd7e23238,2011-08-30 15:30:41,8686,4331
6ced9eb3854f447c62d067ae2574193e4e8e7ea8,2011-08-30 14:49:04,8642,4309
d00c04e334d6a229cde3780bc2954dd4a5c1b09d,2011-08-26 14:54:46,8645,4309
472a625a1eca8b157cbc531f59dd27dd99b62194,2011-08-26 14:42:17,8645,4309
d591a64862444e4c83932019be1267c6ec8acfe1,2011-08-26 13:55:22,8527,4273
e645aafa05758b337a2ae04e1a8b94493a392630,2011-08-26 03:03:59,8469,4232
74784558f5a53d8ce46a4ac693e1e464c9dc4d73,2011-08-24 21:11:28,8469,4232
eebc7d98a7ecafc11ac3e221c159169d9aab7d10,2011-08-24 20:18:25,8433,4218
3f7aee300bcb1f2014904cf9df8224ece92ad2a9,2011-08-24 20:02:10,8411,4197
d336c4a160c91542752a9833ce7964e02bf5a290,2011-08-24 13:41:00,8375,4171
6c912c4d2da0fd3c2b31c98342e84406f2fc53fb,2011-08-24 13:21:34,8375,4171
3f56e7038e8295e8a8793d605d7c377a7e95a4cf,2011-08-23 18:31:47,8352,4151
cbfaca481595fc7814b4a3c38aebe228fc9c0db2,2011-08-23 13:27:44,8351,4151
7e1a923d9c6df61a322ee0ba2ebc77f3256b0f65,2011-08-23 13:26:21,8351,4151
6b6ce9edf7eef4c9bb722bf4f69eb0f63e959ae3,2011-08-23 13:23:58,8340,4144
f71ebb444d7986795a55ed1cd32b703f571f130e,2011-08-20 07:18:05,8335,4144
eab19f82aa1f0e1ba175736a7462c65f53191b99,2011-08-16 12:32:06,8333,4144
cde225648190982caa6a9cc33aff70973fd28695,2011-08-16 00:06:52,8234,4060
e3653269d21d0b8f1c9af339361db139ee459ce4,2011-08-15 23:53:16,8245,4067
0a55c41f20637b768cf02e770e8770ab55c91752,2011-08-15 23:51:50,8245,4067
b2a370e0ca13ed74d167aad50cd7e5b6462afd9b,2011-08-15 23:50:38,8245,4067
fe01ae69d23219dd60001f8c46afa2372fcb7ccd,2011-08-15 23:35:40,8240,4067
ab7db5a5d09a494866dc08fbf3fd83d3b44c107f,2011-08-13 12:37:48,8229,4060
c0c9b69c4e0adf2360bdc82435970fb1eba28fd6,2011-08-12 21:10:41,8229,4060
7c78aa32a697abbdc5714f69e7cf2067695f288e,2011-08-12 21:07:04,8229,4060
9f3892808a9472f35435e221a9b55c6353832e9e,2011-08-12 14:02:52,8216,4047
75602b9fd3588869fff1091d2ad4cdf95bd4fc5f,2011-08-05 14:57:21,8216,4047
b08c6c6abe80c1e499bd9a5ae05275facb0ff543,2011-08-05 14:22:03,8167,4023
e0bbebcc00551e308be766c4b83aa015434c2d1f,2011-08-05 13:51:29,8156,4023
24cc278140354a329ae5f78f8aae5cc4170175fe,2011-07-30 03:30:25,8131,4023
e02613d83fcd990b81b1a4f266986357e478a214,2011-07-30 03:25:47,8132,4023
6cef27743fb1ccf1d815b8bad467fc7fca399094,2011-07-30 03:23:00,8125,4023
6c501ef80c594794f89cdcb36b7a25186d8df052,2011-07-30 03:00:23,8117,4023
8d95066d56a3347d94dfffdbfd68036fdf0c519f,2011-07-30 02:57:03,8117,4023
891badbcb6ca6843ea0b7aa523ffddd7eff564bc,2011-07-29 15:18:20,8117,4023
e0b139d0b19f31c4ed0977f277bc07e847b02ec3,2011-07-29 15:18:20,8117,4023
593acb1dde18886742a6f88ad0fa73bfe43cce29,2011-07-29 15:18:19,8119,4023
5ac36c469baa9245d7447cb315284ada46b5f1c1,2011-07-26 12:52:26,8119,4025
f81572663c4aa1414e6fd7051089b9788058fb9c,2011-07-26 07:58:51,8119,4025
0f7485fee5827a679ae969bd864c7d18d71157bd,2011-07-22 21:40:56,8127,4025
1ad401acaa9605b8ba1c381d04eed75be33f936e,2011-07-22 21:40:56,8127,4025
7859c4cd884e5d038a3c89b5fe4a3998c7dbf365,2011-07-22 21:40:56,8080,4025
6311a68bd682c0358091d296527d9f8109d28873,2011-07-22 21:17:24,8120,4065
b62330a76278d7d88dca089af21a4f5b654fefc9,2011-07-22 19:29:48,8080,4065
020625921adae884534608d76c11f65692e4bbec,2011-07-22 18:43:45,8079,4065
45334fb0e3557b6b03a9e5f5360aa42400675a90,2011-07-22 15:20:15,8033,4025
6cd951a59a2b2ed7de0aaed6fbbdfed431e9e9bd,2011-07-22 15:09:17,8034,4025
6d4252d677c164eae76d85f86ae8602921e4bcbb,2011-07-22 15:07:03,7928,4025
cd10ba2727ed66cc90621b4d2c72a50177028469,2011-07-21 21:32:19,7924,4025
56bb131c374101cd7e0d9558a795e0f648655a7b,2011-07-21 20:58:05,7924,4025
c8a271ebeb6e637fac00bdc89c8deeb8c635d2c6,2011-07-21 09:52:19,7920,4025
cfe406bfe011118b90cb13971f0d46143fd5e85a,2011-07-16 11:59:07,7907,4012
f5851f1d2d1d55439ac49071771246e0c76e87db,2011-07-15 20:43:57,7907,4012
489df1700c12787ec5dedc81091713eaef4720e1,2011-07-15 18:46:15,7887,3994
8c928584767c5dfd55996d6b27ab4d92d3c1224b,2011-07-15 03:56:39,7887,3994
81b74f6d5e047018b516f85bd534c6b11287af4a,2011-07-15 02:36:25,7887,3989
0ecaab3af608df0e1afdc05d97180accade108de,2011-07-14 09:48:51,7848,3950
1c91f7153568bd79314af2c3d4ce0700a3d74201,2011-07-14 05:44:34,7849,3950
dcad54d4ae6a474e71342c530e89937b9d16164e,2011-07-10 20:14:47,7837,3950
67b3790160ef409db59fbf9e108463e8d1947c2f,2011-07-10 20:13:15,7837,3950
ebb1306659dad6f1c84881fa201999f05257643c,2011-07-10 20:12:58,7828,3942
7db7ce8eea292605be29d99d6a7a3d39ac833361,2011-07-07 14:58:20,7826,3942
92bc0e81275a140284a02984bd907002c5109e78,2011-07-07 14:57:44,7826,3942
acf957c43c28ebcb54ac183bc7ae1d8dc284718d,2011-07-07 14:54:01,7825,3942
0362b9e77f8378ecd613c6ee8a2bb1a4b022f3c1,2011-07-06 15:01:25,7823,3942
f5f74e2c71f20c203b7e4ed8a5c80dc8e55c59c3,2011-07-01 15:52:43,7823,3942
d199e584f3f315177a6ce66deeffdb0198c73761,2011-06-30 19:52:20,7825,3942
f7a5b91b2330e373e1a050efb8f4bbec4c24c465,2011-06-30 19:45:04,7821,3942
ff3929eec1eb6c2c90303d3e294a44bb52750b18,2011-06-30 19:13:56,7817,3942
ff0910dc1fc75e64e7ec6dc2302308bfc856d98b,2011-06-30 19:02:43,7777,3902
791b70d73e95b68d76c2b635f79dae766d64abb8,2011-06-30 18:49:08,7776,3902
9050ecd512e2819ccfb805ae347f7e54a4dc2932,2011-06-30 18:23:34,7776,3902
e2add646285d593cf0b9846b616c1406d43dec05,2011-06-30 18:21:46,7770,3897
65e8d4f6de50732d8e1b84fc8a5304243c5e8f38,2011-06-30 16:58:54,7770,3897
054a807eeb40dc792070db5d07e7aab1af269093,2011-06-30 16:34:48,7743,3874
db11fca87c461c0ca90f62e2c84abc24b016be44,2011-06-30 14:33:49,7736,3872
4d843c9c2b0dde02d27857e9f6504dd78114e353,2011-06-30 05:35:39,7718,3869
86c0c59121efac67317e96fee100c6c01cc41501,2011-06-30 05:24:03,7715,3869
ce9ee130929ba4433390b1f564f08a472d7cd921,2011-06-30 05:16:30,7713,3869
dcdcb83baaca22964bdc8e76747cafa0c1bb87b3,2011-06-29 20:41:36,7713,3869
41bc6b4a2684c8a48b9ef4f4af9046a664eedc67,2011-06-29 20:12:00,7695,3851
5e86a99b23554d1a3b61e8422b301413df3728da,2011-06-29 19:03:17,7695,3851
036265cae2ad11d99ccc84d50ba0cc138d6d6294,2011-06-29 18:58:38,7544,3724
30c6dc561d229ce77fb4c4854aa01da96b30430f,2011-06-29 18:12:34,7531,3711
32dbcc0b47f8efcf7679616aa647ba6dc4f62360,2011-06-29 17:54:57,7531,3711
5be67595d7fc0ef768685be632aead0022a41e1f,2011-06-29 17:03:35,7528,3711
1ff1cc731a661addcd3c33d324c1fcb78c546607,2011-06-29 16:24:58,7521,3710
290d914f07f116609c3233e7edb4c82b0baa5495,2011-06-29 16:16:15,7516,3710
a51811de9ea56b3d90e53da7db8572e048a8ea9b,2011-06-28 18:44:47,7488,3691
98966791c5868f2c1f69ae74f49a105f44757e9a,2011-06-28 13:42:46,7481,3691
3695eaf302abd8da1b341529b53150710c74bf2c,2011-06-25 23:41:34,7481,3691
d64d13187b663ae4e8447c71ba2fcfe9d157c8ba,2011-06-24 21:43:58,7481,3691
476084af2510598057aca49aab4dc940f89d5f67,2011-06-24 14:50:24,7481,3691
7a1dbd40727ac18fdfe97b33a54f467ce6dbe083,2011-06-24 05:31:11,7461,3673
1d2e3bef00c97be357ddb2b26a95933ec52106b7,2011-06-24 05:03:29,7438,3651
35988dbd746fb9f26239141287b6803ad86b4ad0,2011-06-24 04:14:45,7437,3650
26ef20e192f8ff7ed3ed4f9e16b2b1e8782e7ff6,2011-06-20 07:12:39,7437,3650
f033d95228fb6ccb3b7de7ea88111b9ce5a3e583,2011-06-20 07:11:55,7437,3650
4e6fac4c2cc6af8d3cba4ae1cdf7cbf5da1b1e6d,2011-06-20 06:39:55,7414,3628
be74cebea773824957cff77ed82824e8cd397d20,2011-06-20 05:59:57,7413,3628
76bac64a2fe54cac45e85c87c86eddc11cc0d03e,2011-06-20 05:22:02,7413,3628
b992ab238b0c3fa15345fe8aa6d4195a3faf4e86,2011-06-20 04:41:03,7413,3628
54093c6721b4fa84328aefb6ee6148ebdc0005d2,2011-06-20 03:27:29,7394,3628
119a44b5a734737bfb7b9104a755b94a73f3e47c,2011-06-20 02:50:29,7386,3620
c2d19bff5f6fa938b3a3ad96e52a88027001dcf2,2011-06-20 01:40:37,7327,3571
ae79e5da077c61f6d33a5f56e36ce8c1283f4588,2011-06-20 01:19:40,7301,3545
cb037ae7d2577915eb883d795b8128a99cec74f8,2011-06-20 00:39:17,7299,3544
4e4f427c3736779e61ef63b6a7db30ccaae1d0ca,2011-06-20 00:31:11,7306,3544
a44bbd510704e553da7ffd5af9267bcb20cb3a55,2011-06-19 23:23:58,7304,3544
6fcbd29eac82b49475e6f0848792ecd68365181f,2011-06-17 15:39:07,7300,3544
2dcb1766c290902ca86d125ee74f5892d870e251,2011-06-17 15:39:06,7270,3544
28746ecf206808ac80a77b10143446ae979f0655,2011-06-15 15:38:21,7249,3524
6f018763371c7fa250ad1a1cb2ca3354e9f65eef,2011-06-15 06:25:32,7245,3524
cbba34c2b9abb112bb9bae269edb2c8ab01adf51,2011-06-09 14:52:29,7221,3506
b39a77e934ce8171eafca2124c23dae6896f3ff9,2011-06-09 14:52:10,7220,3506
79381dc9fce76900f1006db27904d1296cb1c5ff,2011-06-07 14:12:59,7204,3490
244b7e4eece155547b5a27922ece3a552dc9c7ba,2011-06-07 14:12:59,7265,3490
0238e681a83fc0e6cf876c571e7375018f2ff772,2011-06-07 13:10:45,7265,3490
e703662fd40fe43ec7af76266f1e897e9471a873,2011-05-23 18:34:34,7258,3483
73ee9b8f06d09df220e4c13accb816a2639ee47b,2011-05-23 17:33:15,7256,3481
fd6eba3228d404f1c96fd7e8603d19dd33abcd3d,2011-05-23 17:30:29,7063,3481
0216d4d7113613d582b2db33e6d398d8f1484138,2011-05-20 20:34:20,7050,3481
a2d5e5a1617f81b6f4b8193a67ba1d2e8f1b49dc,2011-05-20 19:54:37,7009,3444
23a71ec86f61672ee2c0a4648817c93594bccf5c,2011-05-20 19:29:22,7009,3444
3dacda3f718ce183e61a715b5d51035b96b23525,2011-05-20 19:06:21,6994,3444
dce60104206462000bf0f5deed1a8f6844d5cd93,2011-05-19 15:26:03,6984,3444
f0d15d91b20ddba40e9239254b8253a48a1b199d,2011-05-19 14:15:50,6984,3444
13d51e3120e67b2b8b0b4d550968235dc90defb9,2011-05-11 17:21:29,7235,3611
93753d5c4da6488cce82e5378997dc3f5478ceff,2011-04-20 18:46:51,7234,3611
5b44407a96943dd0675537134a294ac4ded1c91d,2011-04-20 18:45:30,7234,3611
5661429477711b97556646f1f241748c89e95991,2011-04-20 17:52:10,7211,3589
ad034bae9301c5e5b81f26243a47f96fc459d81a,2011-04-20 17:44:25,7209,3589
525b296802d375f350bf235cfdb28aa6dcb088ac,2011-04-20 17:38:07,7204,3584
12bc18d24d636fe0a8f7833b9b03be09e4f18b82,2011-04-20 17:37:57,7204,3584
7ff4120e8f9741b76c7e1c2d8c53234e1bc680b7,2011-04-20 15:56:49,7191,3584
3b1708240dbd904b715f5a8731cbadd02d8699e5,2011-04-20 15:56:43,7173,3566
484ddddc33964dfdc1571b4aa4fc943fcb7aee53,2011-04-08 18:10:05,7174,3566
435ecba019eea7e1d17f632cb4377b065db71259,2011-04-08 15:09:41,7172,3564
7003961daf851db6e722e76099be50ba72982032,2011-04-06 18:46:16,7144,3536
828eceb08a76171765f166352a7868c9d19c3d7e,2011-04-06 18:45:50,7144,3536
7267f4deaae48fec8555013aad405ad896f75c31,2011-04-06 17:12:56,7144,3536
8327d9279273c011a7f825b956b26fdbd119fac6,2011-04-06 17:11:25,7144,3536
c455f5e75db70a2bc04f895c5afb929733cf5e08,2011-04-06 15:24:19,7144,3536
37e5e5f527f1af08c11c029b039621609e0bb277,2011-04-06 14:55:51,7138,3536
f768cc20532b6a8c7881a4bed20cfe3043c1ab34,2011-04-06 14:55:36,7138,3536
4047d322969276f6c993ceb7bc6e6a3e7f0a77cd,2011-04-06 14:55:03,7104,3536
36fc5b20352b70bde0e6f2a6887963cf8088c6d1,2011-03-09 21:50:36,6881,3429
1738ea1dcaf65860c53088cc62ad7f0887e629ca,2011-03-09 20:26:10,6881,3429
91c2338578e50a718c8e615a58911d73b330801c,2011-03-09 19:37:45,6870,3424
338fc35300fd6841a464c13b185c2b35d2d157f0,2011-03-09 19:35:44,6868,3424
cf41b01c474fb2828ac2f82e1175fb1d874241bd,2011-03-09 19:22:28,6794,3352
9ec35a6d4cee91a0c5730fafcf9b8d420f16f200,2011-03-09 19:22:19,6794,3352
317c04bd446421dd57fc38673b1ba76686273666,2011-03-09 19:20:32,6794,3352
32f458a0fe7be24fac5dc94b5b11ec485cca703a,2011-01-31 13:53:33,6574,3189
249bf0aee67b68520c1ad38790db06f66727d2da,2011-01-31 13:52:30,6574,3189
1cdabfcccd7f8ffb8505b952c7cf333df8a1b73e,2011-01-31 13:50:30,6574,3189
0d395b64072d05aca0a95903facea2f161ac4ce4,2011-01-19 16:07:05,6574,3189
deff9cf5197a4a60ef0bba357cd7e1592b26a626,2011-01-19 16:05:55,6574,3189
208883dc39224169441b41a1b3741ee27fc88364,2010-12-30 15:53:43,6505,3150
8a3535d4375890267ac88f2b0a7c75e69e61cbe7,2010-12-29 05:12:47,6505,3150
69619120228b1a6e43d84edad80a5ef9eb01df20,2010-12-29 05:08:09,6505,3150
5eaadd2ceed193d7db4bcb2dc4f1c1d527d751a2,2010-12-15 21:56:55,6499,3150
a3bfeb1149ad97ad09079334c6fbb89cf8be111e,2010-12-14 16:00:21,6499,3150
e246cfbdcbd047f9ab5c5737c32b78fbc6319fab,2010-12-14 14:57:40,6497,3150
2226c020cef988e7946087c7a6e02b634a287e00,2010-12-14 14:56:26,6497,3150
6cbd3d5016f2cc6aa4bbd54a59d0ee0e175f1229,2010-11-23 18:58:07,6473,3133
edad85f0c79ad02d3c111d318e6dba8d6ca881a8,2010-11-23 16:35:54,6473,3133
9e3b5db682540240fd358dd088330773ccdd6092,2010-11-23 14:55:55,6491,3150
ffe66096d7c0611f4d224a027f50df0b9bf5b3d1,2010-11-22 16:54:27,6486,3150
35cdaa548d1b8439b73d5613153f9b7248bb3314,2010-11-12 19:28:40,6280,3162
fa7ee7caf4255c16ac52bbe28afd01c4d30fe0ec,2010-11-10 00:03:24,6279,3162
553df7920987f0fc7216ed36a474a44c5b34b957,2010-11-09 22:24:45,6279,3162
b255f3389e4710e51fc42edc891552e9681f6b7e,2010-11-09 22:23:04,6279,3162
001f67210e69d2130051cbabb552f078dafb3b9e,2010-10-26 16:07:18,6278,3162
1d775739924444419c73c54899eb87fab1a9c6ff,2010-10-26 16:05:48,6278,3162
8fdf01ab22b49ba1d2ffe559bddeb570d41f20a7,2010-10-26 16:05:42,6273,3157
ef7233d25700a7e69cebd2334b656fa9ca0ae927,2010-10-12 18:00:34,6270,3157
7a09892fced9f5597b1dbc8510a140f3f32af49c,2010-10-12 18:00:17,6290,3164
90cd609e845ec16c4051c4c8973d518a9d207fc6,2010-10-08 14:00:49,6291,3165
f9e592acacd0a41176305f545ad5d838a5f48779,2010-10-07 14:15:55,6272,3148
9135e4726cdd45594c84960ea2e0b482c46471c8,2010-10-07 14:15:31,6272,3148
5e4dcb4d79528c96979d5d0082ca75a218e882d8,2010-10-07 02:50:06,6272,3148
a9ac0f8608db7e296991489f99781bafe29efb8c,2010-10-06 02:00:30,6271,3148
50a196b4c777dd898399893d387994d836df37e9,2010-10-06 01:02:32,6266,3143
1fef4c302d076575a1ca9691e01eb96ee9262ebc,2010-10-06 00:40:08,6265,3143
05498d27d75a52d9298f0982e675b9240ca6d01e,2010-10-01 14:32:00,6252,3142
9e6afe4ff5b6b07bb1d50a4cb4bdd85feb1c9bbf,2010-08-19 14:43:25,6230,3127
6868ff952a61a80b30ebb61adf9ba75005bb9cb3,2010-08-18 15:13:55,6222,3121
4f85dd441bd5119ea0ab5406fbd9a713e289eb8d,2010-08-18 13:45:19,6221,3121
56d6b2402d553a505f29eaeb022d4a6900fda8fa,2010-08-17 20:16:19,6201,3101
bb2d3b018edf1e37bd9ceb293d5684814435804a,2010-08-17 19:58:48,6201,3101
15c6c9e83bcd4b76726f52ab4e4bc19148b03bef,2010-08-16 19:04:24,6190,3101
2cdeb39a514242df2fdc8a75e193dcecde5a74d5,2010-08-16 18:42:57,6191,3101
16a926efeb978d608f64b1a1c117d7b1304f742f,2010-08-16 18:42:18,6139,3073
32b9a28c1f553a5b55df40a9a880bfc2205c12d7,2010-08-10 03:48:47,6140,3074
00c0daf42be72c80602aac13c976f74ae1f19160,2010-08-06 01:18:29,6140,3074
ba6975085fb2aa516bf819ede6528658aaa1a111,2010-08-01 18:50:04,6104,3045
b5aea8b1371ea9104abdcbbd9ede946a9c9cc563,2010-07-29 03:15:08,6109,3049
b8aee5f720780979cebed9929c4dc3000111c290,2010-07-29 01:00:27,6109,3049
85c65d3d9d7a7cac283b6694902bfcbfac1cf07d,2010-07-28 03:11:16,6066,3049
9223a917a821731986603e89a9b2e4d1a4fdd68a,2010-07-23 02:56:24,6064,3046
9da8f322f57cb68d5a29627c467e4f64edd1c5a5,2010-07-23 00:32:05,6055,3046
12745c45ef685fb896f10abda83e26a424cd8a61,2010-07-23 00:04:28,6012,3046
88b616e1099231c4422109310984799ad696f78b,2010-07-21 23:46:21,6006,3046
9d225cf6d0b26cb31ea84b152a7b844a83008f5d,2010-07-21 00:16:22,6005,3046
eb30f10e07d3a18808eda363f060c90635f143e4,2010-07-11 18:44:26,5650,3046
adf3e2af394b71268014810092462621a803db79,2010-07-11 18:43:12,5738,3107
ae9d7e91b4125b51904c83deb0fa7c0013de5bea,2010-07-01 14:57:51,5570,3005
44b02facc3ca42b488b7e52397ea5d307593fa22,2010-07-01 13:57:48,5559,2995
71500168e41e4f8a3e921a6de602603e01098a95,2010-06-29 21:25:56,5559,2995
3b3f8eaea1941104a0c35bcde1c24d7f6dd528b9,2010-06-18 04:00:32,5556,2995
e7410db7e089b5ca9a84b5443f1f216e8c10ece8,2010-06-16 11:45:45,5553,2994
3de4cd14415682954f39232f94f71803afc48a34,2010-06-10 14:43:03,5553,2994
17f1dbfa9b2214e07e8d57b59945bdecc32491f4,2010-06-09 13:55:40,5553,2994
c4ca01d2d5d5a5d1b111daf88cc6be60d5c51d5b,2010-06-09 13:50:17,5551,2994
1bcfc14388d0651c5fc70ab9ca3511144c698903,2010-06-08 18:12:07,5551,2994
a3f7b1bfe45fac0900097278a7a74c5e52fdcb72,2010-06-08 14:46:19,5551,2994
bd45c4f3c29dfa9d2baa67bb1c8e767949f033e5,2010-06-08 13:58:55,5551,2994
7bd613a46dc454c8541972983beea95038c7eb2b,2010-06-08 13:24:45,5559,2994
bf33af34fa33c220aedef2fe7b28d061adef6b03,2010-06-08 13:23:16,5559,2994
20e9559acf9538a41220e19e9b017d011f32db0f,2010-06-07 20:38:03,5555,2994
3f1390a6d05782bf4130e539873350ed408be5a8,2010-06-07 19:58:21,5545,2988
ecd369df45d0595faeb2dc4b0a1334c4bff34dad,2010-06-07 19:56:20,5546,2988
44124a5f8d6bed5e0a95fab98b91368fb3a5bfa2,2010-06-07 18:36:54,5525,2974
a4d1b0ebb3fea21fbaeddd11f9e09f0e894077e9,2010-05-01 01:08:30,5444,2974
724cc7e1a2b035b2f9c35c8a17adfc5383746deb,2010-05-01 00:13:28,5444,2974
b65ea246b73274205a307299524e6814d2256d0f,2010-04-29 21:11:18,5409,2966
95fc7b6ae8286f56a04316eb1d3a0bfbd3fe0129,2010-04-29 21:10:46,5409,2966
9283b5ef0bc90ad2f710586d0f2df40b501c7136,2010-04-27 20:27:22,5387,2944
21802b39623595d8f64c856b30eb88b1dbb1ae53,2010-04-27 20:27:00,5387,2944
eefaa9ce4c9423de6aa7ca4e77cbbb635f013028,2010-04-27 14:59:16,5390,2952
35a37dae7dd9af564038195d2885f9719822931f,2010-04-26 21:20:32,5437,2952
8c7c1e8903c7b999e2d6690da1d081eed943cc12,2010-04-26 21:14:07,5438,2953
488ffd25f9d27ba3759408043bd1b2f03beb6199,2010-04-26 20:54:40,5435,2953
d8f45ee06efbe931fcfa0431b7921ba9c287a7ef,2010-04-26 20:54:39,5438,2943
9b9b944fe7c60a089f8e78af9be0e91cf29083a8,2010-04-26 20:54:39,5391,2936
9cd1f8e11ab5de3ce68c7f0c78d1890f43b61196,2010-04-26 20:54:39,5395,2940
3f2b0c0e0d564d74f4ce18b432997be31bb745b0,2010-04-26 20:54:39,5390,2940
933dc7bd14b25832dcdbf5d359647f78e6685da7,2010-04-26 20:54:39,5388,2940
4c6cf394d3c0a891adb9c5235c11ef5babcf8893,2010-03-17 13:59:08,5396,2948
280a85a6cf7a5bc0581c26d724625866e306b3b9,2010-03-17 13:45:11,5330,2948
ae97ec661ff659659c0d64e66961a5f043157dab,2010-03-08 04:56:20,5294,2916
51637fe940a911a6ea1b3dee8172cdb90cb62012,2009-12-31 19:45:52,5285,2908
91b30cd2f84aa0416bff123cd63870277f5fbc07,2009-12-18 14:03:34,5385,2943
7a42e6517c8c54805412fa7b2e05f8cb83f3cb84,2009-12-18 13:27:50,5386,2944
808d295086a8d363e69daed1f57449164c0232e4,2009-12-01 14:59:07,5168,2804
3f93828790dc64a7d923bff58b92d3ea471c0dba,2009-12-01 14:41:43,5137,2777
1926744e9f3bce4e1f336fb08ebf1b27ec9868b7,2009-11-30 15:12:13,5137,2777
c64223c60dd7b0c4c4bc218de906061a6563a5a8,2009-11-04 23:58:47,5137,2781
68286d689d956abe17f77e9e5b7c9537e8530bbc,2009-10-09 16:11:13,5129,2774
c7b84adc48c5d3724b6c6ea3b35efff19576762d,2009-10-09 15:54:40,5114,2774
d6ebd321c801e88a173dd5f929db36db05373893,2009-09-08 20:44:29,5085,2746
836f44e6e5fce47ef113b89d1c271feaec2adcc5,2009-09-03 17:21:53,5057,2719
af7a99c5f0105a00cd3da88defad1369def0317a,2009-09-03 16:30:07,5057,2719
a05fb27d749300626c9fd7f5f0acf7b177d720b8,2009-08-25 20:07:04,5056,2718
98b90bc47f012ab04aa9d0de9d475641cd5fbe83,2009-08-24 18:37:03,5055,2718
4beeb7a77834ef487f4976c892c29c45ddb55a9d,2009-08-21 20:36:01,5001,2718
7ccefc249ec4b611beaa3cd4d595f786508cdd59,2009-08-21 20:35:18,5001,2718
4f9ffb856be76fcc2cc085c919f2fd472593291a,2009-08-10 13:40:57,4994,2714
a6095d0cd9d005615251f5f8fd4d0f5c3571aeb5,2009-08-10 13:39:22,4972,2698
b8c85cdf07ac4e371f39d5362af5589d69c3da6c,2009-08-06 20:57:23,4972,2698
98eff60d424079363b00c589b312ae578d8b142b,2009-08-04 14:11:57,4955,2683
ac86bb9dfbe3ed8dabe2f76cd4a3199966a1899f,2009-07-30 18:58:30,4942,2674
80d699ca144c773c239a436a8bd562b71a78f18f,2009-07-09 15:42:21,4929,2659
2826cdb751f30cbd5614f9abe9863ce51eb81350,2009-07-09 15:42:16,4916,2647
121609fab38f2aba5ac3cbe0d6b26fd664ee3090,2009-06-18 14:10:25,4876,2609
02ae1e449a7579252a2702d36e67f08ab6fcf602,2009-06-18 14:08:22,4876,2609
f748f4f610773db154feaea2be788df428b4e6cc,2009-06-10 14:45:44,4878,2609
1b87ec0d9876f3e8c6a98a9d654dcf95dfc61ae3,2009-05-15 15:17:23,4878,2609
6d792fdf0e17e2bdcf9d51429587f2f0014687cf,2009-05-15 13:17:46,4875,2609
738d7fa65c57ea6d71892bc0cbabbc99696cc572,2009-05-15 00:30:20,4861,2609
db147cf534fae536367c0522b27c5b97bb175053,2009-05-15 00:28:09,4861,2609
26497208f5ee229f8c25641d329dec5c471e3a7a,2009-05-15 00:25:09,4861,2609
93b116ef2f3e78cc3d431eb9a6279f29ee8a68c7,2009-05-12 03:49:46,4860,2609
0358216871ad2660080edeb87e8f65161b7cd11c,2009-05-11 04:32:16,4860,2609
65fb9268aec1f2f82e19e8ac488b1f76a1b01c37,2009-05-11 04:21:25,4859,2609
93073d5f88ed37f065f8ed19ea49736290c904c4,2009-05-11 03:05:23,4845,2595
f47a4b5a5c160641e582c306460294a5d01281eb,2009-05-10 23:08:19,4842,2592
037db6844ec8ce92c6ef382ed3d25a4d50f9c80e,2009-05-10 22:27:17,4836,2592
8ebeb704e4acbbe7c6ab22ab5c890d0e95133614,2009-05-10 22:23:18,4832,2588
6539e5401e7f625d99c43a375915a3a37e5c2ad5,2009-05-10 22:07:34,4832,2588
f2e0e6986a1ed9c6eeaa090ba65cc574fa5457a2,2009-05-10 22:06:01,4783,2588
5730418b72f7763ccb59237ac8012782b36bd7bf,2009-05-10 20:40:29,4783,2588
1d756110a20417011baa6fe9ef5e97cf28b9730f,2009-05-10 20:38:17,4783,2588
634864d711b5cb66804693a218c4fa00b627cc1e,2009-05-10 19:35:59,4765,2574
af1ae004975bc07883c9b0fdb0bd54632019cdc5,2009-05-10 18:52:21,4755,2566
81704d1d40b111921124ec627bcaad2ed036b809,2009-05-08 19:08:24,4746,2557
3eb7844cfafba07408ac430ffd5dbc4fb6eb5c20,2009-05-08 18:33:59,4715,2526
7661c3172b6dd208ea6e7415f556de16ab090efb,2009-05-08 18:04:13,4683,2506
0f47993cc129a68921ee230b1cfb818ef4ee71d8,2009-05-08 18:03:39,4683,2506
04140e5a9fe929379af23e800673b0f010e96249,2009-05-08 16:57:20,4672,2498
1ef75b0bcdadaeb2add2f99b200411b2d2c04369,2009-05-08 16:28:04,4664,2498
2747087c288078753c5a94a7dfcd46c3eba6ca1d,2009-05-08 16:17:42,4664,2498
c7b802cbfe0ad99052e83b7008257e7e60549b2b,2009-05-07 18:45:54,4662,2498
acc8f75473113fce4d116524ff41361b01c1dbc6,2009-05-06 22:40:51,4656,2498
4fc132f0cfacdc1389bba1d14883bd601b1a33f9,2009-05-06 21:46:52,4656,2498
f22d78f31c4cd32a9388695ae438b5a22149e871,2009-05-06 16:34:27,4582,2448
ea5f6ac0204e0020a856eaaa4d3cc5cee2e0b3ab,2009-04-02 18:39:17,4468,2369
a1b39cc65e1436ed0e9d3079c46febfd7a7486fc,2009-03-17 19:07:02,4468,2369
d75a5db71272c18ddb8a6b5128205a055381c805,2009-03-12 19:17:08,4491,2373
2db00be2e137c1fd8d69c35dd3e56ada28c511b1,2009-03-12 19:13:48,4491,2373
f44ede70f849acf3ae3403cc1d5e1439fa0fac91,2009-02-27 03:44:48,4466,2368
5318f7dc8bcef6ed1cbf0333e68e3f21345d384b,2009-02-22 23:39:35,4466,2368
ec09660ba52740f3c1d4a47d46e14b9ee2e97b67,2009-02-22 19:31:15,4463,2368
723618a2678a86395868be1a80393cacc56f1017,2009-02-22 19:24:21,4441,2345
53ff5f9fa136b7c4765fd18d5e47d75069aebd81,2009-02-17 21:37:40,4377,2296
09767ab19862f4105c504196ab1c64d7fd9cc26c,2009-02-17 21:36:52,4377,2296
28a83058f2816a4d924d7a4dc1b681ef00c41a1c,2009-02-13 15:11:24,4415,2327
832298b6d477027fbdbae53bf9d92d68accf5411,2009-02-13 14:59:25,4415,2327
093f21930b627c24cf761aa2e06301a9da9d6180,2009-02-12 04:11:09,4415,2327
10c79b22ac856064d28131d1386235eda0db849e,2009-02-12 04:01:38,4415,2327
b51930ea3d95e2be6fda65a3d59f79fc3b79419b,2009-02-11 22:03:48,4415,2327
552e0b093b8cf972248a487aead72f058ad1c43c,2009-02-10 03:32:56,4415,2327
4dccd53ae6fc0fb62ba09b32193a800a4617af05,2009-02-10 03:29:57,4415,2327
3f5516ce882c9562f075065d870273a8fdc49f18,2009-02-08 23:19:17,4402,2315
2fda5b1069c368d81954d2c3dc2589a7e1a94288,2009-02-08 23:19:09,4402,2315
35b912ace53cf3e5c3cbea248e9f968e2c269aa9,2009-02-08 23:14:34,4396,2310
044f00eccba1c3314e904a2adcf293ba72b56a3d,2009-02-08 23:14:17,4352,2268
87783829b497984ed81537d6814f0bcda1f06922,2009-02-08 23:05:53,4336,2255
09657d1c3962fe816fa17781f4437ea90b699abe,2009-02-08 19:26:20,4298,2224
7de5e65f57708416880c6fd6cb7a2679184b6157,2009-02-08 19:21:22,4299,2224
a154479e2d29c3f6bca1fb73719a2e0a98833fbe,2009-02-08 05:14:58,4282,2208
20bf50d0a89bb8f2780e548ab6ea2fa4b775f88e,2009-02-08 05:13:22,4282,2208
9dd008d95842385d68b1009d2b8966bc18ae4377,2009-02-08 05:12:17,4318,2244
54a18162974afd96295be29d9fabf542c74d4e93,2009-02-08 05:02:09,4318,2244
86d0ecdf7ccfd75aac77d69a57c1425205e1bf7a,2009-02-08 04:58:44,4318,2244
1f6292adb2efc6d5e0843fabd73066a6deb94435,2009-02-08 04:46:41,4331,2244
f4834d66871c3b3c8144397c7bf4d3e8b62b7bee,2009-02-08 04:31:50,4331,2244
f78528a76e5f787555a2eee64b2bab3fd2a846fe,2009-02-08 04:27:06,4333,2244
9e73929c0717232a2067835da66c3ac4d378ef32,2009-02-08 02:28:02,4244,2194
28242594d30995adc63454a1a141020ad0fd06da,2009-02-08 02:19:23,4270,2194
4793daab83734dc019b1875642bdae01d14c01f9,2009-02-08 02:18:55,4173,2164
b3770534960cf7a946116cfcdf2471631043208e,2009-02-07 23:27:43,4159,2156
ba91710a82b813d0b23c038817943f847f893272,2009-02-07 20:02:45,4014,2095
bbd6d063c3bc0e70322e2d25307b9ec57ad00298,2009-02-07 19:15:55,4010,2095
a23c21e943aae1b46e7dbed3ffc9fcdd1f5d2fe6,2009-02-03 15:38:44,4014,2099
4a05a8a59d7324e072906602dc3f84ff1c8bcd72,2009-02-01 23:37:58,4007,2095
ca481b4a12afcde418aacf500532118f12cc208c,2009-02-01 23:35:46,4006,2095
9e71b211c762786f5cd09142efee33c2442049bc,2009-01-23 21:10:52,4006,2095
f07487f62c8f9f1c212db2e49ea64f01afead94e,2009-01-23 14:29:57,3989,2084
56477408d78dd8c935da954b846d91edc69a4bd0,2009-01-19 15:31:39,3988,2084
75d10b91c8492c51961178714701d3dc9460bc27,2009-01-13 14:22:35,3967,2066
cced76cf1026813797042455b5914a57cdbc5c28,2009-01-13 04:26:32,3983,2066
5ec90a563e8652d8d4030b30b3bd1176b977af35,2009-01-11 16:32:26,3967,2066
06f9b99e5f00627b7fe1377db0dc996a3eada655,2009-01-08 19:50:16,3967,2066
8a43c13eb8f0749c3306793bf31eaf095d8bc714,2009-01-08 15:00:40,3934,2033
bc1af0cdf5716bf08ac79dcd2f9d9c10c3cbc398,2009-01-08 15:00:25,3933,2032
49221b6a6c66b6e1c7d0ce7f21072f1574727793,2009-01-07 20:04:56,3946,2032
c77039524ff197837653a9ef8f84d6414eb8eda1,2009-01-07 14:23:56,3946,2032
c9205f4fe6a1c12e1ae39c93ae4c2ba1be2dc23d,2009-01-04 05:27:23,3946,2032
701abb01d20921c7f60f19b2dd7015c37bbe87fc,2009-01-04 01:47:16,3943,2032
84f0d614f18d2a632bf7e55569eeff5ef6fa81e4,2008-12-30 19:10:37,3887,1996
04a9a83161544437a12175477e37e681fcbc4dd0,2008-12-30 19:10:07,3887,1996
c2c832d98709fde397861915a7a17e76cf2a38f4,2008-12-30 19:09:20,3874,1985
5a4320710ae69924048a9a7158ae1be2e6e0dc28,2008-12-30 17:56:23,3859,1970
826c4e6e6d3c1bbadfcae4933f73b8aff5d1e9f3,2008-12-30 17:54:33,3859,1970
3cc7ab7d079a5091ab1d4cb09973f358a7856e2c,2008-12-30 17:01:16,3840,1951
9908421dc4f69e06b39ed18dde6409fd596f2b34,2008-12-30 16:22:33,3836,1950
211e9883702427017d18a82f42358c11bd10c07c,2008-12-30 15:11:03,3829,1950
7480516a97ab6bfcc150b90a4a175b20399e1b86,2008-12-30 03:39:57,3792,1918
7212775a09d75602028da1437f2d27528b2744cb,2008-12-30 03:38:09,3790,1918
761decf70fa2abf7e3edfd8d707552e34818e452,2008-12-30 03:34:26,3651,1918
e345764ed441e98e2c9522cada01ed1bd9c1dc28,2008-12-29 22:54:45,3627,1894
9324ba89f3b0091be2796c6365457a248f889773,2008-12-29 21:48:55,3583,1894
b8506d367f5c379f07f1adb90d869ac1095261fd,2008-12-29 15:13:19,3535,1854
1d023306800d8cd77c439c931f3b009f0bb572ee,2008-12-24 19:27:57,3501,1854
f1118c6bb4f6a1737589e24a9ab206512bbc9f3e,2008-12-24 18:23:51,3455,1814
5a73130219d80b183538d781628a1465b972b5e3,2008-12-24 16:20:02,3421,1800
06a5d7765788ed276370f335b1596a173c2ed56f,2008-12-23 22:40:46,3394,1778
dfb603d1e357dea1a66dd5abed45303767196978,2008-12-23 22:39:18,3391,1775
96c800e429fd6d06fae143348f4cf159ee06c254,2008-12-23 22:32:57,3352,1736
f79a822fab74a1b1c6d8c6b1ba294b78a0978529,2008-12-23 21:53:12,3345,1732
ee70992b689b626d4eb9b9973c7e56d3de34af5b,2008-12-23 17:10:45,3339,1737
9dc9f71f99c56a0f06178fa0a8a1b79b4152608f,2008-12-18 10:50:57,3335,1733
18c0246c11c51dafa77b6367ddaf730684d0e752,2008-12-15 20:43:14,3271,1680
ceab018b25220959dd1564e1170611be4444e1ed,2008-12-12 17:33:12,3269,1678
17a03b28204034e0fff6fa0815b3b78d493c8e70,2008-12-12 16:39:24,3267,1676
e8518e0e2fb29e1d99fb4562fb50b4abd4beb919,2008-12-12 14:16:14,3205,1676
e8f45902db97e3c1b80edb8e35ae82ecc63d0c07,2008-12-11 20:08:34,3165,1676
4c64f655461fe611f0ec0095f3eecec7fcadca27,2008-12-11 03:43:09,3146,1657
0e1c085e95af72125f52dee44c94ad6cda53bfb7,2008-12-10 22:27:48,3146,1657
30ebb746e45414b72d5aafb54a152b176ddd057c,2008-12-10 22:24:38,3146,1657
0f4be8ac8904c7212b399fc0546321d2804da21d,2008-12-10 22:09:48,3102,1657
c72812fb8a369bfa09f4c94a49f06f3b165f5904,2008-12-10 21:11:21,3070,1629
9c510875813ec40186a7210b8e2dd1ed2873f8b0,2008-12-10 20:31:37,3005,1569
8fce8150c9c2abf3f8ce024a531a8ed5b837de8b,2008-12-05 14:16:23,2983,1550
5eff51c5207dd8eadeec36c3370388bf0e682da4,2008-12-02 15:10:42,2982,1550
06ee1b3f3aa93e4e2343f2bea186814238ee18c9,2008-12-01 16:35:00,2983,1550
7ee9dfcaf82accad4949e781b723dbf0bfc78edc,2008-12-01 16:32:48,2977,1544
93f4f3cdc4a4d3ee40df74d6235d2cf899c92c1c,2008-11-30 21:01:21,2977,1544
c751827ddc2eb029484709133051ac391a87b615,2008-11-25 15:58:13,2976,1544
d0581b382c9c37bdf9b4502f4ae4ed67f6a312b3,2008-11-25 15:54:04,2977,1545
6c8c8c1fc1d01176bf0cfc63c3858116b4e1d3df,2008-11-25 04:49:33,2976,1544
cd02525e96f9023706f459f920d84f970e47c3f5,2008-11-25 04:47:21,2976,1544
b48cea76ef527d159df9247b1f81c7fb0fa62dee,2008-11-17 02:16:13,2977,1537
d92be0d894545a447728186e5f7141f32adcb883,2008-11-16 19:10:07,2961,1537
0a1187e3e3823a1c6657544f569292405629aaad,2008-11-14 22:45:31,2950,1537
5751624c7f18396fbb8d81cab167544ff3283fb8,2008-11-14 20:49:29,2945,1533
aebbb7c485906680b353fb200693dedd8324c004,2008-11-12 15:57:44,2931,1519
f756dd1de21da99948078f323d1c59a98f9d638d,2008-11-07 15:21:12,2931,1519
0059b8cf4fbe461c01ddfcc98e530a00e9b7672f,2008-11-07 15:17:13,2931,1519
081b888838ee724abf835e9f586af7432f6e6313,2008-11-06 20:47:55,2931,1519
7874cfdd4e8b5fa4b190ddd899a70eee051f25f2,2008-11-06 15:34:38,2930,1519
94eb2916da5ed6e1d1bf548e47466e665e879e1b,2008-11-05 22:25:38,2953,1542
7d29d06d48829f93563ffdeb34ca834943ba16b2,2008-11-05 21:32:14,2954,1543
ff6e8485a463dc980c586e101b330399a9051031,2008-11-05 21:04:40,2954,1543
567657cbd6dfa49e931e81ee105a2f5599af3600,2008-10-15 20:22:37,2946,1543
339326dea09ab87c887d0ec9163030d07f6bf32a,2008-10-15 20:22:14,2946,1543
0d88f76403bf5ffca80577e170e6fb188e690205,2008-10-14 16:00:47,2946,1543
4bc50bda1df51d839e86176e794d4f234342a2f5,2008-10-14 14:46:18,2869,1486
7c598fbe61d696e0d0a2c1d8131fc601495ac37a,2008-09-12 21:13:14,2869,1486
ce2f389a7539b2501557f57fab6536a9cc79cb88,2008-09-12 21:04:02,2866,1486
457c0cd516125feab6c5121af28825cba53521d7,2008-09-12 20:21:53,2847,1467
2d729bcc46ac6e987c5758a1ff6bd0886bca3816,2008-09-12 18:28:24,2711,1356
fd2333e78ea8a57d0d84ce921740b0ba17edcfa3,2008-09-12 18:27:52,2708,1356
08d9b749e5a95dd5474a130bcd0c294fdfd3d4dc,2008-09-08 12:46:55,2699,1356
a1adaf31ff4644f1a6f1678425edaecf38266a61,2008-09-05 05:14:31,2699,1356
8164a6fea54664723ed65283674c7b0ca4f82669,2008-08-26 01:49:40,2666,1324
7af82d257bc7a7919e82b4eaf8ac8cd4118a28ad,2008-08-25 13:53:28,2666,1324
3b8ed8df58a5e80ad590d732ce3f4c002dce6646,2008-08-21 16:59:44,2666,1324
715ff88ac856b1561e63eafa08a3ddce85d3c514,2008-08-21 15:08:35,2662,1324
2a1583617b1132c4486b665a038e6ae185fe16e4,2008-08-21 15:02:32,2655,1333
978b1e9801a02f90e0576501ff7dab98ed7e4249,2008-08-13 21:58:27,2655,1333
f4a11e1c53477920cfba12f743e191e48eff96c7,2008-08-13 20:59:59,2638,1316
0c0867d4b518f64355d6bc397a320d8b137f69bf,2008-08-04 20:19:55,2638,1316
2e92d879610f4d744dedb1b8fdc596bca35ee108,2008-08-04 20:19:35,2636,1316
fb2384d3d4ad8b12c85b2f86788dca42719fb368,2008-08-04 18:33:09,2604,1316
9421f2d3a87b3d74ed8615e75bb2a4e202ea6632,2008-08-01 21:18:48,2652,1316
87d700dd354a271f626ecd0ac9d0dcccaf3bf557,2008-08-01 13:10:30,2636,1300
071dc5985b9a86fe09a9300ce73c5cad7c9889b1,2008-08-01 12:34:41,2636,1300
009aba0b6d074ee122b9e847fe3b0d7effc0c99d,2008-08-01 12:30:21,2621,1285
491e9f59d6aca9f73091e08298dc9654f176f7ba,2008-08-01 12:30:14,2621,1285
cae3a9f56ff7d79ec1410edc43f787a4d9a28b54,2008-08-01 12:11:57,2600,1270
cad5e7f8133158758c40265bce72b18314abe015,2008-08-01 12:03:44,2600,1270
ffb0e01b8565b8b9104c2781398407e492624a26,2008-08-01 12:01:17,2600,1270
71adf38c76931c736662bbf368b24a655c778cdf,2008-08-01 11:06:31,2595,1270
ce598d61cf68137f6eb58a1469f9a9a20fdf179e,2008-08-01 10:52:28,2595,1270
27727359d67a0b886a41fcac4badfffbaacc0393,2008-07-03 00:04:31,2481,1244
8697826a97d50e401611ccc726f6c31ab1a44794,2008-07-02 22:59:35,2474,1237
293afb05c2a299a11087753110341177e3347411,2008-07-02 22:40:32,2468,1237
429c78cec46f2cf1cd12bce04ce573f2d67f62fc,2008-07-02 22:35:48,2468,1237
311732b3b4f8ab4985506e7e2c03af7d57893ff2,2008-06-09 18:21:01,2461,1236
14fb769806084f77b23e795e82867694b158d5a0,2008-06-09 09:50:32,2461,1236
edfff2fb48efd52ca0430c932deb293f3f53befe,2008-06-03 23:06:56,2434,1209
cf3a735fe92d34f57d360325d12f85e83191b689,2008-06-03 23:06:06,2386,1209
91272d8767743419ac27dbc38893806a9de7470d,2008-05-23 14:24:09,2380,1202
5fdf96400afaa734735fd095919962c1fcb9bcca,2008-05-15 19:09:14,2357,1180
f1bf873f67646aef10c54c8ea0cc95d926beb7f6,2008-05-13 20:15:22,2315,1180
25628d1307be31ae78d2e76f7f8e07425c6524f5,2008-05-13 17:50:35,2315,1180
4e9acd69ef832d42df7d921b00843182d8883fc4,2008-05-13 17:23:48,2284,1149
7832694f2c6dbe50567df805b4f6b9f71868a08c,2008-05-13 17:04:55,2268,1149
d177c8f838458348a9f4d1fe41918c5bd99a989c,2008-05-07 20:55:45,2267,1149
7dd35f582260658ef44464142d3887a7f649ada0,2008-05-07 17:40:53,2215,1103
c40d947e98fbb11c322a4db875ed4accd16c3947,2008-05-07 17:36:31,2215,1103
1b099cda9e7ca67715dee7023ea3f9f7ab489dc1,2008-05-05 20:58:59,2214,1103
69525425d37d75d4c7330d25558def1604107a3b,2008-05-05 02:38:28,2214,1103
be890c983b06828914f8641d1774dd960a1d3c5f,2008-05-03 00:51:39,2217,1106
3d745db9466868b5b8032070bd7ec953ffd8f9c7,2008-05-02 22:57:25,2215,1104
044acfcd9ba187f1b17bc7ebabec6681477f79c3,2008-05-02 20:34:39,2189,1086
5bbafae09788d25a85fbfecf57791480a9dd0754,2008-05-01 14:36:35,2165,1083
8dd016dd59686d385304d54d99ebfc06e1dcfc6d,2008-04-30 03:31:29,2166,1084
066c1069dcfcbaed3ad45587eb0e80274aab759c,2008-04-30 03:15:39,2156,1074
dbd63a2969ba430746b47f32ac2ce947368986df,2008-04-30 02:52:16,2145,1067
f0cd9ea4a8a18fcfc83599d821813d8e25ff5777,2008-04-23 12:24:08,2138,1065
87bd86ccb38fa5bb28f09a8908121718e2c432fb,2008-04-22 16:00:30,2138,1065
22b4c0c29fc6d832e97c597c143dacb60e0dc85e,2008-04-18 16:08:54,2125,1048
77e91c07d9eed421ae62d17b4e939614a477ee55,2008-04-18 16:08:46,2084,1030
b3703a1941130bc888d9e53994f7a8d44ee2edc2,2008-04-18 16:08:39,2086,1030
6f1c5f4014135e11cbb83011f63fcee5fc05fe86,2008-04-18 16:08:33,2058,1030
96dc32b2b4d1dadc936217f7367e44bccb00b0b6,2008-04-17 14:06:09,2057,1030
61d8253b48d7ac377b50e7edae8e80f59d05017f,2008-04-16 22:09:33,2039,1014
cc9702461bea11a4a57b8e264fa5ac9bb81731bf,2008-04-16 13:25:55,2039,1014
36e6d0742a4ef14e75d236a86eead2f657727d09,2008-04-16 13:25:51,2015,1014
03e325bf91a28af55a62036321c04b161437fe77,2008-04-16 13:25:47,1999,1014
8cdc876aab4d3673571f4835af27586177faf573,2008-04-16 13:25:39,1988,1008
a1596bb69ffe5aae2aef5ff3be3a977fcfdaa93e,2008-04-16 13:25:32,1961,984
37e4065359241d876be2c9b33a34de1b20dd05bb,2008-04-16 13:25:27,1957,984
46965ef127fbeaf90f2f40eb9882dbf41d905b0d,2008-04-16 13:25:22,1956,984
db786b996101400a84624c2df73fa04aa911c064,2008-04-16 13:25:17,1953,983
1e1e75770fa12dbdbec7031b6015c4c3e73f6d5c,2008-04-07 14:07:00,1916,947
109ee7f193222fd66ca624a3e8645ff31e18a71a,2008-04-07 04:17:20,1885,916
b4a5174d329f787053775599b3d37086bc16db23,2008-04-07 03:52:30,1885,916
34755c6791282c7893cc62e1555ce7391515e3a1,2008-04-07 02:55:49,1885,916
31cc0d6e8dfc836af5d5202b80784838082a0608,2008-04-03 15:28:22,1517,649
8cceb0ea5b85620f3c88e06c73f1bd64fadc4a12,2008-04-02 21:25:59,1503,635
cd7030a783ac991b40ba632bac6211439423bd77,2008-04-02 20:31:39,1502,632
afc36559b9f8505b33df3f9dd82832f7a3f5d7c3,2008-04-01 17:55:01,1434,580
349a466f63a51292064e79d817c7b62dfbf9d5d2,2008-04-01 17:41:25,1425,572
2c2a2e26cb59f84ea50a3f1ca23050a1c31e6618,2008-04-01 15:26:03,1424,572
4340b17eab4c04bae6fb0bff4afe25335039f966,2008-03-31 21:24:12,1424,572
01e507149840e7dcbeab6e9717554fb236d87df5,2008-03-31 14:48:01,1424,572
e559ce8ee72f485f5e745cb7ef90d9c41a557ebf,2008-03-31 14:17:38,1415,563
52fb528a20bc47756f7ac70c15c622231fa35d0f,2008-03-31 14:16:53,1415,563
0be5d250da4c6f710bbf0679617aeff4c461ae6d,2008-03-26 03:39:42,1392,546
6c38225b69d5e9cef15283f3eb5f7ac0b414227e,2008-03-24 12:54:38,1361,515
0fabebff96aa5f6110104323559607611400a67e,2008-03-21 18:38:22,1360,515
632f5ffba16c65ddb82b90edccb565abc4d8b5ea,2008-03-21 17:29:16,1359,523
b675feab7257dbc791680a7762f9c167199da9c7,2008-03-21 13:49:14,1359,523
fafa7c6fe4f7fff66a7df698ea2f234cbc685f99,2008-03-21 05:19:46,1358,523
e35fa9eb8eb78a975c16b3a4a7e04113dd5c76a1,2008-03-20 15:58:47,1355,523
30c2be58004f515c1a75413ae224c5f55c433643,2008-03-19 14:05:56,1339,511
17a150f26348763a717aa27b42767d976b779780,2008-03-19 14:03:14,1347,519
0544f0f9e82144cf200f264ea59020a690d57a33,2008-03-18 22:51:56,1322,503
830c0aa8f9ea64b1d83127380f598a0fb780f143,2008-03-18 22:33:55,1317,503
1b8e626cee570de6f669cefd2998af3a57067277,2008-03-18 22:28:15,1324,503
d3af7c6e6b2af4a6196709879d1485dbb7c190b9,2008-03-18 22:24:52,1381,503
2784b380e31a4741f7b60b03169d8d193f699fae,2008-03-18 17:59:04,1381,503
c77ba25e20f2d0c5588fddaa0b23940fe645bc02,2008-03-12 22:14:50,1406,492
fc59d3dcd338426000d42ae52ee5dca7fa555d44,2008-02-29 22:19:18,1403,492
b6ccf06cf21bb487a15a0000b6b64f80adc36c1d,2008-02-07 22:08:01,1403,492
5f2b2cd59ee60ba2910a595ef334bb49af1f67f8,2008-02-07 19:00:36,1403,492
53f9558a16fced9635d794a508679142ecf2f564,2008-02-01 20:05:39,1398,492
9412f71bd7ffccc5718c2e5c2e8ce4a6ed09e3cb,2007-12-10 23:11:20,1395,488
da74efdd6b55598e2fd4f3b7aeee942e4c42991f,2007-11-26 23:10:45,1358,488
dfe6629a478d9d65f7971b55f7d4d2a519758ea3,2007-11-18 22:39:18,1323,488
849b6b8cb7fc7c9746b47a323f3fd66a67d6f08b,2007-11-18 21:00:57,1319,488
d76ef9be5812f596f806e3303f91121a78d769a8,2007-11-18 20:55:35,1320,488
a6e2418f2e1a68d1c82626d944d02a78485d80e1,2007-11-18 06:22:32,1314,488
5494e3cfb6f0a85fb41ee3bead39fc269dbfd17e,2007-11-17 06:41:05,1194,457
f99b0fd5de35356cd09bf2c74207b318fb3dea36,2007-11-15 20:15:55,1111,440
11086ba6eafdf215f5353e3144ad7ff6c010ad1e,2007-11-12 14:18:34,1026,380
26444ced7ca5a64b2697016dc409ba177ad1ff72,2007-11-09 16:17:58,1442,220
d68a942156de69d170dab67eeb218b685612d75c,2007-11-09 16:04:44,1436,218
eba59dac2928f2873be823f4fd83a58ec173aef4,2007-11-09 16:02:49,1271,218
550129b1a3831f0fd9335d869b86b022776362cc,2007-11-09 16:02:01,1179,126
fdd71b36e4d9eaf14c3224c92f5cc7520218fcbc,2007-10-31 16:48:08,1488,435
bb51ba0dcc6a2351d15b0f8f02faf41985393003,2007-10-26 18:35:54,1488,435
94925b26f2de502dff236b7939651654a5d3b9da,2007-10-26 18:34:59,1962,435
d46eea5099d111906df107945ac6d8ed897dae98,2007-10-26 16:16:58,1591,435
8911e40efb804c39675e13f29b43e1dc396a8e4e,2007-10-25 22:06:20,1573,435
72c4e738452520fae59500c187194753412abf94,2007-09-25 15:09:00,1252,429
9290b0e4b3f51e31fe3296f7896cd4c4598065c9,2007-09-25 14:55:34,1252,429
66b47339c6bd51ea307ff740b21548fe4838fe0a,2007-09-25 14:45:05,1237,429
16b60a528130b5903f97859ea9b56d4310a94d3a,2007-09-13 20:28:06,1047,391
6c56552b6c5a9c0b268b57e873f1c9c142131fcf,2007-09-13 19:31:23,1039,391
99bfd1fb2f9214f45671f038d9f6296acdde0d1d,2007-09-13 19:29:27,1070,391
c8ad2e9c97905586d600c8e688d104cf1a8b9fbd,2007-09-12 21:45:13,1055,391
5e7f9458f34cd82e0ad16ef32ca724d1ac14b80b,2007-09-11 21:25:08,1028,391
af5481e0403e079db864a00b803b329d44c7cf72,2007-09-11 21:20:54,1033,391
0a90942f18e376cf1fe43427b601a42addeda74e,2007-09-11 21:19:51,1033,391
f5d800b58b283979d9875e506fc8f8eebe0fcac8,2007-09-11 21:07:50,1029,391
cfdaea60df2208fd16010c3e25b16d29c4e5c2f6,2007-09-10 17:34:07,989,391
0c4f5d47ca4ae1728b51105f8de64045f4fe7f4e,2007-09-10 16:46:30,956,391
6043576caaca5280e68636d02617cfaa67c3600e,2007-09-10 15:55:58,919,379
f02836120a1ec72ced3e2758bab76878dc9599b7,2007-09-06 20:55:05,926,364
e56f4f8ba640feed2f6db48bd02054f2a9611338,2007-09-06 20:53:06,926,364
5fbb8ac867e6eb1463193fa40aa37d820999a3c6,2007-09-06 20:25:54,917,364
62a6682ae78db64d000a8aae31d4fe4c6a17b2a0,2007-08-27 17:40:56,886,352
f455b296a11fecd5e137c89f5f09c95f268ca1a8,2007-08-27 15:06:30,883,352
0919884f15216e3bb2eba9613dea364e61401324,2007-08-27 14:52:24,881,352
439879e394602daad716b043a3afe991e6d86f8e,2007-08-23 19:35:01,878,352
5adeb8492c86c77d155174c5e6b7ffad7249d79a,2007-08-22 19:32:45,782,298
d6bc3060c8e36abe236b18ae32514e2fcdbc2df2,2007-08-22 19:28:14,782,298
ed9c6428716acc7bac22b5f3b19cda17340bb736,2007-08-22 19:21:36,781,298
c015fb881fc99358874e936783f678de85f40781,2007-08-22 19:08:07,779,298
eb83d16af214540b13146d1b740e23af7e9eff61,2007-08-22 19:05:31,779,298
93710de519acc039b8888ec58bbcf1b67efbb5d5,2007-08-22 18:36:57,774,298
47d501b0e23faa7152d5ae21842081a1dc7f2dfd,2007-08-21 18:02:54,748,298
35819883928b9a05f263516485609bf8b6e1539e,2007-08-21 17:44:24,748,298
bcba15188d1d841080493b230aff9c89023d4421,2007-08-19 04:14:23,723,285
4aa096ed5e76515c860caba5b5430005cf12a2bc,2007-08-19 00:47:16,673,238
110df00f8616241d539ff0c42789f5243538fb0b,2007-08-19 00:44:26,673,238
41d7fdeab3003f1e8d08a60d7f780a7b1f76d7fe,2007-08-18 01:40:18,415,154
1aa717f2329b82a7b2142c88674ea3981e5f2851,2007-08-17 21:41:24,835,582
163c11de55a177cd75d6e42df343ae785d7049d9,2007-08-05 04:47:50,739,512
403e6283ade50875b3223c4df8992c03fd87d550,2007-08-05 04:44:46,737,512
13318e61a4953dfc3d2b76e0491b1651f26062fe,2007-08-05 04:32:41,674,455
