3d80670e224b5db7aea215c1c5a43ee246e8fe01,2013-12-16 06:27:26,3427400,19144
176d4359011974631d7fc50d30b4e257a0fafcee,2013-12-16 06:27:10,3427400,19144
f4128d7ede44746d18fc9f1d58cdf95b72a33199,2013-12-13 15:34:49,3427391,19144
4ca640c5e7cde59d8f13780b6ad500b32ff285ce,2013-12-13 14:58:20,3427390,19144
394e2f8699c15bd26006ec2d972edfd2478d851c,2013-12-13 14:58:04,3427383,19144
d5eaf4106347983019f2da3a6f601bf766cf8ee6,2013-12-05 15:30:02,3427353,19144
8f8de587520a453bbfcb3d9929845f02b830a6e2,2013-12-05 15:27:53,3427348,19144
efcc6c786131d2d50858ed051e73e7717efba20a,2013-11-24 06:09:39,3427348,19144
6a01a8dece0c4dd697eaa0b208057d2bd43a30f3,2013-10-19 14:52:31,3427272,19120
94e63bfa04fecdf01987023983977743cd4b83ac,2013-10-19 14:52:01,3426324,19120
23df8811a1d11d188db935755127cf8ceb3cdfbf,2013-10-08 03:33:52,3426324,19120
fe6a967bad2190b9fe4e23a360a53e8ec6e0ceb7,2013-10-01 14:38:40,3426319,19120
269154071100332c201fc619b658b07d9fdd6cd6,2013-09-08 14:25:43,3426319,19120
b1e181176e774124d764364b1cf846d5ae9fd63a,2013-09-01 14:53:08,3426314,19120
7431cbf229b79a6753fb54e70d6558eb897000f7,2013-08-15 10:05:41,3426251,19067
73bb56084028e1ee902bfedb8bd0443b337c7578,2013-07-25 22:24:53,3426251,19067
8114d44a28134b765ab26b7e13ce31594fa81253,2013-07-25 06:38:44,3426641,19067
4989445e714bb97fe49ef8c00ccbce8b6cfbfbb0,2013-07-25 06:34:45,3426632,19067
1a25383307510161b8a80ab2d3032708adb7789b,2013-06-23 21:07:24,3426633,19067
edf2d90a112547341b6cbcd6164016ab5ac5e7d9,2013-06-09 04:40:55,3426627,19067
644f3795882c39b40c712da578940e67be0b80bf,2013-06-08 09:20:42,3426428,19067
b4c4429e86838d15701106509b9038f00fa2fab9,2013-06-08 09:18:31,3426417,19067
01587211cb0d98463d11bf8bc9ff02f5a18ca268,2013-06-08 09:05:07,3426389,19039
44c3d6080d4ae3d1c830957aaed28e352303009e,2013-06-08 09:04:59,3426386,19036
9f1f56bc3b28fdff32b11a3362a8f93ad60a66eb,2013-06-08 09:04:48,3426365,19015
f57fa468ab9d5c222891cf0a145671043741d93b,2013-06-08 09:04:39,3426363,19013
fb8edb7c726cc2b4cd336bf528569f673799b552,2013-06-05 23:07:42,3426363,19013
4d916971b37928017d5b2f1a61daead54dad2f46,2013-05-28 20:38:15,3426363,19013
639e8c85b2f9c24016f8d69f315f3e7ace7e23d3,2013-05-21 02:49:23,3426371,19013
fa238856f9e46202b2e204535a0eedf926006846,2013-05-21 02:49:22,3426370,19013
9aa0705d3c356f5afcb4c1eeacc68144a3a18688,2013-05-20 07:20:14,3426366,19013
3bd7a3dfa67f9c145b7568748ba5eec22ca0095d,2013-05-20 05:29:31,3426361,19013
2f851086e4181fccb98c5d8e826f062a1b7c293f,2013-05-20 05:28:09,3426360,19013
320608662daa5223302a3fa930a5dd6655f8df7b,2013-05-20 01:16:09,3426359,19013
0726a8e2bb421e3f5a23c4d2b6d344bb3a84ce30,2013-05-19 19:01:33,3426359,19013
706e928e78a975dc545a976c1b5bd096b15c7be5,2013-05-15 07:03:39,3426352,19013
f1472b54d1c20eace550e004ece5a01516767c60,2013-05-14 06:34:35,3426351,19013
dff8ce252642c64781156a1911b9417e241c1ea5,2013-05-14 06:33:51,3426348,19013
5528d75c9d7655d121ee6fe54ae52395f8eb8dad,2013-05-14 05:48:58,3426348,19013
f8e79fb8c6007adabfc644c77baa958f49e77391,2013-05-14 05:41:15,3426237,18913
23515550d5ebb4b11882ec9b12b42d85672d3045,2013-04-30 21:57:58,3426235,18913
3ae632e70441125e6830ddb8e6535a3627f9444a,2013-04-29 14:07:53,3426235,18913
f72f2962d1eb92a5f182cb7c2ecdcb58878fa559,2013-04-29 14:05:48,3426199,18878
39bec1ce172e7e5dbcdbf84858563a2dd2dd9dfc,2013-04-29 14:00:47,3426190,18878
b159144a48866aec448afdb7004d84d7658daf02,2013-04-29 14:00:19,3426165,18878
3d874d9e0d089780b40c7b5abc35d0b546249b34,2013-04-29 13:58:44,3426051,18810
c07a2efa33354a4456edfa9d0f864b8d24cefedb,2013-04-23 05:39:02,3426022,18810
f8a905c8b0d2a08e0798a6341b2d8dd39eeb2cdb,2013-04-23 05:35:56,3426021,18810
d925a510d9fb4d1d146705d8ae5ee7901fe87c1d,2013-04-23 05:35:08,3426007,18810
3edcabef9f36636adcf05926351a3fb09c781e0d,2013-04-14 03:17:12,3425983,18786
78242e5d6cf40d81b308bc73834eefde42467f39,2013-04-13 06:12:20,3425983,18786
36ab7194e4a186fb929e7d555dbb0e4d4ec6ddd3,2013-04-13 06:10:25,3425983,18786
8042f3b92c2a1a4d871174ae6e6e4dcaffdfaf87,2013-04-13 06:10:08,3425972,18786
24078b56c70faade90f1f4e483079c95db27d36b,2013-03-31 10:08:26,3425960,18786
0bc2eb418e84dd33509d597cbf02cbfaaf537720,2013-03-31 10:06:50,3425950,18786
fcdd274f2e8ef904e37795bd642a247a2a2e791c,2013-03-31 09:54:37,3425950,18786
47dc82681d26dd103ecfaff5cbed144e4b4d7fe4,2013-03-31 09:39:53,3425922,18762
9ca45ed62e53e55018f682ca79e8fa6f4a3a7c3c,2013-03-26 02:01:32,3425890,18726
da71c5fbddafbef5c033fd6cd4a916ab3c9fd548,2013-03-21 05:38:03,3425884,18720
bb1a407e8d7f2569c4dcb41a9513791cf35e034e,2013-03-21 05:38:03,3425884,18720
bda3355060c103f0431336b570b339ad4d61380c,2013-03-21 05:23:51,3425884,18720
08bbd324d1e1a8a3642dc5f10b4b0a665b2af515,2013-03-21 05:22:59,3425884,18720
9ef69005d4ec2d2947225c2339da39664d9b98a7,2013-03-21 03:32:24,3425877,18720
b5345bc13346224254e77021cae3e144f9577ecd,2013-03-21 03:24:59,3425877,18720
9f9053ec4482f14aeb1da98a61fb25e084670328,2013-03-20 15:27:54,3425871,18720
52883ced681854f453029822f466b6a4a18c0e3e,2013-03-20 05:57:26,3425812,18703
b16a5348a9ecb08169d493a5aa1543b05962dabb,2013-03-19 05:24:02,3425706,18663
63dc1e2c8fdf664c40af4390c2299cfb9a46ae2c,2013-03-19 05:00:16,3425698,18663
0147fcbc07afdfd86890a23eafc80f4db054ce77,2013-03-19 04:43:22,3425557,18663
357dbf46d2392bcc2f8bc3226ef4ee1456a6beac,2013-03-19 04:43:00,3425514,18620
9af1f09f584282c8e4dba483bed871c408131319,2013-03-16 16:19:25,3422712,18585
9df52bb75235f0003585c8e9c3391e03d8524fa0,2013-03-03 05:52:45,3422712,18585
d42c4002c4c9ad874a8f7a7576313d92a0202962,2013-03-03 05:33:36,3422695,18585
1c80f7306eab07d6b956214ed145aec8aa2968bb,2013-02-25 03:51:26,3422691,18585
5d6b8240f7f3f80e226dbbb0fe36c443161b7d61,2013-02-25 00:18:05,3422679,18585
58566bbe76d1da4db779eeac1524b58257476a70,2013-02-24 18:26:42,3422679,18585
fed209c54606b1230c4781250a47b0de5f9a73e9,2013-02-24 17:00:49,3422658,18585
212e4b7cd99000edd8af9ec8dfa2e3c68a3c2a55,2013-02-24 17:00:07,3422658,18585
ca27a8eab1a939eb9d64bb6666f21a6b16d695d6,2013-02-24 16:56:38,3422611,18550
04368c6af8110280c8d7e2cedfe710065c672e4a,2013-02-12 15:34:57,3422614,18550
fef171e14f362c51a1394c7abc0c438a2121c3bf,2013-02-05 08:27:20,3422614,18550
2d42b52c67f7945c8edd51c058989c904f8c7fa9,2013-02-05 08:04:17,3422548,18550
1e5638678d08d68cb55983c5868bc0c12126c40f,2013-02-05 08:01:50,3422528,18533
1604b4d6c19b5b5b143416aed6dc9374f2639048,2013-02-05 07:58:10,3422524,18533
e6ae4cca6dfc2819ea99c5575bcaf94eec6686cb,2013-01-29 06:02:23,3422522,18533
43ab20d4aef78202b71b6074e770ffc1ea860737,2013-01-29 05:13:47,3422522,18533
ec6b242a9fa02a32a896e7d92bebe15f25f03996,2013-01-25 08:12:06,3422522,18533
fe78d4d9feb1c3c8d04858213914841cfcb8c0df,2013-01-25 08:04:20,3422522,18533
0734811514a88f5c5f16fbd0df19a0eafd285d15,2013-01-22 05:44:18,3422507,18533
6d81933941ec7e8e22a965fdbd9824a3ac86136a,2013-01-22 05:42:10,3422322,18436
797b47ae819d510da3cb70706f08c7d316d1f29a,2013-01-18 05:48:06,3422314,18435
7e7325c0f5acb0996df701e5fb9233d85aef700d,2013-01-17 23:52:47,3422313,18435
12bb24f418ec82a42245f7a85befeac2a806d24b,2013-01-17 23:47:41,3422313,18435
4dec091ac2ce63952867ca219268ab8bd2378de1,2013-01-17 23:45:34,3422312,18434
a7a3928af9e787be384967688805514f8887c039,2013-01-16 16:00:52,3422301,18434
1a487d2bbf324daa6e119e32f07554837ed2bd2d,2013-01-16 16:00:51,3422297,18434
360dc3a30c93a4296085e1b822af181951d047be,2013-01-16 16:00:51,3422296,18434
34ed1169f3ed90495b0fc182669642abb99f5685,2013-01-10 04:35:00,3422296,18434
d58eae54d71c2559d70d094987a0f89a65dda721,2013-01-10 04:26:55,3422294,18434
aaca7774c9d43243bc0f7c9a2a2ae38ae2b8f251,2013-01-09 09:03:27,3422294,18434
26e51f4b8a523529a5f89be680bd8215316d3804,2013-01-09 08:07:36,3422293,18434
c3c17a53647395465f411eff8da78b8d7eae97d9,2013-01-09 08:07:14,3422293,18434
52e67c5aa7a130a5626f5ec0489884927c8f8fdb,2013-01-09 08:06:58,3422290,18434
69bf72bca7d2495ab83f44ef6baea2ce12ab66ad,2013-01-05 17:35:27,3422290,18434
aa907343b9e046c3f0c4aa671de7a755706eaf72,2013-01-05 07:44:36,3422257,18434
09e929d5990935d104dd55ab9f38df8328d296ea,2013-01-05 07:39:23,3422254,18434
fd700b0702f96cf9c78b3b0eaf9175c1e5967392,2013-01-05 05:24:30,3422152,18404
d906bc3819d54a9d643459cf06de7ac69cf55e53,2013-01-05 05:23:58,3422090,18366
d0fe6864a9dbf5f199311d0b1235540cb75aad0e,2012-12-31 05:17:40,3422331,18366
2a2b6e455cf04679b32df118170aac286663c135,2012-12-31 05:17:39,3422327,18366
f52044cd3106266aa8efc1fae05e8c923315a5e5,2012-12-28 16:03:08,3412831,8870
83e8152dd694a755c1e3b772d0aa917941e0c769,2012-12-26 06:37:00,3412367,8870
98ce8922c692c47d4d6c0388c8dbdbe53bc0c743,2012-12-26 06:36:53,3412355,8870
836719f72ed423ea828dcb6965dfd8291e69fb66,2012-12-26 04:46:14,3412354,8870
6bc3a93118e184726f5f02b5c102f1bdf02becfe,2012-12-25 21:11:20,3412314,8859
f6c87221a775bb6dc3d5102951b4f333d714af8b,2012-12-25 11:41:34,3412303,8859
e3517f108a4b5d8981767823f49ca81b7d9f95ee,2012-12-24 22:06:34,3412182,8844
d7652abc11e3a614d996b8d40bed44f73b6127ef,2012-12-23 22:36:24,3412181,8844
3f42fb230f8943a4fa320b7397b74aa201fe1f71,2012-12-23 20:03:10,3412181,8844
fac15407e8ede2f77df6a83288e33e948eb0ec3a,2012-12-23 16:57:37,3412174,8844
3458d4d507ed31ce4d1053dae9805c93f8664f05,2012-12-23 07:06:20,3412174,8844
03500e6b555872146257d01f98bf498cbab5c81a,2012-12-23 07:05:46,3412174,8844
fc7a5b7b9fd99d4847f5d498096e3bcfb6f70a5a,2012-12-23 06:36:04,3412016,8745
c33b916cfbe97c19ed4e8ec0321d153e23196bdb,2012-12-22 06:12:05,3411985,8745
d998c593584cc23aed3954d635259024cfd6ee7d,2012-12-20 03:29:54,3411985,8745
88363988256ad91133f9c2471f637dffc45df38b,2012-12-18 07:12:48,3411974,8745
f70a6ab4ee17f23e99155217e38ef4ae18e30918,2012-12-18 03:27:19,3411968,8745
78e72312dc6570c4e7527718ed3394f35405d7d3,2012-12-18 03:27:06,3411935,8712
302050e0cee119f187c2322febc277135a33ef15,2012-12-18 03:15:43,3411921,8712
9a8b84a2938b872ddb1589ec176a4c1912e67907,2012-12-17 07:16:37,3411919,8712
9c0888d54d6c45f2f778973c06fda2c07493a77b,2012-12-17 07:02:44,3411916,8712
15fe5140255c311ac8545192d5a1e30559d610bc,2012-12-17 06:21:07,3411913,8712
f6a91a8813f442c67b36307829d075c9de21a0d0,2012-12-16 23:43:10,3411913,8712
daae36c3baa92186f1719eadcdfff9a7cb698b96,2012-12-16 22:48:28,3411883,8695
3b2a1c27a1cc252dfb39ed060d20425d094e07c6,2012-12-16 22:20:57,3411871,8695
8f14ef027e00d476fc998f80b6bc74a9a6606b2b,2012-12-16 22:19:57,3411871,8695
027aa93b18a2d4835c5d0e7de18c9a04874fbe9e,2012-12-16 21:55:58,3411871,8695
f5652e511067f8c6574713287d43883becd1f40b,2012-12-14 07:45:54,3411698,8695
04b74f99fd2b353225db44b1097ed3cc8d683a5c,2012-12-13 05:42:58,3411698,8695
eb3c9caa6ea7e286f3ea9bc34c38627004af374b,2012-12-13 05:42:45,3411679,8695
66ab9a1113a85ed7a0dba62f8b164d5c7129bf68,2012-12-13 05:25:26,3409443,8695
5eb0f64e6b38dee1301d5850cdfd3bda27185a21,2012-12-12 13:03:37,3409440,8695
31dd714a2209c7eca25936d6773a87fad34eb6ec,2012-12-12 05:57:25,3409403,8659
487fbf303571a22fbb2ad80111c8e4a6c0eefd8b,2012-12-12 05:41:02,3409348,8625
e8380e42d77f3e613fde182a8fadfd3cbb256958,2012-12-06 20:29:37,3409322,8612
4c285c419da176d4f303c08e761a2d10ef58f824,2012-12-06 16:27:55,3408928,8612
f61635f2d49616322789b98220167d22073408e5,2012-12-06 16:27:06,3408936,8620
c9f9b5a14b2ef17b14eac065f81af3dfadaac2e5,2012-12-06 05:43:50,3408932,8620
a7777979421fbee56744e2e09edfc7013afe5157,2012-12-04 16:41:40,3408876,8586
94e1f40ad9aecbd5aca5cb1255a188e39493cf56,2012-12-01 06:31:50,3408866,8586
fd653fe61f13087d6f739a11df248b50d423c51b,2012-11-29 12:42:18,3408714,8586
4caa71a6b77ba710768d1ad855f08693f24e634c,2012-11-27 16:00:45,3408714,8586
ffa9fab316a64fb7410fb7429db644c3a38ed595,2012-11-27 15:58:34,3408690,8586
2dcccc8968889c2dd80fa2d32d39c2e114db7c6c,2012-11-27 15:58:13,3408567,8586
63dd36205fc7c6193a60cb6862d3b62c074362a3,2012-11-24 12:41:03,3387570,8586
2d778f687e78eab092d563b0e75ae303e777d8af,2012-11-22 14:39:07,3387545,8566
5c87852c323c2b4bfd96d00cb11d75d71947837a,2012-11-22 14:38:58,3387478,8566
9ba13ba989c5e910a6bc684dbe5460f7a4953bed,2012-11-19 00:11:25,3387445,8566
40a14b72b132468f4bbdfc6ff2dca30407cf866e,2012-11-14 19:28:58,3387416,8566
559afcd4e8b6bb7872121d45b2c8f8b4e373ca6d,2012-11-10 09:45:54,3387394,8545
59dbd77ef528c57e6eb4aea20b8064b6af897f5e,2012-11-10 08:11:14,3387395,8545
eadb03a978838ee5af642217b5a1c5de4774cb9d,2012-11-03 18:41:18,3387338,8529
1fa9c048457bf4b219eaaeb3c1e22a72185513c8,2012-11-03 14:38:23,3387222,8474
7c7d1f961c0ba4d67d645ddc546faa68f1969937,2012-11-03 14:38:22,3387233,8474
4c5e96d17fbc309b1232fa4a72f4d0d7b2245cbf,2012-11-03 14:38:22,3387230,8474
b1139933143d5134ffb943fee05ac8c90d4eb57a,2012-11-03 14:38:22,3387214,8474
3fe308bf8c8c7fd155dedf383060787bb67186a7,2012-11-03 14:38:22,3387210,8474
9cf6cbe818a84dce6a70f9b83899eb73536cf650,2012-11-03 14:38:21,3387129,8474
d5eb657ecc4a16d37097df8c971a1f41396877fb,2012-11-03 14:38:21,3387128,8474
e31528adfedd817b5fc685cd1062c62d24192e76,2012-11-03 14:38:21,3387079,8474
60ced2ccb6649526dd1e2bb6967b417503e903de,2012-11-03 14:38:21,3387043,8474
3f874067f59a682e25dde7e6b694462f1d220f1a,2012-11-03 14:38:21,3387016,8474
42bf8b36d83bffbb1d4b2f11b58cd96ded64d5ec,2012-11-03 14:38:21,3387001,8474
395af9cada0c41f3a8186e7c3a8e502730244fca,2012-11-03 03:41:57,3387001,8474
c2df52611009ff1ed78ba61c56062b8ac42e5325,2012-11-01 14:18:40,3386978,8451
f2628b32fedf457094ffe3ddbec47915ddfc03d1,2012-11-01 03:38:16,3386953,8433
f3d920908a6f1f0728b9fab10d83e5a67b430974,2012-10-29 13:36:11,3386953,8433
b834f2a59031442b5f3f03afface3890cbe7e045,2012-10-29 13:36:08,3386948,8433
380c56e67245cd1c0f11deeed37d20b5e7dfe5e3,2012-10-29 03:58:51,3386903,8433
f402a8d9753395edffb4811aa1834ff31a051e27,2012-10-29 03:56:46,3386886,8416
b7ca845327b99a9f5f1d1a2d928b1c0dd26416d8,2012-10-24 07:02:59,3386885,8416
35c19715950a8a3f7d809479dc91f021060710c2,2012-10-24 07:00:58,3386818,8383
e521dc16e7439468e9b5e823575126aa6ffe641d,2012-10-17 04:50:53,3386504,8371
4f17d94afd02c2d9df7ff2cc568494f194aef15f,2012-09-28 15:03:25,3386362,8371
2403c00e59c8f4843f60060520728666fe9eb4f7,2012-09-24 14:57:01,3386362,8371
8ba3c52d50e8c9ab1e6cc91d99640ad6cff284b1,2012-09-24 14:33:48,3386336,8371
63e06cbcbf33547151d33643e10a76b2a28b159d,2012-09-24 14:31:27,3386330,8371
f29827f201c8307ad4db3b6e95f1e41f4d6635a4,2012-09-24 05:37:17,3386320,8371
9a0f8d0e3a6e1e7c03e3472986a3132a950bf70b,2012-09-24 05:34:12,3386320,8371
703a4d14e49891198102b72d987bc1724c8b9c4c,2012-09-24 05:20:35,3386323,8371
5e91e5355d290309969ea558c361ee56019dfeba,2012-09-23 04:29:20,3386323,8371
b9e1ced36f31740ad38465a081323dc62d323f5f,2012-09-23 03:24:58,3386323,8371
e5b040ed1a7c249421b0e4f17c1a05fc1bf6c587,2012-09-23 02:58:04,3386323,8371
7921cb00e173a76586c7fa7d739f8714d2922630,2012-09-22 20:39:19,3386323,8371
58f970a30d57485f843586751465d246ae23ffbd,2012-09-21 14:51:14,3386430,8371
32e23339bda9cb8dfb39ecf0b6ff9a853f1a603a,2012-09-21 14:39:12,3386521,8371
8ab4209e0ffb2ed48d24c68cb40d68a0d2ac3bb9,2012-09-21 07:31:51,3386521,8371
e85140e80f3393d96a6c206cbf2ea5696415b285,2012-09-21 07:12:52,3386514,8371
1dbd3715400d7513f782e6cd0d49265bd35fd693,2012-09-21 07:12:30,3386512,8371
be767ee98324ac795bb1992ad3f90060e885af88,2012-09-21 07:11:43,3386510,8371
2662d5875b95ff26cb1a753a37a177a746c0e48f,2012-09-21 07:11:24,3386504,8371
ecda22423386e7353246577ed58b16d2fe792c8b,2012-09-21 07:07:09,3386507,8371
9f8056334e925cc8df18de3afd643cd89b24734e,2012-09-21 07:05:18,3386517,8371
18ca114111e3f899566c262be02be752830580a3,2012-09-21 06:52:05,3386511,8371
cab2635e66d74b7e665c44400b8b20a8f225153a,2012-09-21 06:44:06,3386511,8371
e7c37d4a2bb83b4f5b9676184d35503b710aec4a,2012-09-19 20:56:56,3386114,8374
0d63e9c0a8d403b3d73091dca067bb0cb70fd633,2012-09-19 01:23:19,3386109,8374
64fa65edafaa72c882e565074f293022353b6588,2012-09-18 07:41:20,3385878,8357
22c8e5610f94051e6be6fbfd3b2253ed26bb1746,2012-09-18 06:41:23,3385874,8357
2c4e95ad3e983ebea743142c653ffe36e136bb0d,2012-09-18 06:37:18,3385874,8357
62584ce7d4984030f2fb693760abab432ce5f591,2012-09-18 05:13:40,3385786,8357
23fe144a398239d25bf2a6624003274c3c3d6a50,2012-09-18 05:05:42,3385814,8357
4f7df7073a589b7b42a1d9ff9069b995b212cc94,2012-09-18 04:59:05,3385809,8357
795d067f4f554cf4b05bdb0feae8b9fc23a25b95,2012-09-14 04:41:09,3384630,8317
27d6f908e4ae956190c7bcd8b99f9ef5047af41f,2012-09-08 14:04:13,3384630,8317
3479beb8948d0a540f68c7bf3d550d93812adff4,2012-09-08 04:12:59,3384627,8317
bd2137373225c21d016c755c190ff042c2ccbf65,2012-09-07 07:03:03,3384609,8317
5cb68a15855ad721126a8a63ad0a3705f280e656,2012-09-06 06:31:31,3384171,8233
6217d6b9608b35b5ae9c3bce9bc4fb1f79a6e512,2012-09-06 04:14:59,3384177,8233
5b25c6feea66782999c6949b7595d1bbb832c89d,2012-09-04 16:49:25,3384142,8233
70d1ff8392bcb85c886ec1ba50e21adcac360374,2012-09-04 16:49:25,3384112,8233
a65be87642bc3b16d57e90f3fad6f36ef764dfca,2012-09-04 16:49:24,3384108,8233
733d21042bcf0aaea10673c2f67ccefc354aa3a9,2012-09-04 16:49:24,3384098,8233
27dc6999195e79cf77cafe6d8f173d1cb6a150ad,2012-09-04 16:49:24,3383966,8147
0a0fa917ffcc6a2d81c705ba6ed2711ec735c110,2012-09-04 15:04:26,3383916,8111
2e96c7c359ad4b5ca83bdd88c9b65841cdd62f88,2012-09-04 15:01:33,3383915,8111
93686d8306d4b112b01c68afc297e5bbd324f66f,2012-09-04 01:20:02,3383913,8111
4d95cf27831f8663d27ec799db64ddc25ff24326,2012-09-03 23:15:49,3383911,8111
b3a0eeff870197f3ea32e99068954b9865776f44,2012-09-03 20:44:21,3383905,8111
3b161b914a8a8206f41f03bd90e7f4d0ba8eef80,2012-09-03 13:50:34,3383903,8111
08bd78f7b903f402d86b2a948a484a48658ce348,2012-09-03 13:02:05,3383889,8107
094d3381e8f61cc8431e6f3032c20fab75279859,2012-09-03 13:02:00,3383882,8107
a5eb729c9d187a90f7be97f29f5bc5f9bcac39c7,2012-09-03 13:01:36,3383876,8107
614259df0ec32f5664fa5a3d7fd70678b050a8ca,2012-09-03 12:48:58,3383868,8107
4e1735c899f75263667ed39a3e2e429007d4cd2e,2012-09-03 11:30:49,3382958,8107
55a660f35a0c9ccf82a0296e83a9b4ff72ce637b,2012-09-01 19:08:34,3382811,8045
e7499d0b3332be1d2027238f1001c105b18a2950,2012-09-01 19:08:05,3382811,8045
d2c3a078ab50a8abd4b588744416ebfbfe2f905c,2012-09-01 19:07:09,3382810,8045
b8c28cd42a63c7fcd1e6432638cf8e6b427e1d53,2012-09-01 19:06:35,3382810,8045
fafa01d6ba8497cd013ad6d981bbf1fc4d7c36af,2012-08-28 16:17:54,3382816,8045
11e8bb1fcd5e9a0836c186e06f455fdca822247d,2012-08-24 12:21:23,3382809,8045
0ea2aa0c35875d051031ac600897bc2c67c8edd9,2012-08-19 19:02:01,3382801,8045
ae7f39b4ef4c39cdf4b0ffef9948c3c2e8b7fbea,2012-08-19 07:26:56,3382759,8045
f6a26033c9770d9e923faebec5e64034fe178638,2012-08-03 08:15:34,3382708,8045
b3b3578a1f135d757d7a9348068ea81a7931a3f6,2012-08-01 08:23:54,3382697,8045
c191a002770db1d61764aa7aacbb3ca5c96c9a96,2012-08-01 06:37:53,3382697,8045
c4de69fcaa8ced0efa72ef2701cf6e28bbb329c6,2012-08-01 06:34:53,3382694,8045
9ca88ea6817a78989d1a6c878a1373eb15fd8fd5,2012-07-30 12:07:50,3382690,8045
5f88a6b95f6cb56710ccf0d1ece207080893861d,2012-07-30 12:07:41,3382687,8045
c3b30ac13654509b2fb3bfbf54789b885eff81a8,2012-07-28 03:59:34,3382679,8045
5bafcd4f8cb9141b9815c90616b4ceafa810921b,2012-07-28 03:59:20,3382679,8045
d57c8cc0f7ecd857c0671ec029777db0264cbe24,2012-07-28 03:59:01,3382678,8045
89593bd63d7cacffdd7efda6fc67ac4aaff751f2,2012-07-28 03:58:40,3382678,8045
b11c6de9abfcf373f985b2c6629f34ec28b81ea6,2012-07-28 03:58:15,3382676,8045
5f1a636583255d2f51a377b096c22455e7b0248a,2012-07-28 01:16:26,3382589,8045
1602394efb271eb2dfc722eb485e8c9e20152ea3,2012-07-25 08:37:25,3382581,8045
281d291cfbdac231de4f65eb9757845a93631dd3,2012-07-15 09:13:35,3382581,8045
8d0a0b28ed7eefac8ca5c453722ddfae0a0bd762,2012-07-15 09:11:50,3382581,8045
b2af7929fbc96a9fb930b73f27c64ecc87374370,2012-07-15 09:05:08,3382581,8045
31157fbb98a9765c0043847a3a41359838aad0d0,2012-07-15 06:32:31,3382581,8045
0ce4dcd71932669eeb963e4d8162db33db767479,2012-07-14 06:35:25,3382593,8045
8d2384fd295572f19c1da5c088b2fc615247ff5e,2012-07-14 06:35:10,3382513,8045
b54612bf68d1e318a96b51b26fc02fc878db1a3a,2012-07-13 17:41:38,3382432,7964
1b2a84df9c56a2f22c2f4449fd2113e8c696a05c,2012-07-13 17:32:03,3382432,7964
bf6fd70c88ee361a0467377d5f0874abab626dc3,2012-07-13 17:32:03,3382402,7955
11044a8fbd81b476808323c32b6db9a58f0a9101,2012-07-13 17:32:03,3382347,7927
25c48d2ed5e7af502689082c6b6f5c8efc5cf559,2012-07-13 17:31:33,3382270,7850
5f0ed88a90b716a6a232c13fef6d5bedc4fee8b1,2012-07-13 16:56:47,3382248,7850
ea83351da3b3232f0e4676ec6c2cd2cff0aecff6,2012-07-13 16:56:10,3382042,7850
f869e8408d59593df447a260f9ee99f25b23b2f6,2012-07-13 16:55:52,3381989,7797
0b04f0a6723dba4d38b834452839dc99e7d65d86,2012-07-13 16:55:45,3381989,7797
008019ae10ad3cb1fce4749dcf2b3813f3edac4b,2012-07-13 16:52:35,3381989,7797
6ce27bbefaa30e756b2e4d9e8c0653d5f53e09c7,2012-07-13 16:38:57,3381986,7794
0632658afec4a110d3cb981118aea4914369e107,2012-07-13 14:58:05,3381986,7794
0ce2974ff7f629af68eba253cff030c1ebf05c71,2012-07-13 06:14:53,3381974,7794
a02cf639849232a46c1b6efcdee8b9e7860e6320,2012-07-13 06:14:13,3381973,7794
2555cb448c665065e12178c801d4a5dd92dce3c5,2012-07-13 06:14:13,3374887,7794
15204cb8ae10085894e0fc7913132f94435d057b,2012-07-13 06:14:13,3374896,7794
5015dbec2a30c277cf4c9ffaea9b9033a2248def,2012-07-13 06:14:12,3374896,7794
893108ad1145ff6a078b07ade4bf35728a134ef7,2012-07-13 06:14:12,3374913,7811
ba3eabb29e648e476900cc71306e5d640ff250d1,2012-07-13 06:14:12,3374905,7800
b22e995337b8856ccb7fc9f66003c704bd4b1a94,2012-07-13 06:14:12,3374892,7800
fdd727e5da69139e79949e8e239023c55b205b6a,2012-07-13 06:14:12,3374892,7800
70925a873bb79e17a408e71ee4ac4ab6e26f4433,2012-07-13 06:14:12,3374894,7800
2cfffa029ac97b0658462f599c6b690caa73080a,2012-07-13 06:14:12,3374883,7789
945a4c0f8c72760a86ebbb9cd527e87cc0b55792,2012-07-13 06:14:12,3374704,7798
7892ff3b3eb049008358c75dd5ba37ab8bae87fb,2012-07-09 00:42:58,3371114,4208
1bcacde12c01f4a06f3c72fb8e199494ba90b231,2012-07-07 15:03:02,3371096,4208
59f6bb9496c953df478db647167cdc4a63902aab,2012-06-26 15:20:00,3371091,4208
3da512370e300513eea301371fb30d694d203df5,2012-06-21 06:28:26,3371093,4208
91d31ffe9e695d8c3918359729bbae8efd416e60,2012-06-21 05:55:04,3371093,4208
9c053416988da55a5a7a6d29bacca3f25207ec75,2012-06-21 04:24:46,3371092,4208
8c46d6db837a8645285f285a401186958ff420a0,2012-06-21 04:18:37,3371059,4208
78d23935a5f69b60f01d392b911d4d35dec483a7,2012-06-19 05:40:51,3371053,4208
804a7f3df4f2fdc5d6f8da08227ed3b9da3c4f1e,2012-06-17 21:48:39,3370488,4205
70c09ba6201643d752e13c755b725a537c994d8d,2012-06-17 16:59:16,3370898,4205
593f4a590bc7770e88160967afdcd8e9bb8fd848,2012-06-17 15:27:14,3370899,4205
c9cf14f221f58a3daf585c47313da6fced0276bc,2012-06-16 21:24:37,3366634,4165
d2290a60a9c70be9657e5b313958ede5190ce4bf,2012-06-16 21:24:37,3366598,4150
a61d5e540036431825632a55c219dc49771465d7,2012-06-16 21:21:28,3366599,4151
744df380714a3773f806db50a6e42885c7d2a722,2012-06-16 17:55:08,3366596,4151
1014efe26f5f42adecde873866157dd28a8647fa,2012-06-15 07:23:51,3366596,4151
f40b7ab730e5551e71eaa5cffb2a521a7f5acbe5,2012-06-15 07:12:08,3366587,4151
f386f7d48470a442e7ce7a89fc8cb4ca7daea5af,2012-06-15 07:07:53,3366495,4147
40fd210c99568aa013947925dac3c37f3d9134b1,2012-06-15 06:54:17,3366084,3993
c153a2816e1af63c06fec4dae0cbf277ce099f83,2012-06-15 06:41:23,3366025,3993
38c3f862b37ed8330557fd02f4d52073ed845ae7,2012-06-15 06:38:51,3366021,3993
28d507d24fcfb73c28de57cf84a6420665bceaa8,2012-06-15 06:34:40,3366019,3993
51ab11c6d95178037f1e53013cb50bb3ce4fdfb8,2012-06-15 06:29:14,3365977,3993
ebc1855483d4ba59cd2d25d206b30bab4c80e6c6,2012-06-15 06:29:14,3365943,3993
caf13651b73251b7b6fcf92674f8d5ea754dd372,2012-06-15 06:29:13,3365942,3993
945b845d35cf66a1154d3e5af6172967093972b9,2012-06-15 06:29:13,3365692,3939
834d9f589177b70c2ad71aa8c5558fb965bee426,2012-06-12 16:40:31,3363275,3939
1b53adec2b9325fc54a528b45973956d17095112,2012-06-08 09:10:56,2963517,3939
5c2e330a155739cb7eb397774cf3daf14bd653e6,2012-06-08 09:05:54,2963517,3939
c8e311d79d91a69dcc435f42ba21a63a11398cea,2012-06-02 13:42:14,2963487,3934
412c3f4246811e145e2d5f0eb02fd93b33cd23a7,2012-06-02 05:29:24,2963487,3934
ca60a585962f6b869fd369c6b39e3c6502290519,2012-05-18 06:41:33,2963472,3846
1125b86e722d32daf769699bb26472f96774e919,2012-05-18 06:35:02,2963472,3846
71425850f61ad85e33741ed5a59364327532f6a8,2012-05-07 23:44:14,2963472,3846
4669c16e64b8986f76555665957bb22f10d81041,2012-05-03 16:16:14,2963471,3846
bf029ae65a39d0d620e2b5baa5c31e1995726d69,2012-05-02 13:31:46,2963461,3846
b3d74c9a6c8356db5c6ef7431a87ff0904445dbb,2012-04-30 09:52:28,2963461,3846
e185a5c2b698fce97bb5ef765e96f60710af7ef8,2012-04-25 17:36:00,2963442,3846
2c4e7b6a7e72a72c3b687e599ddc6846f4c5f178,2012-04-20 11:38:11,2963151,3846
3a84eb6d16e785eb933f29666513ad59127d974b,2012-04-18 12:19:43,2963151,3846
d937e6e05a2dd0950c4beb41690f2506e358ed57,2012-04-17 00:11:05,2963147,3846
edc93dc8d0d9b41275eb06f7f4463a3bd3050db0,2012-04-16 01:21:02,2963147,3846
5a46423d2866d6a06773287254c1cb396dbdbfc3,2012-04-15 18:27:22,2963131,3846
24a9665c4d9d3e2690599e60b8699af679a45c2d,2012-04-15 05:04:34,2963129,3846
67d2e8c2f71431860dfc2ebd89789f3dada3dd6c,2012-04-12 02:18:20,2962640,3846
d6f18f7f8b50c59b8d7f37d80ad5a4c6b39962cc,2012-04-11 07:46:43,2962639,3846
f6f139e99f606b3c3c0f326c0e084a6463dce1ed,2012-04-11 07:44:40,2962639,3846
81794f9096c3934f41e54bd09f8942994698d8fc,2012-04-11 06:52:56,2963573,3846
afb0707c9db7b5e693ad1b216a50081565c08ebb,2012-04-02 00:32:43,2963490,3787
29d98196b9447323d011765b397391a812d9abae,2012-04-01 23:20:45,2963490,3787
7ec234801b3c78f6bd72c80dba3b188c9f81ec28,2012-04-01 15:44:22,2963479,3787
71323e3be194081747844bdabd4f7ef4ca197c9b,2012-04-01 15:20:39,2963467,3787
8c645ecd797ef7236851c0619eb2f744b4772ec0,2012-03-28 05:23:46,2963483,3787
14b1ec6688a5960429a45a9bed3e4277ea015892,2012-03-23 14:42:17,2963435,3739
ac771a22b97f930fcab2cc5ab2b0bdb4f95ae757,2012-03-23 11:48:16,2963463,3739
03e47a1712ce7dd6f5db20000f708cfb7705da85,2012-03-23 11:45:13,2963420,3713
40b1590cbbe25fd9969dc2394ec4630873e9200a,2012-03-23 11:42:16,2963423,3716
59c4e32c602aa2e3e43494402cbf3069a7595c1e,2012-03-23 10:56:51,2963415,3716
3a6c243ca900efe1902b1631f85595b3abce1d38,2012-03-23 06:05:46,2963413,3714
fcc0ff7baece1713550c17a4b6caa1cc6d76b0ca,2012-03-23 04:24:27,2963412,3714
985d9c58f2df421dcd0ac5b591916322ea759424,2012-03-23 04:14:42,2963412,3714
775c2ad2aff6849ab024445bad4db307d8c61fc1,2012-03-23 04:14:34,2963402,3714
8db267bb560f6ff994dc8eb79b058eb9e985083f,2012-03-21 00:52:43,2963404,3714
f3cfb74cfc4aacc72925a268bfbe5e6bbcb396b3,2012-03-21 00:52:31,2963404,3714
b6d13a3ac7797474f4bfec7ba13481807ed38251,2012-03-21 00:41:24,2963402,3714
39ab313200081d4ba0c9b975dfd3c6c2380bb7dc,2012-03-20 15:57:11,2963397,3714
eb112f5c3d763da32ba777d7912dfccb80779c60,2012-03-20 07:03:51,2963397,3714
b0de295132abab554a825c1239763de83ca73b7a,2012-03-20 06:59:41,2963397,3714
173157555e8c72d9326a86483b158fd175a9041c,2012-03-20 06:47:04,2963367,3714
adcb14dd0e01d3a84c2e8218f7103ba172d78f7a,2012-03-19 04:44:31,2963367,3714
8f93ca08eac477fa31f7ee2909ad645e953168bd,2012-03-19 04:44:30,2963321,3668
35e8c949256d5bdadb5187971a7c78daf37be325,2012-03-19 04:44:23,2963318,3668
a48770cba365932713b638461925f907c14d0a94,2012-03-18 01:40:41,2963295,3668
afe570484fe90c4a8dab3080edf2ebfa00ac14f5,2012-03-18 01:40:41,2963220,3668
c6091b48c16da9dfeab107b79eb77d93a86fea06,2012-03-17 03:44:56,2963022,3668
c2c80c0e96127597f4b0fa15fd447dcdb8727059,2012-03-16 14:24:11,2963007,3663
d9404c0ab839e57dbfb78116add32db8ec8a2ecc,2012-03-16 05:54:13,2963007,3663
59a777e348ac4745362d33fae73c4f73a75ced49,2012-03-16 04:47:01,2963007,3663
8c7b586f03b7bf3051f10dc9474df1b3f94941fb,2012-03-16 03:54:35,2963001,3657
a59f11b7ccba6900b552db2df388b6d5adceb31b,2012-03-16 02:31:04,2962998,3657
8673597bc4e3a4d9f66e92be36d0e81fc200b181,2012-03-15 15:12:12,2962998,3657
26b28d7842fc5e178918cc7ba3301a0132aae9ea,2012-03-15 08:33:27,2962998,3657
756d0d3166da8bcdbac4c9bafcaa21b27f0b2d6a,2012-03-15 08:22:17,2962988,3657
b7d7cfc542abe12779187984aa7d7b4f35a957ba,2012-03-15 08:11:30,2962835,3653
b73ec44796af086acb5d7cdc104374fbd577c769,2012-03-15 08:11:30,2962832,3653
545a3f76b45228f1a403e103899b473bd7d218c4,2012-03-15 08:11:26,2962787,3653
119e1ba516deee21bcf91c6c5f276b6df950cd24,2012-03-15 06:23:43,2962752,3640
6e929f5fe2c54e35cf79ad7b96ea093bee401448,2012-03-15 00:57:28,2962618,3623
6c7b0207f467cba818bdb36e6a53ebb740b79c63,2012-03-14 17:52:57,2962596,3623
21fd5b67165ac66dc5515113e40954b4a80b3788,2012-03-14 17:46:34,2962596,3623
6c8a1c2dc1d9e33bf77224e2a3a2124236d56849,2012-03-14 05:07:10,2962617,3623
c78ae190a9f3aeb5a5df1c1145003f84c61ce50f,2012-03-14 05:04:05,2962611,3623
83af966d946d0e663a7b0fdbdcc5990379874f69,2012-03-14 04:57:52,2961227,3623
6de3e7fdb907c49b369d6580e1fa450634821fcc,2012-03-14 04:31:11,2961217,3623
4c3897fece4af7d89cb13e2a5a626f79ff60e9d3,2012-03-14 02:36:10,2961218,3623
f7ec1533d6fcff644306995e9290ba21e360f305,2012-03-14 02:35:01,2961218,3623
7b909bfe452cdb0329884ee7f6ea5e4d8711f7c5,2012-03-14 02:01:24,2961218,3623
46569882096b9affafc708095b64687a1596e606,2012-03-13 07:32:39,2961185,3623
35afa8fc9951da77af623577d89ca9b01941ecf3,2012-03-13 07:09:39,2961189,3623
8965adf7d23651355fcdab9187c2245b9a16c686,2012-03-13 06:45:59,2961181,3623
c12f1aab4af3c09a4b0771ac8a52e620af4d86b2,2012-03-13 06:37:50,2961176,3623
21106b4289d6636bd670df9fa7a1643f3179e7c4,2012-03-13 05:44:13,2961148,3623
74d4a6bd9063cf03788f5c0956457ab0a342572a,2012-03-13 04:35:40,2961142,3623
5eb9d8a10270d3e42e5b3eebf5a9754e26672be9,2012-03-13 04:04:55,2961142,3623
7615582e0c93c5a6a6abe8b8749d14bbbaeeb9fd,2012-03-13 03:51:14,2961138,3623
2451001d817df18e0182cbed64f7c0957e142498,2012-03-13 03:44:04,2961077,3623
775c94942d7e221ec1693ebc58c85654bb22b76d,2012-03-09 15:42:53,2961033,3623
13d4f28ece00dcd2bf126692c12a703347236c98,2012-03-09 15:29:48,2961033,3623
ac699a4d906ce22d830c438b8527eb72d08a6b25,2012-03-09 06:10:42,2961289,3623
ac906391d4f9d97f6fb836f49aa8828cbea22a2b,2012-03-09 06:10:17,2961269,3607
a398b3fec0625ecbd3772f0b6094929dda38d482,2012-03-09 05:58:30,2961232,3607
8c01f46e4d97e65ae5e7d400dfff10580eda1778,2012-03-09 05:56:02,2964055,3607
de13c551fbb0e80d1623d775e1dd0bc4c8e39e2a,2012-03-08 15:23:54,2964045,3607
1faf94de11efa2832656f52786f4def4812dad16,2012-03-08 15:23:22,2964029,3607
cbe64f0f0f9b56d6aac2ec5ffe81e268ac992607,2012-03-07 07:11:24,2964018,3607
08fc50d149745b078c9fd73a213c8c83307beaa2,2012-03-07 07:11:23,2964021,3607
6299e146415ebda81a361ca929ce0a8c8e26e11e,2012-03-07 07:11:23,2963273,3607
b7a69df6ec963190a81f67500ef11b20b1eb0427,2012-03-07 07:11:23,2963264,3607
714642c66ce95f0ef41f12770ac0b9e38002121b,2012-03-07 07:11:08,2963264,3607
4ccfa463b98c5477529ed20b87c3f8385db51a2c,2012-03-07 03:01:24,2963264,3607
33f436d703ab560370c0a2d89ff9b86a203b28d0,2012-03-07 02:49:04,2963231,3607
685c5f5725bcd0208705b973fdd27b475e265aee,2012-03-07 02:44:19,2963227,3607
36cd85a475fed3d3fdb22f157e7849b63354d21f,2012-03-07 02:23:10,2963225,3607
df93134703ae6b373e9c4f615ba30ef8e0567f2c,2012-03-07 02:22:54,2963175,3607
cbdd80e98ea1eb29d5d3a9c65c84798b472b59b1,2012-03-07 01:53:44,2962979,3607
f34e8b152802a5cc54decb116be5af25c1dfabe2,2012-03-06 05:34:52,2962981,3607
49c2900767566ff0db8d2ea941d1f72fca02f36f,2012-03-06 05:20:52,2962981,3607
1ae3c5aa2b882e0e96478b7dcb3f93fcb8d183a9,2012-03-05 05:49:47,2962981,3607
4b3bb8e049d35f3ddd467624bbb6ff435d5292d6,2012-03-05 05:39:13,2963031,3607
61a3bf90216ca3903bc738880bf3a3660c9eabb3,2012-03-05 05:33:08,2963027,3607
a0ef8cb8985cbbb9d4b2034af8b995f66a3ae8eb,2012-03-05 05:07:26,2960556,3607
9943ae541b26548209fe0c86cac4f9dd0a9ab92f,2012-03-05 05:06:24,2960553,3607
0d77f588ec41309c1651ab6ce037e5fef0b6d25b,2012-03-02 15:25:31,2960553,3607
ee4cc1125f4e415c3f862664fb8137580e461835,2012-03-02 15:25:10,2960550,3607
61c4e4b2613de8dddd8daba0ff01bc60e15438bb,2012-03-02 15:23:58,2960557,3607
da078de819a339403478a74d02319856d7531497,2012-03-02 15:22:09,36306,3607
ddc0a7d62321d56bd9e5cb39e6c79edb07bb8259,2012-03-01 16:17:51,23276,3607
61eb86782b0dbdf1cf54d876ef9ad7b3b7fd1377,2012-02-29 15:55:00,23276,3607
e88e008ecf742f705feba07fa9ada3d21f802c82,2012-02-28 15:46:09,23151,3565
d17bf8c825897258b9f707630514d47ac100140c,2012-02-28 15:41:19,23122,3565
cd0567e8cdc144ea3f9b9057371c1a865680eba7,2012-02-19 08:49:28,23048,3565
5a53b7ad55a8c78eb395d03129e8b8b2c528ae33,2012-02-19 05:33:03,23014,3565
9d1c2e90ac37b9101919acbadd9a338bd3282b8d,2012-02-16 02:47:56,23014,3565
1411ebdff630491ea0de3b58faf4d5171778f5f7,2012-02-16 02:41:51,23014,3565
bbce8920d0a56874daba39c7d69f64e3d64c2eb8,2012-02-15 07:08:38,22883,3517
7fa13832ef7b6c8931bb25619e890f1ed969c165,2012-02-09 09:12:47,22857,3517
28071ebcaeacdb5035951c16c5eb90b3f12e0fa7,2012-02-03 17:10:35,22725,3500
e734c3180fee4c4aa34147aaf12cff6a1c89198b,2012-02-03 16:43:18,22688,3500
f6c29b16c1f961f496710c942ba51b0992fbd814,2012-01-16 02:24:18,21938,3500
1770a4fd33987c7b54b852346ad084957e180bb4,2012-01-16 02:16:52,31711,3500
8f08d54b139f98e6d173152edbe5491f3f476161,2012-01-12 11:06:25,31563,3500
12504321e1466ac797e91f07026bef73c18f3273,2012-01-12 11:02:46,31563,3500
ada732f4f455bfad3483ca49b8d21d66b1870bce,2012-01-10 16:26:38,31536,3500
66a79203b1d6dfbe96e5b3c55741b15ddc8be428,2012-01-03 15:42:51,31552,3500
037009fefea51df1531d825a3d1bd6e3af6f481a,2011-12-30 16:28:56,31551,3500
30134bab5d4eb2cad76747cd69159140785d6cc3,2011-12-30 03:25:18,31530,3485
91b272760b528376f3b3d665e1a76afadecd0046,2011-12-26 21:16:31,31510,3485
48027a3f013867e2462fc0c6623252372cae00c2,2011-12-25 11:34:42,31510,3485
195bb7238c327f47b4102b8a0d83539582ec1e13,2011-12-24 05:18:14,31508,3485
7592806fb86017f523ecafe45eef7fc5b6f22a68,2011-12-24 05:08:42,31512,3485
bb07cb941e8176ae07b47311b323017b3f728499,2011-12-24 05:06:23,31512,3485
a383afefd0ba5e7d017d9568a34c852344bb3956,2011-12-23 05:56:11,31512,3485
b465acf5d38d8071301873ee2ec0a34df8a55220,2011-12-23 05:55:00,31512,3485
6356c28ba3501968a5de8d79ff2f83462d193b01,2011-12-23 05:54:55,31512,3484
7ad2f213c8ef52e8b06cef9eb7c0edd3a7f08a0d,2011-12-23 05:54:51,31512,3484
90252916a69f1180ffb846352fe1d807c31011db,2011-12-23 05:54:37,31512,3484
9ca1a4042cf85be81b1087b2c2e28e38887e061b,2011-12-21 15:59:39,31491,3484
1e8b0a733654d091eb1de131592905cdfa063795,2011-12-21 15:59:39,31486,3484
f7675b162793edb82481af34ec4ded1574c27b36,2011-12-20 16:24:08,31485,3484
7c07bd43d2c28e7e38e7dc65375395c5e376b20d,2011-12-20 16:11:21,31486,3484
24f6325308d17f4f1463a74c734499b44edc38c2,2011-12-20 03:01:48,31485,3484
5528c046db5eddd84c8eba54a0e4fbb23209b0f8,2011-12-20 02:38:21,31472,3484
f3277bc5e9b11be0e76798dca524c044b203d759,2011-12-20 02:01:19,31559,3484
feafb4f5a33bbd002fa9e165d847a6afbcecda56,2011-12-20 01:55:27,31556,3484
446abdbd7eb2049de70a750e041485f0fadc85aa,2011-12-20 01:53:39,31518,3484
471e12a375c933563d7ac9d51bed5fa95fa7d930,2011-12-20 01:52:53,31518,3484
d5bc2b8192907266e1c04f63fb7500e143330983,2011-12-20 01:51:45,31518,3484
9eae7f101b0460346db93d69c8e89e02b0ad0314,2011-12-19 16:28:06,31517,3484
32203d9a97c45c2eefb4dc3cc0f8a9bea3831988,2011-12-19 16:22:06,31472,3484
6983f6bdf16903aa030b05c0eb61009d376e5bb8,2011-12-19 09:14:31,31472,3484
b10dc130ce3d4aa2da4d4594d8e4cca9ce2655ab,2011-12-12 02:54:35,31452,3484
3c0957834cf40014ab0d4e7312dd0d32cf6ada3b,2011-12-11 22:32:00,31447,3484
d9d2ce73e9167349349fca2d24995d03eced2785,2011-12-11 21:07:06,31446,3484
04e281e36527c129630d419f94d92ece6986c935,2011-11-05 02:54:24,22354,3396
ada7611cda8397f25b79851c8e704f0d283720f7,2011-11-04 15:39:01,22354,3396
f1b03e84d92225aaf7352320467aeaedebab9210,2011-10-29 16:18:50,22287,3396
8ffd7a2403933224c20223d50f72ee9986b2f0e2,2011-10-25 16:33:10,22284,3396
f18fd5372fb484e4dc13db72fa00d844dc2fc740,2011-10-25 14:48:27,22187,3396
fe20c0987d157fc30d7ea4d4f0342f58923b2a97,2011-10-06 00:26:46,22621,3396
a00d453fcd38c7eb8c7d0938512a253a771364c8,2011-10-05 04:41:35,22583,3357
1b7564ec3c8eab4f86302496ca7dcae662bef683,2011-09-24 05:01:12,22538,3357
eb255817c54ba52562815161047396030886f0ec,2011-09-21 06:05:34,22518,3357
8b0f13309a86809fa0132aa4d79ce2235e222c3f,2011-09-21 04:55:24,22855,3357
f75bc156bae1b0c0cc55d8d719ef564e45796514,2011-09-17 04:57:57,22671,3248
1178637805e967fc3698b84451ec557ff338daa8,2011-09-17 00:49:09,22673,3248
f0aec8d3fba844fbdb2165655ebf5035098f257a,2011-09-17 00:46:05,22875,3248
2d0e4fc57c8aa025cd8bbaa57091fe3df5277099,2011-09-17 00:36:27,22873,3248
76de8680755719c5d4d3da485895ba59c025b24f,2011-09-17 00:34:02,22873,3248
e8b565547441f050e39562006fdd9e091b14a76d,2011-09-16 14:31:22,22910,3248
4544b129c970645fc64755bcc370f37dbfc9d001,2011-09-16 14:15:21,22910,3248
df93935d52b61929c7a12b67364afdb79b3b3dc7,2011-09-16 14:14:38,22816,3153
5449251a6c1db1f0af1959e7e07b04c467295761,2011-09-15 16:40:22,22814,3153
6d42bc012355b9871cdffe6179d5f23748b105e2,2011-09-15 08:08:48,22814,3153
eb95355a28dae8eed7322639ddb9273516b0fc40,2011-09-15 08:06:12,22813,3153
a169fabc0f116e850caea97912826b016107143d,2011-09-15 07:25:15,22812,3153
20ed9a92655087e2515562cf40ca2e8d1c31b9e4,2011-09-15 07:24:22,22812,3153
78815023e55c0b4647c04c57678b7da0ae020afb,2011-09-15 07:23:04,22812,3153
f73108a1d81313813212081c597e21055f5fc96d,2011-09-15 07:16:41,22807,3153
b0a5b6dbaddefc0292d7cee1570a54c53a0a7af4,2011-09-15 06:46:01,22801,3153
37404ba179f510352d59e126c2089bfd0f1d4534,2011-09-15 05:47:26,22809,3153
7a9b6b4fec3108ccd2a0a3a3dc333cee490718af,2011-09-15 04:47:36,22805,3153
ac9be2a0d47ef16b13a8d8f349da4f3dd763aaff,2011-09-15 04:47:36,22807,3153
e960279ff26048fd7a366b86bae82ed178564127,2011-09-11 09:19:20,22370,3153
1ed381c95f7f8a01890c7ea3f85983fe6266c66c,2011-09-11 08:08:49,22369,3153
b6102d7f6ef2a66bc3d35f6f0c86fdcdcdc108bf,2011-09-11 08:04:53,22369,3153
d90d11b551d9cd8c15b2e9397d765babdf34877e,2011-09-11 00:23:36,22291,3153
bcd01d222b67f9e10f5ec9c75a20d6c26b3dffed,2011-09-10 18:05:25,22283,3153
b20aa4345efc0cc57f450e5344c88914fcff98ef,2011-09-10 18:02:49,22283,3153
1fd9c20835426d89eea5d4f342558aa61bcc7a8a,2011-09-10 16:15:34,22279,3153
293c7a44985d67561cb5678b5a40f56aa2207d42,2011-09-10 05:43:05,22239,3153
53b70172a199713f50300319e7b7e7c28b1a4939,2011-09-10 05:01:09,22232,3153
b68e06a11c9669a78d1411fe4c0d6b0c152ef1fb,2011-09-10 04:58:00,22212,3153
7a2fd4e93c8f1abe807d32a769648b641154a4e0,2011-09-09 16:13:28,22208,3153
f5c2b7f69ba80e07e12464505dbb43ae00ce61e9,2011-09-09 15:00:22,22207,3153
d844d5404f429d426909532c03ecc69de27490b1,2011-09-09 06:40:05,22208,3153
f7162f7302ad32c3b8b0e7a6ba35c16effaa16f9,2011-09-09 05:35:07,22208,3153
e67428382193d21d752b334e2e154312aa2e4440,2011-09-09 04:37:40,22210,3153
64bc80d0804d62bdae80e14056731edaec7afd2d,2011-09-09 00:55:31,22210,3153
a62299214d481964818fd2918a9ec9d5da2c7533,2011-09-09 00:49:05,22191,3134
4fb37aa0ccb344622d3e3f20488b8f17f067f943,2011-09-09 00:37:01,22190,3134
2b83a522516af90f14d179699d8b6bdb6b5f74dd,2011-09-09 00:32:31,22186,3134
b412aba06d093d5896eecbf6da9639a558495c32,2011-09-08 20:25:44,22182,3134
6a79ea7e6d93543421ecb37c54f93a5fa515f3ca,2011-09-08 17:00:07,22182,3134
67be09ec804518f2beac98990c57c70a6728a814,2011-09-08 14:34:19,21992,3133
080eb26a11ba2cb915110155dd8a9bbfef37133c,2011-09-08 14:15:13,21987,3133
d94b0c4fbb43c299ee8e7e0e1c21902f9bea9b4e,2011-09-08 03:50:02,21985,3133
e45c5328b9471a8e93e359312658cbd59ed59253,2011-09-08 00:52:58,21985,3133
059e72588c532c9590b114a8d8597bbac1f14b3a,2011-09-07 16:27:20,21967,3133
d35f81bbdaa27954201c3bf8e2ef32895695d13a,2011-09-07 00:00:59,21967,3133
bc348c5a3500901cea3dbb20de250354fe1cedd8,2011-09-07 00:00:59,21972,3133
962f99fa774337c3c71e85666d86cad6b3659bad,2011-09-07 00:00:55,21972,3133
e14c07f288af9422c25958589c8212bc1c09702b,2011-09-06 23:38:51,21972,3133
07c6eb81f56d8c423673688a0cb2c32f301f7d6b,2011-09-06 23:37:54,21972,3133
3dc9fe53a020635d5179bba43251e98b67e8c4ae,2011-09-06 23:36:23,21973,3133
c0e179d59ecf391472922935b79c989ba9452208,2011-09-06 23:35:19,21973,3133
cebe64ec31bc3e0e6e236dac0a2cc0fffd7150d5,2011-09-06 23:33:11,21980,3133
7aa5ec5347168959092406cb59026deef7ecc27b,2011-09-06 23:01:19,21955,3133
f83b9a5ba78e627b5edf57c2d06e291802c50bd0,2011-09-02 01:06:30,21025,3125
750e1e98c40e5334fec8d5d52d8c78cb5a306c91,2011-09-02 01:06:30,21008,3111
31c2decbd3794a54531d59051b65e8567b1e843d,2011-09-02 01:06:30,20987,3101
12171fc9c6bbdb30876ac1261b92f4ba24f438c2,2011-09-02 01:06:30,20953,3081
715f1a7fc3c344f49892c700a7ae66cf04af85e7,2011-09-02 01:06:30,20917,3081
a0b97e8c6f67abfd1b1516e103ee4e83b25e3f17,2011-09-02 00:37:50,20886,3081
4dca2b3d602f64700df7f185f54eb22e135bea33,2011-08-31 16:40:43,20889,3081
783229214c69f266771852ca67e6b88a2578bd08,2011-08-28 22:12:12,20308,3051
66460a779313595f40fbe341d81a3973213b171e,2011-08-24 12:48:07,20155,2942
051f3ea839ce8bff7a2f95c4bd3acbbd4f5ae635,2011-08-24 06:34:50,20153,2942
6fe972d0a870f7e7c26819e84691353052ad8ade,2011-08-24 01:53:53,20151,2942
47929b4507a16af12d813055aef7ed27b15abd66,2011-08-22 16:03:11,20152,2942
d3cb9fe75022beacb50c18bfe791708d4b0a71e8,2011-08-22 05:07:33,20128,2942
f95a39230b8b850e50d4ca974783500e3a524e09,2011-08-21 08:34:14,19909,2942
6e4c1a40f256a5476d6463ec0c0db747a0153bcc,2011-08-21 08:25:43,19909,2942
34a7389a2c81c1e5c75f8ffefe3f840dc900067c,2011-08-21 07:47:34,19909,2942
83922ada2f975ab1bb411453bdafa4bd5c6d5aad,2011-08-21 07:30:15,19995,2942
4a96278d1bf992304eb68827883529c8eeea1b48,2011-08-21 07:21:15,19995,2942
d3f10a8e18408c25c66f80f91c14779e358c92b1,2011-08-21 07:16:38,19995,2942
8af4fa714cac4aa83e6884065351b3b31b853f07,2011-08-21 07:16:37,19990,2942
944056ce4a0877ec62d9ff01049e59b5d7826888,2011-08-21 06:52:23,19976,2942
3ec96ea6b0eb8f4165a6e5cf360b71961ae82147,2011-08-21 06:47:39,19978,2942
52746493c44ed017aa020078fa1492957f2233a0,2011-08-21 06:45:21,19970,2934
59785ab4e9c802ff3688475c627d9b9842ce16b2,2011-08-21 06:26:24,19971,2934
af727e95225c09cdf2f0a47f2b9d6b7a3f5125e6,2011-08-21 06:23:06,19969,2934
2dbdc3659825bd66e11d7d5c87f7973b1ac76114,2011-08-21 06:21:39,19972,2934
776da4987f0814a173c37b6e035b117bcbe9a6ec,2011-08-21 06:11:14,19972,2934
ba41180fa1ec884a26b57c11afc76886dd14f44a,2011-08-21 05:58:11,19969,2934
7a0bd2a569a6de83d4d5a11610bf3d9176694ae9,2011-08-21 05:53:22,19961,2926
699f4f76f25ea2252f31f82fd503b0125ab45709,2011-08-21 05:34:11,19945,2910
9d19e02355d17c69f797d0f746391fc92e212b19,2011-08-21 05:07:18,19945,2910
319fd80ec34348c5a1a4ee653efd2a2c93cb55b4,2011-08-21 00:57:01,19909,2910
149c9512620be06fec06009b336bd46e55a52b43,2011-08-20 23:09:15,19880,2910
75c925a932ad53360f6f7a831b526baab7658131,2011-08-20 21:59:08,19879,2910
710baec7352e2421172e477682d5ccb3cdb480b1,2011-08-20 21:26:16,19879,2910
bc644a138aa525d009209170d129814d686e1bb7,2011-08-20 21:25:37,19878,2910
07051055cb76a7e4f638eb35898d1bfcfdfbf38f,2011-08-20 00:33:34,19876,2910
9469a0d343214f0f3c89f6dfb28c32bbd33def29,2011-07-25 07:25:09,18904,2815
c5213b24b01fe0a09a4b926ee4e4c8b8b9dfd07d,2011-06-28 02:54:39,14816,0
1f2c80ba3248f9626db91b046a99ce336fced58a,2011-06-27 16:08:56,14384,0
f25a7a66e540400efc67edb52ccfd17cb5ee136c,2011-06-27 04:51:30,14334,0
da629874d3b6e8b2673e0c79a75ee723f60f8d1c,2011-06-26 21:05:48,14358,0
c6db0354ea13b7335e751f45b004c410407a0926,2011-06-26 07:03:18,13208,0
cf23a5c6e390ef045f5c43d3d90cc3cb0712be96,2011-06-26 06:59:16,13206,0
c6c039a953c93446cfb0fd7efef731abfa4e796c,2011-06-22 05:58:50,13163,0
8064c294b39194ec38c8265c40028a30973a7d2e,2011-06-21 17:46:12,13135,0
8094cdb4e7d3179066eb3ecba581ec36baacdfee,2011-06-21 06:24:51,13121,0
3abb03d63810c746c5297c0862203a9ead8cb63b,2011-06-20 17:26:32,13287,0
00810e98b36ab3176fce6c9f5444a6a39da0247b,2011-06-20 04:06:27,13095,0
9931279ccc601ed4f1d9a899ce76e97fe9b745e7,2011-06-19 22:28:58,13094,0
6e2b36285005db9fa9fddac507f1dc67febf3b42,2011-06-18 03:52:19,13110,0
12c81516cc07d72e2ef1094df7db1bb7057976c8,2011-06-18 03:52:13,13110,0
944afb314e146b8424f29145677ed44c1373abbf,2011-06-18 01:37:01,13110,0
75bbbebb894199ab9e9be5ee184e3e1d53a45e57,2011-06-18 01:04:20,13110,0
78856f8d51258fe39a89d0eb83d1c8f9eb1f9443,2011-06-18 00:43:47,13101,0
6b28a956aca91a0937ae63279494bd5bef52d4a5,2011-06-13 15:11:40,12959,0
693d1c5f2383890ba7dcdb59565a99545843b8ad,2011-06-12 00:16:49,12810,0
d92723bd29af497a80cf5ea9074025db050e6995,2011-06-11 23:05:53,12805,0
f6c55010b9b1620bd231f10faf3770b84e90a52b,2011-06-11 10:51:08,12800,0
c2c6cbc287e52c7214c4c24a6dbbd36e98c40fa9,2011-06-09 06:47:14,12579,0
751e471068e71074f63b2cf32a387afab9f73210,2011-06-09 06:32:14,12481,0
dd8344f0416028040c754224b5712f760fa7598c,2011-06-09 06:28:54,12480,0
555f80c8998257b6a9f6ac9fce9d2fb7483b716d,2011-06-08 14:57:51,12455,0
5b2fdca640eee18c97b686a0d696172a3ae68a3d,2011-06-08 14:54:28,12448,0
1cae77a3e0cde121081ab47c7a48cc567e01b188,2011-06-08 08:10:00,12386,0
ea62c17b91450e5a0750c3e1c719c101273ab487,2011-06-07 18:27:10,12327,0
4dfe70f620d2d0dc8ab61c67652f3631b4dc036f,2011-06-07 07:19:12,12201,0
a0ab4f798ea07c4f5849cb520d5d8fbf43eb850b,2011-06-07 07:14:01,12192,0
8722399c0afba063d266b47b12a624ab9acf914a,2011-06-07 07:06:08,12228,0
cf8a890f8bc118ca650c6d6ed45124dc41681ac3,2011-06-07 06:52:39,12151,0
c8504f69949acab4ce7a8b9a12eebf1c55dc5d67,2011-06-06 08:40:17,11982,0
d9d9d5a8acacbf4c63a8d2551e8dd85f9d02075a,2011-06-06 08:39:24,11968,0
c68762dc9d19b54f4178282743de00fb87152c52,2011-06-06 07:36:31,11953,0
a8a4da152d17f3cd64c2c5d906165ab61f358ca3,2011-06-05 20:50:53,11948,0
203aaaa4d0d21d0d6b7ff2fb5a10163a72631027,2011-06-05 20:45:31,11943,0
f4d40b82f1693d42f9eda000918a4632bd52be16,2011-06-05 20:26:10,11945,0
3170b2b4b618cd191e03fd8c15c23c2d53579788,2011-06-05 08:11:59,11946,0
f8b9c322ea3f6671889beabbc589f3670038a2ee,2011-06-05 07:34:27,11925,0
dfb19a4d8a0ca4ee0d485ce19ab3623ee3e4edf3,2011-05-29 07:29:29,11383,0
1d9c34926579872655ee355ac454bbd3010e5f8e,2011-05-29 07:20:56,11372,0
5be29972cf1c9a1b5437922913dad1b4e8a78190,2011-05-29 04:16:18,11369,0
e7ca6c0aafca19ad56ca9247919829ff3e979239,2011-05-28 23:02:48,11338,0
7594a050e988a78e74d871f6c63e34d1c7716b00,2011-05-28 20:51:39,11315,0
ff726de7968fdba436ac439b4d27f3dd3da80638,2011-05-28 20:45:23,11310,0
b1af26ecc04516dcae3865a9638b301e51de9fe5,2011-05-28 09:06:20,11318,0
7e099abaf20220420231d60d05008532b8fcd483,2011-05-28 05:50:33,11254,0
2a46ccde8b3d237f1c19d760780e6c244844521e,2011-05-28 05:36:34,11257,0
b8fc6558a2bc6e51fefbdb09dc4d6a126d734704,2011-05-28 03:39:09,11260,0
f5e070d4448e218a62df9e52d3cf3c428a0f35b3,2011-05-26 09:18:09,11233,0
a65ae9b1a84e5e0f8fd67bfa1c9642e70d0ecc6e,2011-05-26 08:56:43,11221,0
9a2fd4b36160b505885e1b278337a61fee958bd7,2011-05-26 07:27:55,11213,0
414a46e921fc5511533162d742e00aac50e34608,2011-05-26 06:37:56,11211,0
55bb382a1ba0e427e23ee29ae78d87f7163d935a,2011-05-26 06:28:41,11209,0
f84bef4b38ed51e9bdca8aa784d7b945d2d028eb,2011-05-25 21:37:58,11197,0
5da05055cc0beae4fa774298416ba44d879a55e5,2011-05-25 21:37:25,11193,0
5f018b32b2e6e421071a2725f2d52c4fe0e7ed12,2011-05-25 21:37:25,11185,0
838b110e9ea2e109f690b7c8aa82929a174e27d2,2011-05-25 21:10:35,11180,0
a1f0691311c3e821ca6f91162b7448f0ef239f1e,2011-05-25 21:04:30,11180,0
df64f60ec91d5e21c3c1ce839224a15b7461e96e,2011-05-25 21:00:20,11178,0
041e827447278d5a9f743e151d887305a40f6a93,2011-05-25 17:55:25,11081,0
d15e0978152497b90ae6349a0192afe853e0a000,2011-05-25 17:49:35,11082,0
0120e033357d3beb26788c25877046a115cfd9e0,2011-04-27 07:51:47,10838,0
dfd4c065861c8a36bf475a40a6df2b833d692290,2011-04-23 17:43:18,10836,0
0a91497075178c069e6959759db98bc648d5bb0f,2011-04-23 12:41:19,10837,0
0acb9195b0e74176b702598756552b41e2ac2001,2011-04-23 12:38:51,10837,0
e32b6ba52942297d114f7d33d8e294611a5f48e9,2011-04-23 11:13:38,10797,0
c8043520ee96a9522b45f0f6f24b49e68ffd6f97,2011-04-23 11:09:42,10796,0
a7713e31dab068479066d07b920837a1823a0d3f,2011-04-23 11:05:43,10794,0
d4df69b1758fb885c721ccb1f8b6de1a8725276d,2011-04-23 11:04:48,10794,0
ef899fee17b582d30b34486febb7108b3d15a360,2011-04-23 11:00:00,10794,0
6593a170b80b78d20b3c847c7c6f9ebe922fcc13,2011-04-22 18:34:31,10794,0
239ace5357d43848b2760be6582f20390402b8b8,2011-04-22 16:07:18,10790,0
34081845a4d51128cd2da6a510e3be4fd34cd17b,2011-04-22 15:39:53,10709,0
71ef73998802ea4f102f4ccdd9be2555d1bff28a,2011-04-22 15:39:52,10674,0
0475c72cea4b323fd30877d2d35012bfefff3489,2011-04-22 15:39:52,10669,0
b2e50a26ceb0e3bb3827445020a80932e7c02996,2011-04-22 15:39:52,10662,0
5d8e00c6954c82330f945d74ef33eae7aac6f9b2,2011-04-22 15:39:52,10649,0
a486b7efa05ae79ac0fec87cceefdac183b3ccec,2011-04-22 15:39:51,10632,0
a7c8008498e4e03c57f2e162bc36f1d4cf549240,2011-04-22 15:39:51,10611,0
20f278257ee0822e67055c6784c1f7b646b97e59,2011-04-22 15:39:51,10601,0
13a6be70b3e5f79f006f737d3c9932967d4b08ab,2011-04-22 15:39:51,10588,0
99658b7f773e2035cf843cc86b3f31a0f7f7dcac,2011-04-22 15:39:51,10571,0
c5101aa3a2af457e92a4e75c24f6a96a44f396aa,2011-04-22 15:39:51,10558,0
94069c43ead315893ae602382fec4297a07124a8,2011-04-22 15:39:51,10550,0
fdd1eebe0a15dc4e76c36db035859141b132299b,2011-04-22 15:39:51,10522,0
e1317fffbb0cfcabcf30f1221e017085de7f06bd,2011-04-22 15:39:51,10514,0
3717373bc4d6bbef6a952839425519059d1c329a,2011-04-22 15:39:51,10469,0
710e947ac79641da77c8e0769744cf0d099ea177,2011-04-19 05:50:27,10463,0
a23a012ef9d7bbe266d6f6f439cfc0987b98bc2c,2011-04-19 05:47:29,10453,0
4f1fbb3f81aeedb11028bdd93c24454e08a40517,2011-04-19 00:04:15,10449,0
fa0314a2f1cd2ffc2ba79527b30d638c9f55122c,2011-04-19 00:03:25,10444,0
f5e07481ddefc36204e558f3870f386fd1168e29,2011-04-14 02:37:14,10439,0
24f013df73fcbfb65ebbd5dc35f31a88d7c5db4e,2011-04-13 15:12:43,10316,0
924eaa9cbd2da6f0150839f87c2f09c5af37e00b,2011-04-13 14:45:54,10290,0
201731325af54a18d0320fb819af66f15c1295fc,2011-04-13 11:12:26,10285,0
acbc62a1a52915bdfefb57cd075094f176a4cecc,2011-04-13 11:07:53,10285,0
494866a76916bb47c7553ae5d6c9bd2b89458218,2011-04-13 09:53:26,10282,0
6fdc9d11f5cadc1158a5010eb4cad0bc76c9c010,2011-04-13 09:08:33,10282,0
9e1241d3fbac5b2792727076e80bf087adad71ec,2011-04-13 05:06:21,10282,0
2121fb4026792604422d8944effd082f32ae0d98,2011-04-13 02:36:25,10272,0
3ca913721959897c44c9b94e880f4a35dc5e105b,2011-04-13 01:53:23,10262,0
6f9f368cab859c0f576e15c194479f6676267809,2011-04-13 01:37:29,10260,0
ccde5cc41889912ad610e3cc7478ebf092121cb1,2011-04-13 01:20:17,10234,0
16b55bba45e37a513c3598e467cdbc930573efe3,2011-04-12 10:27:56,10231,0
7719e12aa749b3d4773eb0096f52f179fcfdd558,2011-04-12 08:38:19,10231,0
1bdd1867ff0523bf3b085165b1014ef24fb27dee,2011-04-12 08:37:47,10172,0
6c5c23a8fbe7bb44e34164041b974088b48f4ff5,2011-04-12 08:37:09,10172,0
42dbe9d8f2df84e1166d36facc28582b82b8f311,2011-04-12 08:34:20,10112,0
0bc48c7131e0589e7f2980e16bce6c2dfcdbafda,2011-04-12 08:33:15,10076,0
af2cdf944d03752bea465cada097df5e70b34a52,2011-04-12 08:32:07,10076,0
e449c4ba19d7a6485cb8bfc89aaec5a8f8acb824,2011-04-10 06:55:09,10006,0
c1781944c7c311854427b339808b85a3222a27ed,2011-04-10 06:36:28,10003,0
e808690fd84edd6331800d18b13102de88eb3d4e,2011-04-10 06:04:01,10027,0
7280e6d5c6b88edf16196879b446fc41827d4e06,2011-04-10 05:40:36,10027,0
c0ea3d8732349222458243b6bda796d9927d4840,2011-04-10 05:37:06,10065,0
8ed9dc1c44be68b0a49d42dc4dbedba3f45a2c44,2011-04-09 18:49:22,10063,0
1f1e1d17e48b6b5a5f44a7da490e14faaa516017,2011-04-09 18:48:58,10053,0
be72a29c9f4c3b09a8cbaf5e4a83cf64dc66ce4b,2011-04-09 17:34:04,10053,0
71e0612cccba548f7559fe13c8af6dc049b7a861,2011-04-09 17:26:04,9792,0
6ec8b3b6692f138e604b82f8ee24ee8be9d77177,2011-04-09 17:22:52,9776,0
c616205620db13b9e7a4f189e655414fc9ecf788,2011-04-08 14:49:20,9674,0
a45b8e8401ccd8534fc5de76467a487dcbea5f6f,2011-04-08 13:30:50,9648,0
f86bc38bc1aeebc2ca1af841327f974d9a164188,2011-03-24 22:43:49,16911,0
6ad335251945d7cad46bfa3153e5331d90738c2a,2011-03-04 10:13:32,3771,0
25cf54784f3928974cb920f6a86e08280f06800b,2011-03-01 18:16:44,3771,0
8951859a53749ff12271bc92cece0562646ccc56,2011-03-01 12:09:03,3727,0
378406b89d32ddb33451f4e62a7530cc6971e010,2011-02-20 06:47:15,3705,0
e15834522d6cc3ad3ba1c24b999acf46172db17b,2011-02-17 08:38:44,890,0
de8a2ca27069897568a53e9eefd33001fc95ab3e,2011-02-14 06:50:00,836,0
84a594112e56fcaf125be0a244e42327dd52d67c,2011-02-14 06:44:43,828,0
f827d8881874904266aca587735723a47228abda,2011-02-14 05:29:58,817,0
799fa0b210319958a88d06f6a01644dbb84287ba,2011-02-14 04:59:37,806,0
bc6792769bdbe58749069420a82c15dafcaa9fb0,2011-02-13 20:01:12,774,0
5a7f742c115c02c2cd9adc2c71a97be88d39c961,2011-02-06 18:55:04,773,0
e4a374185b9d51d4585215c6088013907a14783f,2011-02-06 12:53:30,737,0
9eb2dfb50567a27f2f3b009cb3994dbf5e8d4e4e,2011-01-30 03:17:10,733,0
4baf0269baa66f3d71b60b41bc457f8d5a1e29e4,2011-01-30 03:13:19,730,0
6e4aeb10772c133cd2eb3333ed532a523892b1a1,2011-01-30 03:07:35,730,0
7196fb7d5cc854bb695ffccde5de12bb3d9747ef,2011-01-29 07:19:14,730,0
32c5f02f2bcfeb4d4e54bc749cff24df95bc3162,2011-01-28 16:43:18,716,0
4de99130c52b9ca6bff39b8f6e345ea4e949acc2,2011-01-28 06:38:58,713,0
0faca2649eff12ed6e0ad12c8fc80164fa26e26f,2011-01-28 00:51:43,692,0
6bb2f1b4a12e81dfb23b814768fe3c65e74ce375,2011-01-27 23:57:35,692,0
d14be77e566d2d39a278a986ee1a9ea670ba1c84,2011-01-27 15:54:58,687,0
a8280b1eafe3e32da9e61baf5a2ed515c207b0a3,2011-01-26 03:17:26,687,0
8c655388aa222dfdcfc2e47120aca65581f856a0,2011-01-26 03:15:10,687,0
75506e37a5942b8dc3a1305977f20fe99c805a9f,2011-01-17 10:18:14,685,0
7f9e03ffad2201d4c5be4e77ebc673825029e5a5,2011-01-15 06:24:47,674,0
32701e9bbabed8732a23923ed7085cdc97132b1f,2011-01-09 21:16:28,674,0
bb5cbd63a1fe149a264d579d5a4fe5a23984b56e,2011-01-02 20:21:14,673,0
4113063283ebebc4e146a583aeac258796b82534,2011-01-02 18:39:50,663,0
5b9d091585f5131810dd5624002ae28d01750305,2011-01-02 04:18:39,828,0
2c4adf746f2780048ad78a14cfb73f15111115f5,2011-01-01 16:44:25,821,0
3a0d0886b6fd0b82ce0a246ea3b6713c428ce276,2011-01-01 16:29:03,818,0
0110913c1f85fbdcd82ab525f60e5d81f310f339,2011-01-01 06:17:51,796,0
04cc4193cab6c1d8ebd0cf0c250b1a45d85c9383,2011-01-01 06:09:02,796,0
6979a02837a9379f24360c7519683373d3802396,2011-01-01 04:23:55,796,0
24d433ea13d51e5c56a0da8eb040e851cac127f8,2011-01-01 04:10:34,789,0
a2bec750cd91147b049a8ea1187300f0a45cc9da,2011-01-01 03:35:38,787,0
c5de29336806dbb2c6081e4713bfcded5a90e6c8,2011-01-01 02:27:15,773,0
37d67f03955eccb492343472509ed1720c2906b2,2011-01-01 01:07:25,757,0
a75e67a041ca48281e2aa88e2709622e2d6b61cb,2011-01-01 01:05:36,731,0
ad252166d79c8c90ca65de352506fbbc52ad7a5e,2010-12-31 17:20:19,705,0
069cf546f60e80f60943891f87c920c77dac4b27,2010-12-31 17:11:02,701,0
570eee099e1470d5dd8f065f27cb0e07df08025a,2010-12-31 16:50:55,680,0
b2d8eca8c4bfa1d753ba637347010451cf260b42,2010-12-30 08:12:25,686,0
a580dcfaa29c1800d7d6ddeb5ea62c6b4773b36c,2010-12-30 08:12:24,487,0
4df6976427202c9952660946900071e19d218218,2010-12-29 05:15:36,512,0
d528b30ae6491e1e83dd4c584f5d0838a88ae61e,2010-12-29 04:26:39,498,0
d5b905a8ee1510e0c9258eecbc447e43b25f43ed,2010-12-28 08:10:12,479,0
88d679406578ee51b8163453dff08827e83dac8b,2010-12-28 08:05:50,465,0
1e32c58a770a899663d1348ddfe5d31125cb59f8,2010-12-28 06:59:36,462,0
fa93d5f6dd68c5aa1674fed46d760d3fd030c680,2010-12-28 06:57:57,460,0
bcfcdea8107b8ff8c86556500b9f7396682b21d0,2010-12-28 06:40:26,459,0
2153e5ebeaa8ab0583f9b5fd534809d0bb5fd8f9,2010-12-28 06:04:04,417,0
243dc0f82ca4f0aba82ef094a63bb67f90b4ab40,2010-12-27 23:50:58,408,0
bb355db6c46fdf623c7895472d7538e56f7cbbb6,2010-12-27 23:50:58,407,0
e5062741a7b15258ca4670406b8e396d074256b9,2010-12-27 08:23:30,407,0
979dff06dfaba4f0c863963fbd492fabec195910,2010-12-27 08:22:04,407,0
03297410cd65e06dc66882289b1c76938bd78080,2010-12-27 07:56:44,415,0
d8a5c2b7d0167d64ed74c8db1dfbf315806ea009,2010-12-27 07:46:50,408,0
9d7e4b4156fe8ca34a32aa211e453e756dce47ed,2010-12-27 07:32:51,396,0
5346072a90471d6d95f23f0479db20143dd338ce,2010-12-27 07:12:31,384,0
064ffa84f2225368508b5224c4760d5798831faf,2010-12-27 06:48:10,376,0
160c4128d89399c5b9184f5ad60bb69ce3186232,2010-12-27 06:40:07,356,0
5c05acd986980dd3e0d109201a11d437118dd83a,2010-12-27 06:23:17,348,0
8e74533ec0bcd317543267b39bc9174bcf857dec,2010-12-27 06:15:02,340,0
f0deb971a01b5a727231d9f2a2b2837e5a30c42d,2010-12-27 04:15:19,338,0
ec321505c4356d33caa5a408692227df69a42c26,2010-12-27 03:49:52,37,0
ea329c73483655525c2b7b98e72cc33c1fd9f241,2010-12-27 03:49:33,37,0
