5165aedf9ead6d2c3f1507ce447f69eff9129c5f,2014-01-02 19:44:19,9414,4476
e649f79321b4f33643a841adec737901c0447d3d,2014-01-01 19:40:27,9397,4476
9e0f4fa1869749c86258ff9ccba936617c4b1ed8,2013-09-26 21:45:09,9111,4208
1cee2e032214c6df47dadb60897c9f9d31c47a5a,2013-09-16 16:54:57,9111,4208
620d354454b8494f3def7626dab9af6ce5b6e667,2013-08-08 18:29:54,9103,4208
df10e174708d7f9429467e1360667f05150cb4f8,2013-05-17 18:53:31,7631,3581
31efa964a33808f8e831632fce52c6bcb1e6f60b,2013-05-17 18:51:30,7717,3610
83243300ee08fce052592c6752e32afd7c661c83,2013-05-06 03:17:54,7670,3599
e273f13f9f5aa8c2d14d85f84f7c27a133cf6b73,2013-05-03 15:55:53,7615,3558
6bf45b5345cd47e12d9ad536cc63532824375f71,2013-04-30 23:06:21,7453,3435
247805c54c6072f04a42d776dd8bc46e96cf87da,2013-04-28 20:23:45,7409,3397
200feae5bae9852e92c5ab21b4905d68595f7e9a,2013-04-28 18:15:10,7453,3434
20df7858ff59167196c42ad9f09250236361288a,2013-04-28 18:00:23,7461,3434
22e18a89ec36e04a0789856584e9b6bd92cc5053,2013-04-28 07:22:03,7432,3434
063c69cce29c1a96163ec5208e782a8eed922df7,2013-04-28 06:42:08,7426,3434
283c6e3a26df3ed50cad42880183d635a657d53b,2013-04-28 06:30:06,7436,3435
f08e6fd6c948bd5542c6fc575d70a0c0c1636b40,2013-04-28 06:22:11,7438,3435
c4f9fd25b2dd2b56170e4654b13f9dff6e8b41f4,2013-04-28 06:18:33,7569,3435
5d9662b1ae72835b024462e6c33f6e304e82cc52,2013-04-28 05:09:35,7557,3435
81194b458d6685ca79d595244c92bf1e527df9e4,2013-04-28 05:07:31,7557,3435
4284e7ba4cc9f6e2c067d82b2acbc574d579f2f6,2013-04-28 04:35:20,7558,3435
7d4364610d7196255f07eb946f2081074700db31,2013-04-28 04:35:20,7555,3435
e3504c8cd370a916c40dcd9eca6929a0ed5db5e8,2013-04-28 04:34:57,7555,3435
4e3ff761198ccecaa78ddcfd19b6e120e67ca293,2013-04-28 03:30:13,7578,3437
ab11384e6fd5c78666ccfb8437158d0c37d72a48,2013-04-28 02:48:58,7512,3371
d3e78b52bfa0f1df7641fa863db75edb7d277fa0,2013-04-28 02:37:01,7512,3371
2b01ac6c6ac606a418c7a25bf10aab73cc54c42a,2013-04-28 01:38:05,7521,3377
ee2457e154793ac6fc7932c807b25f8e1c162129,2013-04-28 01:36:05,7523,3379
91c1baa9f523d33cac01f1a6e250c15f3b450414,2013-04-28 01:16:03,7523,3379
56a43951ad87dcdce74e392b5c986372f86c684d,2013-04-25 19:52:55,7518,3379
8ddae3fa26a1cf84466640aaee9ddfb4f8b77309,2013-04-25 19:28:37,7511,3372
5de173ed037f322f6dcb917d4fbbe2c6d4d3df21,2013-04-23 13:44:17,7505,3369
7c0819fd644381907854a371cf979a80a7196a20,2013-04-21 13:54:42,7505,3369
7c8a0c29d78c46ba01227664d53b6f096b88b045,2013-04-19 00:05:55,7505,3369
eb4f03847a0ef417f435eba72a9bbe20d938dd01,2013-04-18 23:49:36,7505,3369
e34baf912c1d811175334f9dc58b6a073dbd4841,2013-04-18 22:20:16,7505,3369
3989a029754ce55c038a6a5b2d01f1f3d5bf5422,2013-04-18 21:43:39,7505,3369
5319ef2a9b594b4b78e48ef4757611a006ed017b,2013-04-17 20:23:12,7499,3368
d202456a17833ea40c1e13efca8a8b249e359605,2013-04-17 20:21:53,7489,3368
495f2c26cd8338840c6dbe54e8e67e7332198892,2013-04-17 20:09:32,7548,3427
bcd6076be5d45220086f5ba31e214f5f76abab1f,2013-04-17 20:00:30,7549,3429
6d21210c780779e426958326bfbc1381a091b170,2013-04-17 19:55:39,7552,3429
65616ca6f999bd1f0eaf3c1ed4d19efbbb80936b,2013-04-17 18:24:11,7523,3400
702f7cac6d092fa28c23ad9d7d821b8c4ece0b8e,2013-04-12 00:29:26,7283,3199
91b967072678ea89e9eb39ea5ea33ec7a67053a1,2013-04-12 00:28:14,7282,3199
59b053a4da6ba4de5fc5306fdae6bb13a4b63c26,2013-04-12 00:19:58,7283,3200
06198e271f4143ba4ccaebb86d7bc72f15cc8517,2013-04-12 00:07:57,7280,3197
27dfc1c0935f88b5dcff06e109a5e122431d2810,2013-04-11 17:01:53,7277,3201
6655d1b88719aa2104a979daf2b9802bf8c5d8e6,2013-04-11 06:04:47,7283,3207
2b7c020c94452ffa7a70b15470a3273489371cb9,2013-04-11 05:57:25,7310,3207
8f431c0492541ba8f248982916a8bf1d7591c0b2,2013-04-11 04:01:09,7327,3207
5963a64e9474eefc074f69149b1f12bcd60995b9,2013-04-10 23:05:18,7327,3207
ecb53434fc360af297a01a7f900602b3d1a6dfb1,2013-04-10 22:09:32,7302,3193
c752105890800c023ba403a5734c07388180f574,2013-04-10 20:34:00,7297,3190
396785c5e3f26f121e4f5053cebedd7c2031c6b0,2013-04-10 20:19:59,7282,3175
06de642abaeec446d17c440aed60d3ef04e3ca8d,2013-04-09 22:21:39,7272,3165
e11724e73e48a639ba6004a1cab751caa870f90d,2013-04-08 22:17:21,7244,3102
a54bcc29cae3a9539a7bb14cae87a2e40a5c8a81,2013-04-08 22:15:24,7314,3102
054f308a22754af49812cbde975e508826207603,2013-04-08 22:12:01,7300,3102
3e211147438f8a54e1009107149777e1a048636d,2013-04-08 22:05:29,7249,3102
510cc9f514638f433acc815108012832c3b07f98,2013-04-08 22:02:03,7245,3102
2e984a99a885aad7acee4cbb82e3f61edc5e2812,2013-04-08 21:59:08,7245,3102
93eca9a7b0b9a899d37347a0dcd6c4ca9039fc6d,2013-04-08 21:57:17,7250,3102
99a03b50d4211851dbce88caafa8f42549345858,2013-04-08 21:49:28,7202,3102
a7c0a85b7dc8b3ebd5f80a09153484aa724f39c4,2013-04-01 19:15:49,7190,3102
7985ad866fe188e5dbc337d65571c2fcfe5f8bb3,2013-03-28 15:58:45,7186,3101
2ce4870ec0fe5893fece46f054fe48a9a163ec99,2013-03-22 06:31:30,7005,3021
6c6f846bd15753cc32047fb6d325d6e6b1144e9d,2013-03-21 22:28:40,7001,3021
055d6e7ee4a38df2e7ba963f5dd2f1101d7ba2c5,2013-03-21 18:15:13,7002,3021
101e262498a32065e79fdd2c0ff123663757c581,2013-03-21 18:15:13,6981,3000
924ef93fdf6fdb87690b08dbdb6d77b2b206a2a8,2013-03-21 18:15:12,6976,3000
5e7a83d5a57b4e3796dfb5522d13424b33398c4d,2013-03-21 14:41:31,6968,3000
5d4cd5c58f69902fe418291e41b44adb4b75d934,2013-03-21 13:04:05,6968,3000
ad7298f0b94e4bb1daab6bd9517f16be6c2e7864,2013-03-21 01:00:57,6968,3000
8b372bb0e15a2829733fe9fcfbefdd380482b918,2013-03-21 00:07:51,6968,3000
48bcedf853de8a40c4c2d1846d77ecac361ee0e3,2013-03-20 18:44:25,6884,2953
3a35c769c74c4d97975b55f5e7e11fd721ff5696,2013-03-20 05:08:25,6875,2953
498e995a9958c94f1e48e0fa111914403922437a,2013-03-20 04:21:38,6874,2953
7dc6ef4d56dbf55f343ebb61aceddba863c80af9,2013-03-20 00:07:00,6875,2953
a698794fe99a7cde5ffa6a613308100b14e510f9,2013-03-19 05:47:49,6831,2916
3d6bc4ff4029fbc819b5cdb863d7ce317966d094,2013-03-19 05:43:01,6827,2916
225ff7fdc7cfd0c0e79c83e6188aeb12588081c7,2013-03-19 05:28:46,6819,2916
d8d29a4314821fbcb78e8e200cb6dff98068439f,2013-03-19 04:43:59,6807,2916
f29e90a8458a94287f366f772a4ff196a9953e00,2013-03-19 04:05:01,6801,2916
741387bd08c96969e8b7b25e4bae06d70a971d5c,2013-03-19 03:54:08,6775,2916
012f1884919986d09bf95ca31c8be7cf8faf0e26,2013-03-19 03:19:42,6777,2916
e60cf038f3c4e7dbf1df0660b472287956528e0f,2013-03-19 03:08:45,6777,2916
890ca9f2de24562467d811cbc14e0b62aac2c6ae,2013-03-19 03:00:15,6768,2916
ad252f69edffa57d65fd54d1dd0b1f91ebdce213,2013-03-19 03:00:15,6765,2916
ca1ccf20a8be10e3c2180912a9227028fc1ad9fc,2013-03-18 17:45:14,6688,2916
714c3c8c70fac39549f1a0c48ca4a7a622eec8e5,2013-03-17 16:55:54,6717,2916
e2e376351064bb1f842be8f8bb3546d1d201869b,2013-03-17 16:38:14,6717,2916
528166dafaeb2f9aa2cdedd20d92d36d84b5e269,2013-03-17 16:37:39,6716,2916
b2ca4ceb9457242fc0170d95b3bce9d427baa387,2013-03-17 15:56:27,6716,2916
c5ea484d7eca45d88e909d0d673f796fc52af435,2013-03-17 15:26:53,8022,2987
9fb3ca21da728ce7c9790d557869d0197bf87c7e,2013-03-17 15:26:53,8052,2987
f611cf91be872bf1162b458e2fb56dea4a1107bc,2013-03-17 15:26:53,8094,2987
b64991e234110f0c513753324ca42c07458bd3d0,2013-03-17 15:26:53,8107,2987
ffcea12bcce8cf2cf97a8b97d6fbe4d792f45301,2013-03-17 14:45:17,8107,2987
0b23edf8fb42a165ce975ca35a247cf3f778d8c1,2013-03-17 06:35:09,8103,2987
f4c622e76394e53ac25d4d42df2638ec85d15f5d,2013-03-17 06:20:26,8103,2987
6361bbf874d4beb8b244b8b6c0239cab521e8f1c,2013-03-16 23:58:47,8940,2987
94945e3c2587592e4f023e1c4ceaac3bbc9e30d1,2013-03-16 23:29:15,8955,2987
7e4a2c41ab97c3ff405b1d4751bdf1b09d3b7e85,2013-03-16 23:28:37,9353,2987
17cd1450ada51b0b8c9a0f9f579bf2d41b021620,2013-03-16 23:25:31,9343,2987
e1cd222cb1bb71496d595b9d30802442350cf9a2,2013-03-11 02:38:21,9003,2976
f516a5b0b54c15381d8ed288c50061fcdf66a059,2013-03-11 02:30:24,9003,2976
370f26a9f41e7d36142d63fc0b03610ed1e0b9f3,2013-03-10 05:00:23,8969,2976
3090e6b05ad0fcf53c4e151f2b13b2a28ab2956c,2013-03-07 21:00:53,8968,2976
f9dfacb8445eff507608c50c6b2df58c4cf54116,2013-03-07 08:26:35,8932,2976
8bfe1fabe4e2beb3dda7c7587844ed062e2781c5,2013-03-07 07:47:25,8933,2977
1780b53585519f41f675809b6e297f4b23c101fd,2013-03-07 07:37:44,8931,2975
e139f6430cad3382be10f26d8d5ccbe2fb9184c6,2013-03-07 06:04:54,8925,2976
935b1e10d4bd4ebb5c6d886c41a7c52983159c5c,2013-03-07 05:53:05,8921,2972
c2deceab9fb0560576065fe7731a5d0e5db49a85,2013-03-07 05:34:42,8918,2969
fc4912f058949844b5e5cb07ea9af3322525cde4,2013-02-22 15:15:20,8802,2928
15db110f0c95f018fd338348c461e98ec8467975,2013-02-21 14:53:27,8828,2928
9ef4700306dd946a3ac000612428967ce0c32213,2012-12-21 19:29:59,8692,2852
0aaa3c03ac77d01c2e2eb01769de5c7dff8fe75f,2012-12-15 02:34:59,8686,2852
df08385c1f84d34ae60ad9d35f9d9c4c18e701ab,2012-12-15 01:56:01,8686,2852
cb05cb3b2fe893fa247a2ad78b84707d14b9aa2e,2012-12-15 01:52:02,8679,2845
2936d6ffe14d54cbb9578555804b5a267d3bba6e,2012-11-12 08:29:55,8632,2817
9b730aa791ad8600225f62b80a4860a8b3f4c61f,2012-11-08 08:37:55,8539,2762
47b7f6f502c700abf9cabf380b040cebe890d536,2012-10-12 00:02:52,8497,2730
1f740bd525b544cd1321bf02995f62d120438b9e,2012-10-11 23:55:10,8522,2730
7d852625ec7323a511537279143d9d5da70d4e6e,2012-10-11 22:36:01,8693,2837
b06bcc7b73e4c89e3c61a1f3aaa985e508ca559f,2012-10-11 22:35:35,8709,2853
642eb69502cd00ea97d10ac5ab5a8c3541dcde42,2012-10-08 01:04:53,8469,2730
b87c6aff219dc44e1e2d8138e4a8dfb695f08ab8,2012-10-03 15:39:41,8347,2704
127a972bfdcaf9d9994d21928f1be419c556be98,2012-10-02 21:11:43,8345,2704
1528328afd9b1493e81295d17c1e769dfe9515a9,2012-10-01 20:41:47,8340,2699
b8e042c2b467f5bd096464dc9f684674124343d0,2012-10-01 20:41:47,8335,2694
0bc01732651fe8e91ea98cf87f2f0c831012fe9d,2012-10-01 20:41:47,8335,2694
1f5a5ae024dafb9c3e41cf065dd4bafd57f75982,2012-10-01 20:41:47,8334,2693
e3af8936ed8ea9957937db0e0390ddb7952b0251,2012-10-01 20:41:46,8303,2667
9ed62979a6130928b0d786f82a3bdd9eb45125af,2012-10-01 20:41:46,8303,2667
88c5f20194b5dbce92de0461acda76c18bbef180,2012-10-01 20:41:46,8297,2667
62ca48d521062cf703d4daa94cece8f930a46a10,2012-09-27 22:04:33,8295,2665
0f97f332a04ad863d8046fc35756161631ac1cd9,2012-09-27 20:36:26,8278,2665
4b0a83544bf27422e9c35010543b3e53272981d2,2012-09-27 18:21:54,8255,2653
7dc25d8a7754ba1d1600865eb0e327b070815fba,2012-09-27 17:58:41,8255,2653
a59492ab49093752ec8fc0161eb88df0deab0a0b,2012-09-27 17:27:32,8251,2653
4de741ff2d47d304ee8a78570d41c52de04c9d8f,2012-09-25 22:32:16,8251,2653
44ad395676d8085843c70f433b2b2efb114793c1,2012-09-25 00:54:30,7990,2444
19695e327fa525766af032521cce554cb61c9c78,2012-09-25 00:26:48,7988,2444
74056d9a988bd0687dd76cc0af5551736c44eae0,2012-09-25 00:15:00,7993,2444
55daf0dadcbe2ce74b77608919bf388d817d0692,2012-09-25 00:11:29,8141,2560
7024f42342cba1ab2244eb7a8108bd310ece7b77,2012-09-24 22:28:50,7943,2441
6161efc4b7618a0efa7849ca82a96cde5803d425,2012-09-24 22:23:18,7943,2441
515887ad9d513f1cc4fc227c5bbfc300962f2379,2012-09-24 22:22:04,7942,2440
5057366b020ec3b9c91681479658a34bd20e262a,2012-09-24 22:22:04,7932,2431
812fb27015a6ef0e896a26dded54b15c5d99c802,2012-09-24 21:58:35,7930,2430
7210f7fd2da65eb751b1c6702669b2d9f02cf398,2012-09-24 21:52:02,7930,2430
6aeccc36529bfad75b25e3b763a5bb8944ce9141,2012-09-24 20:43:15,7728,2390
284f4eefe9245aac42675aec588460abd37073f6,2012-09-24 19:20:43,7723,2385
239dd1f60503336fbac79af1f1b97af955bd7703,2012-09-24 19:16:34,7721,2383
72a3b221bfb0b890afcbee5d55a765c5173ef072,2012-09-24 19:15:04,7720,2383
4913f199f4ae21a53add0b7075e35c213c765b53,2012-08-06 21:26:12,7879,2367
2e67d04b72dfbfda8ce62aa47fb678097cc27206,2012-05-03 16:45:56,7541,2200
0bb97b345e07d51596575d55ec3cfef0a72d6550,2012-05-03 08:52:26,7541,2200
915bf7c50377217e8a02c2f5bbb9342649d44906,2012-04-26 18:11:49,7530,2200
f03ba9301998f55c713b1423865c3c00e367fd92,2012-04-26 09:27:21,7530,2200
f2d0a7cfa3f118dea39bbe9ac9eb68abc41b1d1d,2012-04-26 08:17:27,7522,2194
4544e638426e6c3e532f8d9567c41d8a81c63955,2012-04-26 08:13:10,7522,2194
c7d20216b6c9de45e52f3ae625217954bb5e961d,2012-04-25 18:37:47,7514,2194
59285310edba357b79cc6689ad83acd869ddee10,2012-04-18 16:44:04,7479,2179
5d7d26f060ac0f0654675682d2c4bea167aeaa86,2012-04-14 08:49:55,7479,2179
2bf3e9771fc4a71e15112e85d045886c6e604bd5,2012-04-14 01:06:20,7442,2143
2691d059e45f053a5dc6886ffc13fd79ab8b3237,2012-04-14 00:31:41,7436,2143
70ae9d0ad955d657e81c9b7f617b31dc867a12ba,2012-04-14 00:23:28,7428,2135
aa6ac0aba8c19bc708bf7b568a25efb7ec9e9c49,2012-04-14 00:16:18,7418,2125
6951307fbe66cf04b9b48bf970b9ba4ae4a21502,2012-04-14 00:16:18,7400,2107
50519dbbb0499b41933cc5c5e6c784815a598dca,2012-04-14 00:16:18,7404,2107
fbc78383b604e0a2a956ef904981e73022a6c8de,2012-04-14 00:16:18,7401,2105
2139b66449e9815c2baa978a58928de99ff54365,2012-04-14 00:16:18,7404,2108
ee8c764be4f5b6816d7ed9c8e17751d80bd67ac0,2012-04-14 00:16:18,7386,2097
2be209950dddc87611d97712f2ff45463bffecac,2012-04-13 23:40:28,7371,2087
d3931488601ee02a3ec50b37ca148d6a80579cff,2012-04-11 16:00:13,7371,2087
d57db77822e3a3d2cf4be8030927a8bf9b699fdd,2012-04-11 02:00:06,7372,2087
0ca46ced2f06314e3833ad904d31d1e40a1f343b,2012-04-10 19:45:21,7275,2047
1704ef4b3edebf830be8843ba200033755f8032e,2012-04-06 02:37:19,7283,2060
c7b5b0eea07ef1b094959d95d8a7dc1503a6eb81,2012-04-06 01:11:44,7242,2060
00b3980f846eccc642903b0d512c00b0fb0e694d,2012-04-06 01:11:38,7232,2051
96d643a60deaac092f8c706ae5ad21e92fd692a8,2012-04-06 00:55:03,7230,2049
2efbd785756a5b698a5d65d77009dc7282aa1003,2012-04-05 23:57:47,7226,2045
eef9dc5942bb84b094e7a3baed666299ec01ed62,2012-04-05 23:25:54,7209,2028
81ec2228e54886f395a57bab18e38b7ff9b124af,2012-04-05 18:50:46,7208,2027
12d975cd71bb8c560d2a19572bb24edee24222b0,2012-04-05 17:24:37,7213,2027
8b356f770798742b6862455806c1ccc11276e7dd,2012-04-05 08:59:06,7206,2023
b698648eee9bd0584ec461c22189a449632299ce,2012-04-05 08:56:27,7207,2024
44aa588d9e046c2da74770fae246981bf23c222e,2012-04-05 08:45:08,7203,2020
c8f39686a20a7af0dd269d00f2ed21d20b7ce225,2012-04-05 08:44:04,7225,2042
8f49a439b4b4eaddb81f6069d5350b5e3454ecf8,2012-04-05 08:43:45,7231,2048
8e2c65caa863de75f64cd0382c42b5ee87b030c0,2012-04-05 06:23:26,7224,2041
96bb1b2797132db4bf8464c8a1e85650c738092d,2012-02-17 21:57:36,7048,1952
c76e26ab3c553c2dbad1a6ac49669bd6c6a30a16,2012-02-17 21:55:41,7026,1952
8aad2e1d78f913902ec75a91e3de4fba30eb2fb9,2012-02-09 23:55:30,7026,1952
eef1125b426609f6c06abd9564eea4f58494e330,2012-02-09 23:54:54,7025,1952
9b2125a678959cd5d0669da04457a094d3c21cde,2012-02-09 23:53:45,7024,1952
91c230a10018841d258ecb236a8e3fc7d0503d90,2012-02-07 00:43:32,7023,1952
deea948834bea5dac087b19ad2dfe6fa7b0562b5,2012-02-02 22:51:26,7021,1952
7bc421a98272e31c6accbd2f8b17af5586b775cb,2011-10-21 00:41:28,7015,1946
635b50caae6d90ea8366389cfa5451867ba8d8c8,2011-10-21 00:35:45,6985,1916
0dc6974605d0d80371a92afabcae1d2761959f27,2011-10-21 00:34:12,6985,1916
76ebca137e366eea0679de68946c5cd8dfb82a6c,2011-10-21 00:30:55,6985,1916
50fee9b612bc2c33948074b49325f1613fee64a9,2011-10-21 00:30:36,6985,1916
3080af3258ae3f14fb1a5be895a6b5b5ed6d0684,2011-10-21 00:27:02,6978,1916
56ad1e7dd7cc022b01d9e02e3198c3a122d7126e,2011-10-21 00:20:14,6972,1916
4499a39ebe0abdde07d6e01bcd4484c967ad193e,2011-10-10 18:13:25,6971,1916
aca9e2fa5abc88c478bebb59d8f173b56b6d94b0,2011-10-10 17:58:05,6971,1916
461351c2977c9ab717e5e6b74d80130a70e8fdfa,2011-09-23 17:10:00,6865,1856
05b579b37e68fbfd13cb4c36676c1d9f72c8a020,2011-09-23 00:08:57,6850,1856
ad8c3329c991a26ef0f2a41b88aa9157e6f2ab28,2011-09-23 00:08:57,6846,1856
87970a936272bacf5c952fe41a08307187d1ee24,2011-09-23 00:08:57,6804,1836
df8963076d74c9ffb9b7e8beec5d1c8c34910370,2011-09-23 00:01:07,6804,1836
4d530b8af744d5d0da54d181255434c59ef7cbcf,2011-09-22 23:46:47,6796,1836
57bb576422b3bbb64af3c37f44daecbd0526c45a,2011-09-22 23:22:56,6796,1836
f2a1e12de1a0e56178dcec5510fe870ff1248aa6,2011-09-22 23:22:56,6786,1826
560450e3d14472b7bf8472bf337c6b9e281055fa,2011-09-22 23:12:29,6773,1826
5bc1086ef39a5a1f4c285b69284f67c3b5032ad7,2011-09-22 23:10:19,6769,1826
cdd4a9340407edb0e846feb5e59a5a832b45a5ff,2011-09-22 22:09:30,6579,1669
11f3fac890a5ef7e0087667cfa400bc036fd03da,2011-09-16 22:41:32,6578,1669
192d347ea9a00401de060643185ad4475c883eb4,2011-09-02 20:52:30,6578,1669
0c00ad822ae671835af7f9f36b9a2d675e68d39c,2011-09-02 20:50:25,6572,1669
2113127614c93a759056d16fae56a58f1ca763a3,2011-09-02 20:43:15,6562,1669
9beb796d90720977209d8630751621602e9ec643,2011-09-02 20:42:22,6499,1641
e01bece0ccfd561909333d51b28813d59777183d,2011-08-30 22:07:55,6500,1641
5616192392feee7dd464eee4e23b0449b627a3d7,2011-08-30 22:07:55,6496,1641
b6b19f5a9b8dc275fd455c29079e328ee3a8ad7d,2011-08-30 22:07:53,6496,1641
7976e9394a2649f0e773ec93e8015965a4e6cf71,2011-08-29 19:21:05,6493,1641
184b38746e7995bc4aa8608a8c9c5aa8ef141bb5,2011-08-29 19:21:04,6485,1641
5328e6ca11b8bcebc98e8bd51dd5052e40fdf316,2011-08-24 18:34:46,6485,1641
e35bbab95b7ee90bca60f8841bb4144e8dd4fed8,2011-08-24 18:30:15,6480,1641
78273c239e4fef3d1eea7776d379613a794c8dfd,2011-08-23 23:23:27,6475,1641
4c75ef20b44ad494afd60bb10ba71f2a92c33e92,2011-08-23 23:18:14,6471,1641
6d03ab5a76a9871dd359e9d2fc204d187bfd8019,2011-08-23 23:12:59,6471,1641
6130fc246cc450866db8c7f32d23e55555b5f38f,2011-08-23 22:12:46,6475,1641
45f9d16999865abe988ed51cbd82c357dace75d0,2011-08-23 21:39:19,6471,1641
f0f1694518a2833ff6ff8688d079682d88477e3e,2011-08-19 19:47:23,6467,1641
cbb400b371b5c83482e28627f121590dccc02fb3,2011-08-19 19:07:13,6463,1641
2cbc85aed3128df77abcc3dc8b7388df28be98f4,2011-08-19 16:50:26,6463,1641
06bf67528f143e5df3b03513b80c29294d09a673,2011-08-19 09:24:13,6463,1641
cb371b4b931ac425428676b645a8813ba2be485c,2011-08-19 09:17:50,6459,1641
7e4e0ef4de20bb84e3436bda07c872cfcbb63f31,2011-08-18 22:38:05,6457,1641
fedbe178399dd2a63f016b07274d4faacd028062,2011-08-18 22:33:09,6447,1641
8c9be28b500014fe7d0e00d288105ba30886b06f,2011-08-18 22:01:02,6440,1641
cc135c85bf884f89e1b8281a848bccdd70d7bded,2011-08-02 19:26:22,6414,1641
ca4f63d5a3724fc04871b42af422cadbb4a6501e,2011-07-21 21:11:02,6414,1641
9b4b900fabc65e59f5ab158a00c47c401de2ae8f,2011-07-19 22:31:38,6419,1646
3bc924419d3d5d5394dedc63cd8a0d204fcfc188,2011-07-19 22:24:57,6414,1641
a55973a10c27a4953c88521247a852ef9aa2fe1c,2011-07-19 22:24:22,6414,1641
d85097dc66efce1f58621adb0779bbd4989db54d,2011-07-14 04:23:50,6413,1641
bdf4f5ff030d67fca16e611d2de850c288c00429,2011-07-14 03:47:28,6407,1641
9255bf9052222acc05900c2a41f929274b39c3cf,2011-07-14 03:30:06,6405,1641
aa24424c9484858c51194eb903f30c68fa0c88cb,2011-07-14 03:29:58,6405,1641
40f8b45a4c99110ca9e78fabb4d1006f692a6ba0,2011-07-14 02:44:20,6351,1601
7b1ceea442a9638bee752a012006f849e2cc3162,2011-07-14 02:44:09,6351,1601
1f1ff49b80ee9119f11af82f2708d965885edcc5,2011-07-14 02:30:00,6350,1601
2764529ae6ba72fd5b762a35dc93aa82c7f6ddd3,2011-07-14 02:29:23,6316,1601
7f4c79aa40c57ffd859ee53855847bd248dabff0,2011-07-14 02:25:07,6316,1601
285fef51d3a1d62b19ccbda43462ff0f1a49814f,2011-06-25 18:32:08,6321,1601
d1cfe4dd495be47f44d6d7ef090212eae854cbf3,2011-06-25 18:30:35,6337,1601
0a39370d53cb8178c365bb8e1ecb7864399521c5,2011-06-25 18:28:32,6333,1601
157926e913712300027d5197638760df3b2e7060,2011-05-28 02:08:08,6330,1601
167e6fdb171d21d02ba160021005b5f57f479025,2011-05-28 02:05:37,6330,1601
e2d5804022366f18366d8cfbc74628b73b71c6ee,2011-05-27 18:13:00,6330,1601
8401f8ebe39583142edd5c9e0ca1105fc69e88c2,2011-05-27 18:12:20,6326,1601
ee5784c99503a0678504f405435b629567d784ae,2011-05-26 21:50:54,6326,1601
e7c9a3f314056b4991e1a929e16e279a9ca6d8e3,2011-05-26 21:20:08,6318,1601
72f27924bf8d3d57d812cad071470db2556368c7,2011-05-26 21:20:08,6318,1601
8e7c2057538b08e6d6123c2d9d4e1b4daf05e242,2011-05-26 20:34:53,6317,1601
0106734c6c54fe387044665a97ff09b6c76032f9,2011-05-17 18:44:25,6316,1601
514416857226b3f13d7bf0797be8356269e3f433,2011-05-17 18:43:50,6311,1601
2327902a680b9d45d2eaf0932c0898e7e09e6d21,2011-05-16 21:03:16,6344,1601
f2bdb6424c9cc714b007e5742368e71f0452ae3b,2011-05-16 21:01:35,6344,1601
bb6ba7d76b2b90c018ec555dd7ab54eb2703090e,2011-05-16 20:55:54,6329,1601
3a49aa91ffe1264f65ab3589580a5d30a10253d3,2011-05-16 20:53:48,6329,1601
f56fa99c2a04e430c52cbca5b00cbdc3e2d7d944,2011-05-16 20:41:32,6331,1599
8d23a30c4f00f02e7c55d1b894525ed48d35e582,2011-05-16 20:39:04,6294,1599
008f905ac3f5134a11037837cd6e02923a814ac4,2011-05-16 20:31:31,6287,1599
7b282028bddd7fb81644b3427c2d83fa8fe23e54,2011-05-16 20:28:14,6284,1599
7539594ae2a7c49a12a286b74f3e4e996d21c281,2011-05-16 20:16:33,6281,1596
ff8ffbac75f8db3c949e2f46b8ecdac8785df648,2011-05-16 20:16:33,6281,1596
13fa2614f26bdbe608ddd4d666e4713c732ae785,2011-05-16 20:16:32,6281,1596
c7a524467b72188ec1c5f775734e302ce01e05c8,2011-05-16 18:58:12,6260,1596
0200c7671902a2434819b692056de1b123abcbe5,2011-05-16 18:58:12,6259,1596
24eab545ad0fc4778aa1a5d86e0e18330a0a66f9,2011-05-16 18:58:12,6259,1596
246a082bd5e0477965a8fc7511c0befecc4818e2,2011-03-22 18:09:46,6302,1564
b569484d972e058c100f5f45c9c09f30c4e34187,2011-03-19 18:32:22,6298,1564
29f37ee3a67dae61eb8e1e2a0a72f2a9090aca7d,2011-03-18 20:29:18,6293,1564
39186f6ac248f5dfd6ea2652a81ee47428c5c0a2,2011-03-18 20:28:17,6295,1564
b7d5dd621270ba937777ee0e909f1013f52001ba,2011-03-18 18:13:42,6295,1564
c46b3b8b46917b3ba9cd5e18625f7f1eaf414219,2011-03-17 22:48:53,6295,1564
06b39366a246a1deb82c02ed849f6c2c06154299,2011-03-17 22:48:39,6282,1564
b8220b2eed4dd55dc54cff115446b7315e364bb1,2011-03-17 22:41:14,6286,1564
200ec0fd8a0b1ac3766274d9fc9ceab14368e63f,2011-03-17 21:05:47,6287,1563
69d5d403fba202f3c1a0bca16b4505fcc5a4039a,2011-03-17 20:13:53,6254,1563
22970a217220f5f6dc2af2920ebf51fab871fd73,2011-03-17 20:11:14,6228,1537
65f7bb0c5ccd159e5059954cfdea292d6ff94cf0,2011-03-17 19:49:28,6228,1537
855b2e6531480e3d4ebedce41fd748e2634a970b,2011-03-17 19:49:28,6228,1537
b4fcfa787e27cc564ad69ef0951d6df72d5b4816,2011-03-17 19:49:28,6228,1537
5e899162e53d0f37cdf0ed8313f231b508483424,2011-03-17 19:49:27,6196,1527
23270838d1313f8027e304b8329be6935d25da62,2011-03-17 19:49:27,6191,1527
c9abf3c087482fb6ca363bc680b56fe86bf384dc,2011-03-17 19:49:27,6190,1527
7b6f3e9414de2aac6441c49076adb81254332b83,2011-03-17 19:49:27,6181,1525
d10fdf5177d3da4dcddf3a445d08c52b1248437a,2011-03-17 19:49:27,6148,1525
3d9daa85f334a5191938369a2d0636a8bf673bbf,2011-03-17 19:49:27,6149,1525
9377687004dbb0638786ff43221beba1edbb76dc,2011-03-17 19:49:27,6143,1523
dbd04d64907d7ffb943a2a6625c72ba4d5792eb9,2011-03-17 19:49:27,6142,1523
f48da5f71825884f30dfdbf1a03defaf02031e03,2011-03-17 16:40:10,6142,1523
17a32c58ad10e2c557dfb539d1e23a683384f0e6,2011-03-04 18:31:53,6142,1523
67317e70cca1c39752e8c41e6fbae0e302ab0418,2011-03-04 18:30:06,6142,1523
3a48ade3399dc58be1648ed3c3915158413767de,2011-02-16 04:18:20,6142,1523
a8f8fe598e53a33704564f05d449139e26731f41,2011-02-07 21:48:23,6121,1517
c2cbcc169f763ee0367f069d80fede7ec7d15d67,2011-02-07 21:43:46,6114,1517
2ee219e1bae0f824ac0550c79588c140035d12d6,2011-02-04 23:04:17,6114,1517
26a14bcc3e807c21aeef49c36347080994593035,2011-02-04 23:04:01,6114,1517
1f09e4cff683b11f43da01e228529535308e7416,2011-02-04 23:03:53,6114,1517
f687521d187f98805f3a83ac193856c1ceb3aa13,2011-02-04 21:10:09,6117,1519
00e04e754fcc9d4b0fcbdf1643a8ff5342b078d5,2011-02-04 00:48:55,6117,1519
1a1f493e0f360a34e0c89a35c71f4f23afdc5f22,2011-02-04 00:34:26,6117,1519
f26934c63f3c0afc50c4904249f6f9a0f206b83a,2011-02-04 00:33:55,6117,1519
e19b83ebe6dfaf3199038d69c8db049a10f6f2f9,2011-02-04 00:25:31,6093,1519
c181644283512f879f4ba26ec5c5686b23ad7861,2011-02-04 00:12:54,6084,1519
a4b19d45276e27c4fc93c4ab2e09e0d25b45f726,2011-02-04 00:05:54,6075,1515
5765fe1c4012b778d06901adb062dff6f0a924cc,2011-02-04 00:00:05,6050,1494
b51802de92816c7bbf64fb6d55e93ed06ea5e7dd,2011-02-03 23:52:55,6040,1494
223c559ed9e6d7601be63bdb4e13f8a4abba9063,2011-02-03 23:50:34,6035,1494
f5500f157998a4e90ac9e05b1ef5c1135f418244,2011-02-03 23:50:06,6042,1494
2bb0eb85bc2011222bdd8076adb6b9bf15ad68b6,2011-02-03 23:50:02,6037,1494
12583b6edb413db269df5cab7f73ceb1244e2eac,2011-02-03 23:48:04,6033,1494
7ca0bf392d910b27fdd45384dc075df90f831b61,2011-02-03 22:59:49,6033,1494
7027d711935feb4a1b13c40d72faa8837963ecb3,2011-02-03 22:59:08,6033,1494
fd03267626fd9cc736d56bb372ba552872069c1d,2011-02-03 22:31:52,6027,1488
6a3a28313d513a0e68308760377526f463ea13c1,2011-02-03 22:30:55,6023,1488
52b4a282d196c42874d7b6ac4aaae9d150828737,2010-11-06 23:39:43,6022,1488
bf413574ace8c71c830ba60ea86515eb1cc277d6,2010-11-03 21:37:56,6021,1488
7055fcaf4fe54288acd50a88c483f3f97515c9ec,2010-10-24 23:51:13,6021,1488
a488d0bae54f993b38ce80cb801a83db27414932,2010-10-24 23:48:10,6021,1488
37385f18bc634f86710bb93ee42d04c8c52ab3d0,2010-09-03 00:54:18,6015,1488
1852cea9c8eb0d6428c341284a6a14a0cc4a571e,2010-08-24 03:06:42,6015,1488
aba6f6f52560cce9c1bb842786db10903814ca25,2010-08-24 02:43:32,6015,1488
76f0597391aec56a77f8bfb32a500ba07ae5b073,2010-08-24 02:42:46,6011,1488
3c7bd9e3a4396f53994ec9ae5315308a4bf8bb2a,2010-08-24 02:00:18,5965,1488
3d9814dfa9b36adf8238a0f090901e3cd074773c,2010-08-24 01:52:04,5915,1467
c70d4546aafba5ab9edbae4d44c81ff3b8c4ea8a,2010-08-24 01:50:32,5905,1460
3840c790c41a9a95096f71128697100d4e7dfb09,2010-08-09 06:41:35,5905,1460
8f5ff340b2cc708f1487aed20db5e64df1e4d5fe,2010-08-09 06:40:10,5900,1460
d75e0d6f07b0a2b9cfd41757d9575c04222f8262,2010-08-09 06:38:10,5895,1460
d83b7b3b356a8c59849394a2cec55080bb37bb3b,2010-08-07 00:53:42,5890,1455
3139fac9c7e0bc7be98850bf12b3034b3054e2ee,2010-08-07 00:52:41,5886,1455
f144aada3cd2d7bb3d7962e9f84188503bb6da0d,2010-07-26 17:30:45,5886,1455
d834b90dc5ebe176e879513afde309838538c6cd,2010-07-26 17:29:53,5880,1455
17d248c50fcfb55b6f3790a0ead30951ca93d550,2010-07-26 17:29:53,5880,1455
1adb82a28edaef8daa2167d51a055a24cab497d0,2010-07-24 23:44:18,5880,1455
6fd85225ca0078d51ffefa93fbdddb1dc0b12fc3,2010-07-20 18:51:28,5880,1455
bbe25c76fa2fadea4a0c5fab6e853bcc44c4bd1c,2010-07-20 18:49:36,5874,1455
3737f8378f7874261301076dd855602b46be7a6d,2010-07-20 18:45:26,5874,1455
b90e79c0371ca8500634266aa4d6629577d32e77,2010-07-09 18:46:54,5874,1455
a13dc6d8b3ce3b2ffed591c7c2c9525ee487b196,2010-07-09 18:33:46,5874,1455
222235092c55e47b6917febb17aa27ba6e6f5cb9,2010-07-09 18:26:48,5867,1455
7edae1efcc5a7d2047cb63715362aa9108a32250,2010-07-09 18:22:38,5867,1455
c15eef1fde88ebf061c3e08745f53bede0072912,2010-07-09 18:15:40,5867,1455
466ab3870fafaf58e2fc651ece93c704395030c3,2010-06-23 19:44:19,5874,1455
3f51459d38cb57e0f55ac4d679bd8b467ab62fe9,2010-06-23 19:43:00,5874,1455
2ad409eaac35d72daa3a660b31a18c181e080543,2010-06-22 19:18:18,5875,1455
9e161dd82fcc86fb01c19d910553d7b61b952c8f,2010-06-22 19:17:29,5871,1455
f44436a830b7268a1c224d096df7b0c22280ecce,2010-06-21 17:25:25,5871,1455
b2d2998529f80ec5225e7ac88f4c07a991356f79,2010-06-17 12:04:38,5864,1455
98e33e87a27ea9247057678f5c61bc1da7772a71,2010-06-17 12:04:35,5864,1455
274164ca5b290e3f05aba9fa4d297ea940e3f060,2010-06-16 14:32:54,5864,1455
41be7fd085f2a75e07698496cc7f0497745d1332,2010-06-16 14:19:49,5859,1455
25473f21a8b957a7715ed2e375c696592e26c0ab,2010-06-14 06:57:06,5859,1455
f366cfffd62b62def2268e0d677c689d6d45ffee,2010-06-14 06:56:15,5855,1455
ddeb8b99aaa207d75e884bffedc0f9d290c39790,2010-06-14 06:53:15,5853,1455
2bd93ddace61e89500ee671deefb8878f6752bd5,2010-06-14 06:52:32,5849,1455
f3eb8bb7e9d22139a67bf1ad7a706aafc67034a8,2010-06-13 13:52:25,5849,1455
892ee09320f3833e064c328bcedb5316b7f592db,2010-06-13 13:49:42,5844,1455
911de015ec160c4d8b4a944e6e16c406d2e9fa96,2010-06-13 13:46:26,5844,1455
b5faa4f16244f41e9368f3b1473c789821a967b3,2010-06-04 18:08:32,5844,1455
586e548b40272775cb7ea0b53b52d103675f1b81,2010-06-04 17:36:36,5839,1455
7e233aef0c1c2c3c0da05493387851a036df7005,2010-06-04 17:31:35,5839,1455
c8f967c8a548e96876c884e1884a2f7b22bdc325,2010-06-04 09:11:11,5839,1455
d03a1a76fc78338c8000e3fe08b036f8a6247ebc,2010-06-04 02:09:57,5838,1455
4f176eecd35dddf15996aef404c1c4219dd0c530,2010-06-01 06:32:12,5831,1472
302b0ddac0dbbd92533543de6f378f5069469528,2010-05-31 17:22:09,5831,1472
40923a0e7745e22909021af3d0a3cff6312da749,2010-05-31 17:22:08,5830,1472
55de1d71cd540994b782680e24b371e6fed50c97,2010-05-27 22:54:24,5830,1472
077494d75d2c22abac759bbddcf870f910fe4f38,2010-05-26 21:39:16,5808,1451
c256e078db046ef889f596b8c2cfc7bcea57f245,2010-05-26 21:06:10,5809,1451
c17987aa3574e9b9a6295aaf1f1657e42fe175fa,2010-05-26 21:04:23,5809,1451
9913f037c8eab896dc149cc3f91904a4b964922c,2010-05-26 20:54:56,5808,1451
0a7aa44e63870baa5d5a9c8887fe2e2c1d0f5fa3,2010-05-18 21:03:28,5808,1451
10775db3ea789855d9ce5c1568105048eb5d3350,2010-05-18 21:02:59,5808,1451
17a6b813faf297ad012aa16323ae46a2b7e487b4,2010-05-18 20:54:59,5811,1451
f2da475ab3b6368821f0a06ac9c6994a69e90282,2010-05-18 20:54:45,5811,1451
c8e282075a2c45ea6fe049c78bfdba8a06833006,2010-05-17 23:55:34,5811,1451
b3410a78676f5231a61f55459a33c456ae1c35f3,2010-05-17 20:27:04,5806,1451
d493528d17ce53b439f0c205cffbecbbfb4376a3,2010-05-14 16:57:33,5807,1451
b9480f114611c06cd805a6f101f8d839836c9990,2010-05-04 01:28:51,5813,1451
12880c383bcbb04df9061827d4a2b04a4db79af4,2010-05-04 01:20:39,5809,1451
a91b6d6c9a9eab40575c705369569683c63c25cc,2010-05-04 01:20:26,5809,1451
09d79c1b2d63f920334bea8201afb987f5b9d4e1,2010-05-03 19:23:05,5808,1451
1199237974f5696bca66169bf8c91977edd58f3f,2010-04-30 01:21:11,5840,1451
f0374eb8a6e28e11d9b265394a8ea833966c7788,2010-04-21 22:36:33,5834,1451
f359bb4cd71a227dbe0261c216d40cb46a585160,2010-04-21 22:36:33,5830,1451
84077ccebafa75edd8751f3025deedb771c1ca8f,2010-04-09 18:03:00,5826,1451
8a859509249be93d60b9f03b2f124a68b660c8f0,2010-04-09 18:01:59,5825,1451
b9b5ec70b0494a59c6912ef1f4c1b83864ff4d92,2010-04-07 19:52:29,5817,1451
a926308533a0798433e322192ce7ac3ff6c6b457,2010-04-06 22:06:22,5807,1451
3b3281f1fada3b8e25f9dfa955d22e2b446e984a,2010-04-06 21:13:15,5798,1450
e0be8b28e0df8c07b3073124a8c726cb0c8f602a,2010-04-06 20:39:01,5790,1443
6277f41121edb57445270542d7cbef9c8cf42546,2010-04-06 04:21:24,5778,1443
168d19e1e8ea68f77142edbeae07d1185267b520,2010-04-02 23:29:11,5778,1443
7f4a76f63c97ca853c8b2d68785cc8aa5c7e870e,2010-04-02 23:27:18,5778,1443
4fcf1aa7d21cd0a27e8115eae32846428e2d03eb,2010-04-02 22:51:29,5776,1443
2f6ec2396bd325bda0fbedd6912c2f7785c37f0f,2010-04-02 22:49:04,5776,1443
0337b6bce09a7a1a80f7c5a883e31a139e45af47,2010-04-02 22:46:36,5771,1443
3cbfd5a9f35cd305b72c5822e5609a7ff992ace3,2010-04-02 22:26:32,5767,1443
4af97b39082303121e9df9af559c80fa989fc6c8,2010-04-02 22:24:17,5767,1443
d32566d372cd98479d1fbb806e63d855868947a1,2010-04-02 22:18:02,5674,1443
1edd59bfc363b5a654cad4d35fc309936018e52f,2010-04-02 22:01:32,5664,1443
eabb89f165ce9caf12271e5b8c195a04772eabc9,2010-04-02 22:00:58,5572,1364
a1f7e574fab22f1cec53d099e91a7d8c0aab42b4,2010-04-01 18:12:03,5512,1327
8ddefc712fca414a6b6409e4ce15b99b3e4b90d5,2010-04-01 04:06:26,5260,1118
601e6af66543e20a8487aa159ba44811b4f6f553,2010-04-01 03:45:17,5260,1118
aebbefd3de52fa0844577c81ae6a46e97b8268a9,2010-04-01 03:44:55,5253,1118
124be1b73b699ed23b9f167203cc34b82008d05b,2010-04-01 03:35:40,5253,1118
d566da1070595b9a3440712eeff3926f2e9a7d58,2010-04-01 02:44:56,5236,1118
f136f131adccbf0794a02a5a6c7d19ac26438671,2010-04-01 01:00:21,5231,1118
45ad2b4641ba89feddf8c6b86ecb6cc7cb61e3d2,2010-04-01 00:52:31,5231,1118
e2d44974f55d3fe598a91749c322f85d4adc6530,2010-03-30 18:35:10,5477,1326
14ee8e8038ed3101030ab00e432fb375e861c2e7,2010-03-28 07:16:03,5322,1334
379f9e08c0b71ebb94984be35459e46631dfdc81,2010-03-28 07:06:57,5321,1334
b4b6e80235c5dd331ba470cd57d4b0f7b37484bd,2010-03-28 07:06:28,5300,1334
1e039e6684f2a604284742d740f5dc3563f037c4,2010-03-28 06:25:51,5070,1117
4348544362b8cb8fc70574e8cae4c9b743b51418,2010-03-28 05:53:45,5103,1150
0d1c97848c5548f51c64d8682e3acf9dcd031b99,2010-03-23 23:08:59,5086,1150
a42fa99f6e16c617fb8fd819fcfecce56e98adcb,2010-03-23 22:45:37,5050,1114
3be8fb9b5a6cd18dec504774ce6505ccaaba38a3,2010-03-23 22:02:08,4985,1114
ea85b6d6fff03c7f6d260b8e3b2216cfdf28d1c1,2010-03-23 21:55:13,4913,1042
91950491f75f36451e4d9ccefb02a47a15d4369f,2010-03-23 21:45:54,4858,987
b99c48251929f069189449f3e7a55e7ce47662b0,2010-03-23 21:36:51,4776,905
dce644c57c61ac8ba0a34012352d3e04ff5b5381,2010-03-23 21:32:29,4745,874
ee4b70011d040c0e79cc75b7a8a3ff855a9897a9,2010-03-23 21:04:58,4678,807
9d973af2dce65237e1f0c1c613e8b7cf6e822bd0,2010-03-18 04:11:41,4634,807
e011827e9c512435a1083abadbb4d95a66e4e3a6,2010-03-18 04:10:48,4631,807
187c2f91be309b784f5a1641b1ae4f3dcf14f395,2010-03-18 04:10:40,4615,794
48df4d06e8088debd65df7d4c3273e0d71686ded,2010-03-18 04:04:15,4541,740
4b76e175d766a84b777e3f4e161b6a566fce0799,2010-03-18 04:04:06,4535,740
40cd0a07b1dc991671ca30de271676b84fbe7f7a,2010-03-13 18:16:06,4535,740
5206db24da15392b21e94a04f570bc725e3eb613,2010-03-10 22:50:24,4533,740
7158bd8e1eebd454a070e513120f37b25d7dfec6,2010-03-09 19:22:23,4527,740
38cf161dca19ae7c4b6f807d64661096fc02ad2c,2010-03-09 18:53:25,4523,740
c835e3bb88af2d0c8ff083d40572a47f7ccc9a94,2010-03-04 19:47:56,4523,740
8e99569d2c2042bb4a790140f59aee2b30ce3173,2010-03-04 19:47:18,4520,740
fc26509c206f8f3980b89a0d790c734f59710480,2010-03-04 19:45:24,4516,740
4a3b3fafe7ea8fe228f8caf5f71b20e2fc6a104e,2010-03-04 19:45:18,4516,740
fc64151a8bf6b7393778554f653e940d6c12eae3,2010-03-04 02:18:05,4511,740
f789f59d2ab6c185da9880a53098e2d163ddbcb9,2010-03-03 23:54:55,4507,740
7817e35f74cb0dc7638991cf9e52747039ae58b6,2010-03-03 23:52:06,4492,740
a145eda6b42a99de8ecd26bc8ce904d3268e0756,2010-03-03 23:33:04,4486,721
1bdd41e557453a3a0ee34556ae07d39fc39b8978,2010-03-03 22:43:35,4455,721
6026def26a778961f09e0b6f3cd4a0788eecfb69,2010-03-03 22:25:00,4455,721
5af6f86b47a8a82214140b7b36f868818670bc74,2010-03-03 21:43:23,4434,721
fcc4457ed247dc08df06fcd78ea23f3042de1881,2010-03-03 21:38:52,4430,721
c4706205ad29cf66df83e1cf92198372ba7bd0c7,2010-03-03 21:38:27,4405,712
f1042b161b05c04717cf190c52615cad5b964603,2010-03-03 21:38:03,4400,712
aa48ac684b9f41d79171dbb7850cc8e1c3894961,2010-03-03 21:19:37,4357,695
e7a3f5a5585131b23c9ac626e6233770fbf81454,2010-03-03 21:19:20,4357,695
6c1e193647a80a742643455b6d715a488f465b74,2010-03-03 21:17:49,4353,695
c3f5311999d598a0c9342c8ac7a5de6037b4b4b0,2010-03-03 21:17:33,4346,695
10fe80f5a123363563ab249e8d6a8f048bcd7479,2010-03-03 21:01:06,4347,695
a5c84490763ec0f6094999008e8560b7582fa3de,2010-03-03 20:55:53,4332,695
13df2e2d965a41d6a6a6b850b01825e726c951b9,2010-03-03 20:55:32,4327,695
c3a95b291c748aad25343c9ea9dcea872c96724e,2010-03-03 20:54:22,4327,695
f5b0217d1835f4fafaa12d9f49840d84e65a7d1c,2010-03-03 20:54:21,4323,691
9bd38ca5a1b6a5427305ee16a07039ab84532375,2010-03-02 22:59:51,4319,691
ced2819b016675405a92467e46b391fe2808dc79,2010-02-28 21:14:11,4319,691
0fe4b5332e358a204a6fbc287f924b40e19b1f0e,2010-02-28 21:14:01,4318,691
6a7efa298f5dcf5a9ea10f274e2f959aaec60c41,2010-02-28 21:14:01,4318,691
69cde2a87df712eebf08d92af07661fbe172e1e8,2010-02-28 21:11:44,4314,691
917a2841f914e168e2f9a33dbafe9b79ded51062,2010-02-28 20:58:58,4314,691
64520e8dbc4ae60e3da4adf5832d80022f0e0351,2010-02-28 20:58:53,4314,691
1b208a0f31d45625cb104d6f22647f2befb741f9,2010-02-28 20:46:35,4312,691
c57d9575f2951aabbc3c6941534de0b6b646086e,2010-02-28 18:02:23,4312,691
68debbca6ed055b7a61c9dbc21a87e85636f94ee,2010-02-28 18:01:54,4311,691
1821fcd6f370ca85616dbf3d0e9e2f463facebf3,2010-02-28 17:47:43,4312,691
cad910959ed41219cbf4cf2392b3857e9a04a155,2010-02-20 09:39:33,4312,691
ae191099dd11db66d623ad85c16e05e947aeb7e1,2010-02-17 23:47:08,4303,691
207df83a9237bd022848fcca452c480fd19e5b06,2010-02-17 22:48:08,4292,691
167dc8d5871d14674bd3e17f8672136e449ffb0d,2010-02-17 22:10:18,4292,691
ca5b65716c46e49f6dfc98999d606e92cfa0dc3c,2010-02-17 22:07:39,4283,691
16738d8aebca4930dab014e739b28e8a561a132f,2010-02-17 21:41:49,4241,676
c21870b6d861a440f171397228eacd78bd1972cf,2010-02-16 19:07:17,4189,662
44c7ce4dbaf08db7dca1856a0d50a5ebbce291b7,2010-02-16 19:06:20,4189,662
41558c733195d638a97d499cf253c981d543b93c,2010-02-13 00:27:22,4187,662
5cdf011241142296eb87f37d6ce2055f48aebdf9,2010-02-13 00:26:00,4184,662
79b0f09418f54daf12405c1b8f42fb1b0dd40870,2010-02-13 00:22:24,4181,661
4c43b04e2a387352f15c504b8fedb6b8deecd43a,2010-02-11 10:48:32,4175,661
7a03c6823b5c5046ffbd5f32dd0a9bd062bb6cf4,2010-02-11 10:45:37,4175,661
95bc4f1fe13306602f5d924e3b22dc9568c1693e,2010-02-11 10:35:04,4093,661
8774b9908bdbc2fec311dd9a6367686d4ca7ad96,2010-02-09 19:49:54,4089,661
39b99ff32fc97c711963e100e9c99b035960aaea,2010-02-09 08:12:40,4081,653
0c4635bd7ab0f4c1105696c3ffa0e9b3522b2627,2010-02-09 08:12:40,4081,653
32a6e6d0f28ae23c193b77eb5c12b940a6aaadc8,2010-02-09 08:08:31,4075,653
66f78133a97b6e215e959ea8cc5ef502bf5ee636,2010-02-09 08:07:15,4053,653
565e076933ecead63623924e82ad1abf7fe1ddde,2010-02-09 08:03:58,4050,648
eb7f3380b4f6c974c2def28eec0639bcdf4f4676,2010-02-09 07:34:48,4023,648
de04a9c37e5f3feb6f4727973ad3ad24406eb358,2010-02-09 07:25:21,4020,648
18e4e9a7db612bee768ddb5d256a70164aa90877,2010-02-09 07:24:29,4020,648
2e3efdd00b7329c57b39ddb1ea4306c3f4483371,2010-02-09 07:22:51,4020,648
565b733431c98664ea4c588edc90eb3dae395f46,2010-02-09 07:22:51,4018,648
a4047095deb39f49b6b38f89d87f9157e2448492,2010-02-09 07:22:51,4018,648
19364b9b2170fc5afd003bdd83a8c9f866171669,2010-02-09 07:20:11,4018,648
95e760ef3d0232475a74a12315079263b04abad6,2010-01-25 17:50:01,4018,648
386216f2918ebe7edf64ee03978e9710b7928cae,2010-01-25 10:11:15,4012,648
ee69b841c0bc3eacebb818152b0c498a9510c54d,2010-01-25 10:06:46,4004,648
81a5cc268217a149a0b69adffe2ff67b1918a15d,2010-01-12 02:10:13,3984,648
8b3c8b0cf237f59205f401731c5cf910bf9745bd,2010-01-11 19:38:01,3984,648
a36cf1625f7c71727d2210c96557d9bc5030cb71,2010-01-11 19:37:18,3980,648
9f2f5c10531ce04095e4b4eec6a0fb4dfbd25b37,2010-01-11 18:20:17,3980,648
ee2fe81f069341342d075d4dac045e4e3db335fc,2010-01-11 18:19:54,3980,648
9d63be1de339d11befa2c3e61026b311e03ceb60,2010-01-11 18:17:02,3978,648
c070baa04911f8d96cbd26fc28a463e4a7db4fde,2010-01-11 06:48:50,3977,648
53738b6b51a62ef7e64ed9c4e9f6b55bb8a60c77,2009-12-29 23:06:02,3977,648
6d1edb8c6e6082413a4173be57c684ab41c61f28,2009-12-29 19:51:14,3977,648
429ace61b514d1c2d4ae992b68530db30af28716,2009-12-29 19:50:36,3973,648
eb89a3414317d13ade179a2ce29f4e7fbd44f6b5,2009-12-26 19:46:40,3979,648
b2bece1b136d6091eb82dc2673ca7f8c585e0d7e,2009-12-26 19:46:27,3966,648
4f0d53365f5ebf8565732c6816cceb296ee477cb,2009-12-26 19:46:00,3965,648
d35295ef5923dc64f313aaf6a0cc86328def4d09,2009-12-26 19:45:30,3969,648
688d30922693c381594a4afe02a02a19d3ed8428,2009-12-20 18:26:12,3959,648
0b661a891fa4fdb62af927fd0fe55d4d79b4ff48,2009-12-20 18:25:41,3958,648
ce428c654c0e32f3cb47638709a8c7f1fd2fcb62,2009-12-20 18:25:41,3958,648
aee8bf403c6829e08abd1c0eba6de1b379e8d064,2009-12-20 18:25:41,3958,648
988c4f009fc34cdf2866919eecc984bdd04ece3d,2009-12-20 18:14:25,3958,648
4d511be32f7504d00789b8098f83cd6e6cb6f2e7,2009-12-20 18:13:13,3955,648
bae2d0a82ce276f49e55ee9995e1bdfb7c09ad32,2009-12-15 19:11:52,3972,648
a4acfb693a6d927016a47f61401726d397f06dc0,2009-12-15 19:01:57,3968,648
b7860383dee837a6d75007a7afeb9438ded0bf6b,2009-12-15 19:00:58,3952,648
02a6ac182a0220a88d72c69cfd0c3fe7a7a8a265,2009-12-15 17:55:34,3952,648
3d9c45aabb352399dcc6e35da68d34e9116c7583,2009-12-13 00:04:53,3958,648
0f296e362bd64f22d1014273cde8f0028db00a94,2009-12-11 23:39:09,3958,648
6c8ed8f5dd7e5390d87280e66dbe43237b762e6c,2009-12-11 19:07:07,3956,648
aaf4ce0a96b0f299cd6447ddeac20689ef3a6eee,2009-12-10 18:06:30,3955,648
6e3c88a58c8db1b8a2fb14a8b712f464077fc98a,2009-12-10 18:03:37,3954,648
e0c3249111bfd28466f3add1732033cf98793dbc,2009-12-09 19:04:53,3954,648
5b54adb786ad2b15a9bba0234402c932308b9474,2009-12-09 19:04:17,3950,648
32915b02f8acb3445cc7b6def42b153e9d695902,2009-12-08 16:02:52,3949,648
e6b5f30c74a77fd0cf5a0cd7a659c61a4011a937,2009-12-08 16:02:35,3949,648
9776c54b33ab7f1f777bc69c2e77a1d6834658ef,2009-12-08 04:13:42,3938,641
77a19711acf54cc2d587dea885849ec0c5cfce95,2009-12-08 04:03:53,3938,641
33c0f8a017fcb10ae3a5a706de1ca281429e49d9,2009-12-08 04:03:07,3922,632
44ef9e8a7b1b86f97bc092c9b28469c36dbb3f27,2009-12-08 03:55:28,3907,625
438f57b6abeb6e443d0cc841d647b1f0412920e1,2009-12-08 03:52:22,3902,625
2b55f16d8983030a1f101d69a0be394911bfd2c6,2009-12-05 22:22:14,3901,625
8ab25096265f3a33703e3910ab28068739c0fed0,2009-12-05 22:05:53,3901,625
27dbbdb9ec940c99d32a8e0bcc91e72bdae88667,2009-12-05 21:22:42,3894,619
9e29d5dc469952dc4ff23e9e4fb2c296bc152db6,2009-12-05 21:18:48,3862,619
ebe7f453f35085e2f5c7cbe9c498610c500481ad,2009-11-26 00:56:52,3862,619
790e4505426ca257af86bbfad76efda810040df8,2009-11-26 00:55:41,3862,619
69afbd9adde38180efe4ff49b0866df678af2807,2009-11-25 19:38:31,3862,619
38b83cbb7a0818ef01ac84721b6828a33d106fc2,2009-11-25 19:27:00,3862,619
9b855ba11b4f412b6997ea78949ada76fc687875,2009-11-19 20:08:20,3855,619
54ac558d2da168ed957fb7ccf85a7faa62eed911,2009-11-17 03:41:32,3849,619
39096ddac5732566e19ce102d62f01f93725e0aa,2009-11-17 03:40:50,3847,619
a2397f4c7b6c1db19c47d55cbdfa287737b13b5c,2009-11-17 03:33:13,3843,619
d58b05006f33a68700468aa23b713a361fe1825d,2009-11-17 03:32:43,3841,619
68f7463ef95aa76b0fc37b24357111ffb0b24c94,2009-11-14 00:04:13,3842,619
05bcde28e3f072c7048c2b68ab688e0c5a9c0379,2009-11-11 23:46:31,3822,611
1ab1d572e88f1beef5e714c9eb98a34cad9167b4,2009-11-05 01:33:24,3810,602
26e7543bc8907d390a22f01281ecec5daa636318,2009-11-04 18:09:42,3809,602
f341b0339ad5308b79955dc419fc4bda49399e34,2009-11-04 18:06:27,3809,602
c015ffe7bee6d1b61a8949fe268c9a5e8ed10851,2009-11-03 23:33:55,3917,594
fb189530fe35809e1ad62fb9a10b4f6fd3fdad08,2009-11-03 23:32:54,3916,594
db930f32bda1223160f45b555ab62ab7b166a36b,2009-11-03 23:31:42,3916,594
93135563dd9c35b620d3aa3e85eab35cbfc7a7a6,2009-11-03 20:13:03,3912,594
d5c6d1bfaa82ea53616298b84bce72d3848a6506,2009-11-03 20:12:01,3912,594
142ae64b8485b680358baf9eb92c13c222708913,2009-11-03 20:09:51,3904,594
abfe60d5e9ee48809664d5309ae0d7b41e5d3126,2009-11-03 19:19:37,3826,594
45e81762173b1668cf1643491c462dc30f5dbc55,2009-11-03 19:10:21,3826,594
3ecfa3f2cb6c23a9e3aa85918aa656a3f4637deb,2009-11-03 18:57:17,3829,594
0b7996b9c14bf38885b7a595cd01e825b9d2b0d9,2009-11-03 18:24:31,3772,594
ececd8f95f3249c2728ceabee402301b868aa4b2,2009-11-03 17:53:07,3832,594
23082024c1cdaa8e00f770dde3c439ccb6e82e8b,2009-11-03 17:52:15,3832,594
93fc634163498d800924649cc558783317ce8c0a,2009-11-03 17:46:39,3832,594
6fcb312c2dfcbe421f59b4185362cb46ea87c4c3,2009-11-03 17:46:19,3832,594
7ec3141d21b86a8b40d5625e30a60ab4cbeca8da,2009-11-03 17:38:02,3832,594
0122489244cb7e01aca8325c9adda86445fd510d,2009-11-02 23:10:43,3832,594
aab4c505fc5e1473352b9485f666066471b93329,2009-11-02 23:04:00,3832,594
7cf88e232fdb52fdf8533b0dfcd7ada79fab9fa6,2009-11-02 23:03:14,3822,594
ae18970356509930b27386c9f918e8e377d665c2,2009-11-02 22:49:22,4050,594
0b5e9ef320769de61fe3046052475a7b41d7c3c5,2009-11-02 22:13:27,4048,594
1d08510d8b96f9f726ba5c1a311fc86b896be2e7,2009-11-02 22:12:12,4048,594
95f9e578285d71814f8589174f30044cd1280042,2009-11-02 22:07:17,4049,594
fad1c21542a07b2bff8e37570072a1db7b87281d,2009-11-02 21:56:42,4049,594
613afb09292f7925999c64f831d88eb121a8a13b,2009-11-02 21:55:22,4027,594
6d24b0f8d7a271241a5dc48dade05796d69a22dd,2009-11-02 21:54:32,4025,594
70028d81daff8527443fbbac4a9edf62d14d9e36,2009-11-02 21:30:04,4022,594
9d6de6a5539a6e6fe1cc556ee5d718f70c627f0b,2009-11-02 21:27:28,4022,594
f33363fed6c2e28ac312a752408f7d5178883db4,2009-11-02 21:25:56,4020,594
889698b77895b36cc6a443dceaf7c3392aaf695b,2009-11-02 21:24:52,4020,594
5e1f0ad116cd21dc67008986222a7fc2df8990b8,2009-11-02 21:23:52,4020,594
a771a996cce0d6cb151e2c59cda960e1729c0ffa,2009-11-02 21:03:02,4020,594
f808dfa27040a30c966a477182fa16b09ddba428,2009-11-02 20:55:19,4027,594
599c6af90395f560478252ed30550445876dceaf,2009-11-02 20:54:13,4025,594
39ae7cded5767b3f110e8442e962a818de2bda79,2009-11-02 20:53:31,4025,594
cc50453887fdb2a299526effcbeb1080c089fda2,2009-11-02 20:49:07,4020,594
8ac08759fb2091b9647104ad25803fe88b8e20b7,2009-11-02 20:41:24,3995,594
c9bb6ee9ef955a0e9de2010965cff117447feba2,2009-11-02 20:26:55,3949,594
e31340017dfa54fcbc65e866370e0856f5468523,2009-11-02 20:25:44,3946,594
c7a16c50757565075374b28d4758a72ac45fe006,2009-11-02 20:24:37,3950,594
2896a57e59cd6284a1eee7b9b322b2a361403d82,2009-11-02 20:12:16,3945,594
6bff9d991e166d181388c048b5b71012acdaf65b,2009-11-02 20:12:05,3945,594
990ff9b2f2c6e3e162311045736bafa724d5c905,2009-11-02 20:12:02,3915,594
960b26fb53186f395820983b3963a6933165e0ed,2009-11-02 20:09:12,3902,588
39098e84014b334530ef8c203c30d8fa69ba0b60,2009-11-02 20:08:10,3900,588
1a6249f22fd23a3444b640eba450eaf3abc5b467,2009-11-02 19:59:50,3879,588
160cc1244b3552a825e311bc49097fec9c2e8834,2009-11-02 19:58:11,3869,588
14c46af21cebbe51f69de34528106e996318bcb5,2009-11-02 19:54:26,3855,588
14def49dec1479297e2b6f55c8f20a4d8c0e094f,2009-11-02 19:53:26,3850,588
ba8a25169e8b3a879275d25b6f0a2bc55a3a21dd,2009-11-02 19:52:47,3848,588
20ad346c935724256567ab9b4488106ebdfe3790,2009-11-02 19:49:09,3843,588
ee4a17c59ebb7b463c75722ee0b20a8a3faea195,2009-11-02 19:42:07,3825,588
986d8ec2a009ef29d6237f4c60492497a9d65e55,2009-11-02 19:34:52,3800,588
5916500c2fb806333417102992c6853f83274f85,2009-11-02 19:32:13,3800,588
9976038e6fedf317522952ec911ffb198ec4952e,2009-11-02 19:32:11,3780,588
9e48b3e2647f2403628abeeae287fb3e0c2eff4e,2009-11-02 19:23:51,3771,588
9f1c8a7131ca6320089171fba1106fa7f133cd15,2009-11-02 19:18:05,3770,588
123bfafb0b4f351fd17238f39de4b22ae73ace12,2009-10-28 18:35:42,3774,588
a52af4e6f2ebdf110673ec0af0f33f5964c55110,2009-10-28 18:35:30,3777,588
6617beefc0aeaee2d1d0b17b9eda7f8c72c3521f,2009-10-28 18:35:23,3777,588
ba8a97a88d0be1ce04155c7a604be13b61190207,2009-10-28 18:33:08,3777,588
8122938cb4a85073a8ac0e2cfd94f43c2074c79f,2009-10-28 18:32:51,3777,588
2357015618dd9c9b2833e1919496cffb897faedd,2009-10-28 18:29:02,3777,588
e482755bdf4b06a538afb67d38a39ddff8e9b830,2009-10-28 18:26:30,3778,588
4e54ecf008206ae8dfc3d80e35e78a3886ac4881,2009-10-28 18:25:07,3780,588
f37e5a9a3ac77342fbb3c7fe3dcc50be0d85dba6,2009-10-28 18:24:48,3780,588
ab835deab8df5a9c9006330e90fc233882a72486,2009-10-28 18:20:45,3795,588
a63015e77597efacdc6ff3a0364ce371d40cd181,2009-10-28 18:20:22,3795,588
931fcbdc16b689544f70719211bcf2764581a402,2009-10-19 18:02:19,3795,588
f116bac7e671b69c1ec5b9f7b483034cc3218ace,2009-10-19 17:56:45,3785,588
3cefdcad4b3b28d66d76fdb4dadc4e180ff876a0,2009-10-14 06:48:44,3785,588
d88bc89f3079874b3630d74af5707a0b04b34b1c,2009-10-14 06:36:34,3785,588
c6f8d4735b3bc8950c8b3f93bd39abffed5efbf0,2009-10-14 06:36:31,3785,588
a43ef89e5cd08bd74a56d30bd60687ae2c82fb8f,2009-10-14 06:31:52,3785,588
a994f09653fd543aa8d64c348d21025a31372a96,2009-10-14 06:28:01,3785,588
e4db10c498f6f2957382d3048c91addd681b25b2,2009-10-14 06:27:49,3785,588
f33660206b67578e606e557844eae65494255173,2009-10-14 06:25:16,3781,588
dcdab6fc8f749570ad2ceec897a5f154618f86ac,2009-10-14 04:51:33,3781,588
bdfe2777ba4ccc088e1c270c85cdbddd69103c55,2009-10-09 04:07:11,3781,588
69416b3d129fbd7f40e3afbc2a746feafeb12148,2009-10-09 04:07:05,3757,588
4f61f3ebd40db79175bb95204fe45710005165cd,2009-10-02 17:56:23,3754,588
64d2c1b32ad98c0b273897f53665a8587611266d,2009-10-01 23:56:26,3754,588
c66b5098344b0da9df3b701465655ab84c01e095,2009-09-30 09:46:26,3754,588
04fd3a3415ce7fa73cc8ce3d2ac1d4a73186b3e4,2009-09-30 09:45:05,3752,588
6e81b72e0b7ea3e26704085fd7415280e209a155,2009-09-30 09:43:00,3759,588
70d02b684a53f34c2e8d9c212370267480b04e5d,2009-09-30 09:39:59,3759,588
74f98aa19b4133092a4ca9ad04c7abc691920b1a,2009-09-30 09:39:48,3716,588
9fc7b2fb49ac7734084adec746b891f7af8cc089,2009-09-30 09:24:24,3719,588
7c18f64ace194b0e5774f08f36146ce3bdc29d0e,2009-09-30 09:11:49,3715,588
2f873240e09a785ee3d640ba9e2122ad741ce7c7,2009-09-30 09:11:44,3672,588
c1b135c8b2009c1032fd717e865fa49c1b90b391,2009-09-30 08:46:24,3663,588
17c857ab817efb1311aa408a2f50423052df48d6,2009-09-30 08:43:29,3662,588
f5a775c2fad642984caa78551f45c0ac7be3ad1d,2009-09-30 08:23:59,3619,588
2b11f92dd36f15b8f23f7f03776f6b26cae56556,2009-09-30 08:16:21,3618,588
82aa7bfe57c8039837d313def1439a5144cb61a0,2009-09-22 01:49:09,3668,588
cca886a412b5bc89c7b32b8f3dce950170dd7486,2009-09-19 01:02:55,3666,588
75a351d18974ee3edba6ae12e249953ce9c2c3ab,2009-09-19 00:49:45,3666,588
5bcd1c097b26f78f42961a275f108940593a253c,2009-09-18 00:35:34,3665,588
4025fa4871943a0146d2c0b284796369fcafa5a7,2009-09-18 00:31:40,3666,588
550ed3ecfc03c4c8a782589f22061f93426f5d4d,2009-09-18 00:30:13,3658,588
4ef73c7448ab39372ed29a6e88bd67ea88a0415a,2009-09-17 01:44:57,3658,588
fdf1a87b265f153955fa2ffae8207e66a6de6612,2009-09-16 23:24:51,3657,588
b7763f031c43fda702cc7ead2de0825417048485,2009-09-16 23:15:16,3597,588
1c45ca10db3eeb515656a93c41d6992eab47c2b9,2009-09-16 23:14:48,3596,588
bcd7e0d802d67f8784a5c84b552936ffab1e816e,2009-09-16 23:09:37,3582,588
280b247efec8cab80d28ca07309c54e7a101ae89,2009-09-16 23:09:28,3580,588
72d5892f29884e7ae6739335aa4189ade6f16772,2009-09-16 23:06:45,3576,588
9e0db40446ad683806f682835b72111dcfff55cd,2009-09-16 23:03:38,3567,588
c41b04c0f6b6e600182ae0ad97a655e224953efc,2009-09-16 23:00:52,3564,588
bec64a7c4f4c0bb15169e85b4800c1fff4dca639,2009-09-16 23:00:45,3500,588
addc155677286362951efbcb7fecf52fcc3303f3,2009-09-16 22:54:42,3491,588
568b771282d435d08fcf9d7504f246c3f2923d97,2009-09-16 22:49:52,3491,588
3cd06a3d7c7ede0520d4c2c17a0a3490f0983a7b,2009-09-16 22:48:45,3490,588
dc4fd5ab7bf67357c12c1c91dd3a376d79f51a14,2009-09-16 22:48:40,3485,588
5b51d50f8a3c6cb5c7d120483d54f45c2d58bf85,2009-09-16 22:39:31,3475,588
1fea5450f60978aeca3ab1d5b41e74be678cbcbb,2009-09-16 22:39:22,3474,588
12ea738fd2618a1d7a45d2a47e18f77f02c663dd,2009-09-16 22:38:25,3474,588
9d3de02f4ec4ac2b1a2fbff355bca4c59ee080dc,2009-09-16 22:36:08,3469,588
57055dbb702ad075a8fc894197f01164a0f9ed35,2009-09-16 22:31:44,3459,582
c3607905f42fa43bbe73105a8c2965b6b536cbc8,2009-09-16 22:30:30,3459,582
f542c6c48f0fdd212de421b6bf47a53e063381e3,2009-09-16 22:28:38,3458,582
01c428f16342dcb36840b2353bb9ec2cc8f7c934,2009-09-16 22:24:49,3458,582
06fe56566e06d8be0c8e48802c71fa6206b4a1a9,2009-09-16 22:24:29,3458,582
8236fb191af6e79d7aff92a146f0b5f03f71b166,2009-09-16 22:24:07,3459,582
2df3fb2d91a81289ceec73071856e212e9e113e0,2009-09-16 22:22:33,3458,582
804fc78b38723e4da0ffbf72cf62464c9453774b,2009-09-16 22:21:48,3458,582
d40080c47a79c416c6e62d61e44c56a1a4e39806,2009-09-16 22:21:41,3458,582
412fb341d5b6a03742e9ac112d8a4d5ae68622a6,2009-09-16 22:21:37,3459,582
826716be68b1f6d1d3b958b9d422031338f06a54,2009-09-16 22:14:26,3451,582
934faef0a702ad438bd7175b17c73b86ac1c08ba,2009-09-16 22:07:17,3440,582
e05463841c87cbdd530509d99cc9285c501896a9,2009-09-16 22:07:10,3426,582
c8f284f677e2c2a7afd63e1a3fa7096e725ec74b,2009-09-16 21:58:51,3426,582
33f0fd48ca3e50bf36645cf0c792feb4927fefe0,2009-09-16 21:58:46,3392,582
a26c405f829fd845bc12c86e5c8dbdfaee067e5a,2009-09-16 21:52:21,3385,582
0d415813c3abdf331da34c0dbf1f6d3090639aee,2009-09-16 21:46:47,3375,582
ca5c3c9899d6c65246343fecc3359da631434aa3,2009-09-16 21:44:44,3372,581
d974db2aef39debc793efbd78fdbf8e315adfb3e,2009-09-16 21:37:07,3357,566
97b6afcefb944051f13ab8b7d2d773e7349f2e0b,2009-09-16 21:35:42,3356,566
0d2f0c2f364bde908d664ffa6441010e2e0fb833,2009-09-16 21:34:55,3345,566
6b96c20575b68db446fce1bdb985a749bff8c91b,2009-09-16 21:34:16,3345,566
9e04443feed99739ab16488c0b4cc0047926c6fc,2009-09-16 21:34:11,3295,566
046ef6a628c9c35df93232e5ac5fc0e9d05a0be7,2009-09-16 21:16:37,3277,566
729f69d3a3fb0f4cc1724f64ff377cfb62fa7bb6,2009-09-16 21:16:34,3221,566
3b9fe2603ea070ac502e4916486d9e17b608c0cb,2009-09-16 21:07:48,3221,566
5e34fd18100b64da0ff808562abbdb6ef8580939,2009-09-16 20:53:51,3184,566
2c5a113dac8613d73aa1cd5ecb5e5b6b04d3aa28,2009-09-16 20:45:25,3142,566
e386e7e7cc28b7f8a27ba038eda8adcc73ad4168,2009-09-16 20:26:16,3023,566
a7bb7cb16431fd04773a2e598d05d671cd5990f6,2009-09-15 00:19:24,3023,566
ca09621ebfd926ab2861822ffb95563bd0de35e9,2009-09-15 00:18:48,3017,564
3a783ee7b306ad284aa489f3a30a1b0c92fb939e,2009-09-14 23:48:54,3013,564
e858376aeb095ecc26cec38bbf22e36bd0c9ab3e,2009-09-14 18:34:03,3007,564
34ca2338b4a245fbe5167e0723ee1fa9c7b65673,2009-09-14 18:26:05,2963,564
bd5c14922bf16db501f08bae492d4393bf09e9e5,2009-09-14 18:24:53,2956,564
94d5ff9f2ba181a62048608106cd4be2f649a7bb,2009-09-14 18:24:39,2932,564
f2aad5d3b6394ec6d54c0eb6059d044d49e9b03f,2009-09-12 17:30:54,2923,564
978010fef2ab6a2b607a217e605b96711b9ed169,2009-09-11 18:35:04,2922,564
f69abb18f156efa3a98f577d62aeaedc605cc666,2009-09-11 18:27:39,2878,564
f2e1ee33b52957b391ee0a9adeba788d7bd9bc77,2009-09-11 18:27:35,2673,564
0b999a1f8dca4ef752313dcf41ff2311f5d25f54,2009-09-11 18:23:16,2868,564
4e02287f4983493dd4d96938851c46373731213b,2009-09-11 18:11:01,2802,518
a8e2e265a252a9debaa1798c349ec7c151fb8c27,2009-09-11 18:08:53,2798,518
935a100577785fdac11494417a406ac0a3e5028c,2009-09-11 17:53:58,2744,518
7aed61a437f2a6f03ac5c7733c5c7ab3436daa3a,2009-09-11 16:57:29,2648,518
a6be1d98a3ee01cc42761df94d0c84624e4cea37,2009-09-11 15:37:53,2506,518
4c9f8f7b59145708b13481d9cf8df747ffd6a4a8,2009-09-04 19:59:06,2508,518
8705373b3cbce073d099dcdc21d71c52c721cb5e,2009-09-04 02:45:07,2510,518
9b4b1e6fde0a16cc8b3e45eec65374ac64c7b908,2009-09-03 22:45:31,2493,518
3073c4934b0976dd35e74b0639868478519371c5,2009-09-01 22:33:56,2481,518
7a775a96b8caf2eb6ebd8d194b4fd3989983bd9b,2009-09-01 22:29:50,2481,518
bcc4f999dfed09c9881dfdf1d5d78a87bd36ec2b,2009-09-01 22:29:43,2474,518
274fd730fa750733bb032292d72967ffaf985042,2009-09-01 21:47:15,2469,518
9a279993b78246f36178178f44287517aeb1c468,2009-09-01 20:45:36,2469,518
fa7713cd1ee221ca29332e319dec166ac929571a,2009-09-01 00:35:01,2467,518
65620f898f13134fb004779b06ad981ff10a1998,2009-09-01 00:28:14,2447,518
8908ff8dd067a03036e2bc92a2950af3e9a1bd2b,2009-09-01 00:22:52,2449,518
2a97c71cd4857f4337b1982388bfd3791959ab4f,2009-09-01 00:21:09,2448,518
8cc1a94b9aa4c890e99a993381b3e59788153836,2009-09-01 00:20:39,2452,518
546e6ed052e0312b6b108a72cbaf0fcddc50e0d5,2009-09-01 00:17:29,2464,518
36c07561a8dbb5835ba677d02ce36e943c0e6124,2009-08-29 21:26:33,2442,505
697052d80bdd4ffd808be7b74b82bf9c259d98d1,2009-08-29 08:11:31,2442,505
4f90ddf25ce03d4a23c47bc765c9aa65e1339265,2009-08-29 08:11:27,2442,505
fa7cae1dcf61d1a9c26726ab1c907189ec6e5b9a,2009-08-29 08:06:14,2437,505
12c97da8caab5b23ed1fa56278449ecbccedfe05,2009-08-29 06:15:47,2424,505
acda24f9a74c150e3b5a384f1ae6175d0912a58d,2009-08-29 06:04:11,2424,505
c1210da7547e61e857341636ce0fef14bac67b04,2009-08-29 05:58:19,2420,505
b4b2b29b9a75fefe318e744904d9f0b299973a5a,2009-08-29 05:44:15,2419,505
36ad0690af7c9ce9d60912feae9b0cfaff4f494d,2009-08-29 05:31:45,2417,505
f0c71a3117eae6a9f379eb2e6a75432b675966d6,2009-08-29 05:30:20,2413,505
28770f01600cf915fd325cf44a79d03589fc38e5,2009-08-29 05:29:34,2412,505
29ff865bef42ec95a9cd66515902e71ade9e5480,2009-08-29 05:25:52,2413,505
91e2c2b356bd08e6798d2d882fe151daf7990227,2009-08-29 05:24:09,2410,505
58c7c14ad26fe2d160bb8042d2c4df329aa8742d,2009-08-29 05:21:27,2410,505
485490cc479d3288408a7ccee0e50b20a8647b80,2009-08-29 05:20:52,2402,505
ae0a2e1b7eec4ffea8128d648c2e375a9551a5ea,2009-08-29 05:19:02,2394,505
4c13e35e5d4f5a2cff908fca2cd2e0e3731e03ea,2009-08-29 05:11:16,2385,505
f18f7fdcd5980732d9a678da05560373a4aa22c7,2009-08-29 05:08:42,2383,505
5629cd511ae2e0684da7d920fbfc49b2e879b56c,2009-08-29 04:46:29,2392,505
e2a819906cbd0aaa7a10e05cab4a7c30747bc872,2009-08-29 04:44:22,2390,505
8b3f9a2f4ed787db037643068096aa955e06de2a,2009-08-29 04:44:14,2386,505
ac7cfbf4ad1f65eff62a8db5bd0a1df92c934b11,2009-08-29 04:13:00,2381,505
fc2a4fe19c29b16cca1c32d737586103694afdae,2009-08-29 04:07:47,2369,505
f682b2727d357d7837e818075c8f7235e3498ae0,2009-08-29 04:07:11,2367,505
dab6cc9feb30fc3e21b14e6c6773904890e15fec,2009-08-29 04:03:04,2367,505
fe381eec5475dab25a99e6455d6598c9d68aaa09,2009-08-29 02:03:44,2367,505
241050c6be2a400a2dba60750ee09097c6f345a7,2009-08-29 01:57:48,2337,505
03f807dffbc23b438e17fbc0d75d121df0b24883,2009-08-29 01:57:25,2337,505
41892d1a39e0599b2c6ffc03a5355da5f0aa908a,2009-08-29 01:57:19,2335,505
5c6f04a401d636a530fe468b8c8c5db75c808c9c,2009-08-29 01:57:13,2332,505
75502d36b2ce4686c1778a1c36802e7bc84eb1af,2009-08-29 01:49:33,2330,505
87b4a7fd952e3972d147ab68127cabd58ec67264,2009-08-29 01:49:28,2330,505
e5d9ad2f3426e6a03ad43bfacaba86480f149974,2009-08-29 01:45:28,2312,505
a6013055f02415d7f7f3982cf482681fba4e40a6,2009-08-27 01:26:24,2199,505
af61f53ae70775d45b257914aa200b61443e4375,2009-08-27 01:25:11,2200,505
48b7c28fee250c331378936fbf536c2032409539,2009-08-27 01:22:28,2200,505
87831c2819154e08b9e46f0318873f82b100e047,2009-08-27 01:13:02,2197,505
80b835be5c530177265e0f147531d82861572bd9,2009-08-27 01:12:21,2196,505
95b6602a1d2c1e154ff98200d739887071f76765,2009-08-27 01:09:28,2196,505
71aa269d4fc002c6d13a942e80d715dce7a917f0,2009-08-27 01:08:12,2193,505
96274126bad309d0e5de2baa3092b4b3120740b4,2009-08-27 01:08:09,2164,505
f7071e6a2dc196bccf8db2bfe20edc2cb83af4d5,2009-08-27 00:57:52,2179,505
6dd7c485dc74fb593619e032eb90b04a8a4b8c69,2009-08-27 00:12:28,2194,506
881ae4e6d52a4479fec60455cf3c15a41125d8f4,2009-08-26 19:05:46,2202,506
b7ddb1a5db85d011dc3860a694829c90cd01f29a,2009-08-26 02:35:36,2158,488
cbe025f934639cf458a3c57c6ff0e4aa22e31115,2009-08-25 18:25:24,2158,488
4354ee74f2e6c684eece89fd222b33a8b5193833,2009-08-25 18:15:04,2158,488
66d9228394748cf2be5895cfd9350777a7790d14,2009-08-25 18:14:58,2158,488
758e486d563b8eac0ee07a9fcea6cabf3cc7290c,2009-08-25 16:51:04,2158,488
a23d2d8129d221e6d0518978543760a0f71c97e5,2009-08-25 11:19:09,2158,488
45c9982b90ae0ffdba5b8cf0ad9d1198a711bfd8,2009-08-25 09:46:53,2158,488
7244648c4e4fb84b3b85ad733ba1a4fe6770a253,2009-08-25 09:31:59,2154,488
1e82b60b77a646ec7fa13b4998450b2d38695a43,2009-08-25 09:19:00,2154,488
b6b6c1fa7d31d091856f8bfaab6a80e93f8de5e0,2009-08-25 09:16:19,2155,488
5a70f258afd310cd71062c9ac4a01d1dc0cda9ed,2009-08-25 09:05:06,2159,488
e54d2e06aaf1880d0ca0b19e6d902fee1ccec509,2009-08-25 08:41:52,2144,488
502adc16b0655489d0c9af021774aaa4c2826389,2009-08-25 07:54:52,2148,488
263bda3ebdc555162f30c7a262ce125e1093e046,2009-08-25 07:41:40,2128,488
46e250fbdc8ef1b65547ceca592e7d74657ce347,2009-08-25 07:31:49,2071,488
2003d067a0a960122c6dde5e0d0c15a5aa3e1fea,2009-08-25 07:14:22,2085,488
d56cb3d5fdf023f44c15131270cd205e9c2eb58f,2009-08-25 06:47:54,2085,488
d431f2d713378dc31a68fbfad5f9397392bee6d8,2009-08-25 06:40:56,2093,488
de292e92123cc81affc3d9b35a60d628e62a3876,2009-08-25 06:33:20,2093,488
63fa755f4ae03d433b7df14ce2fcf2259fc6f1eb,2009-08-25 06:31:36,2093,488
6b670dc02416be6207849e62a7fab93102ddd38d,2009-08-25 06:31:26,2093,488
e70a850ac3edd300df15373f4ad1544bd81f1767,2009-08-25 06:30:44,2091,488
2eb1c34cd793bae844417218c57b7344ef9660d9,2009-08-25 06:30:17,2084,481
1ca3c4d91362b11b233eede625fe3ea74d9e09eb,2009-08-25 06:08:07,1920,317
9b1071270d1f570361d6b0d25fa79172461cb729,2009-08-25 06:07:13,1920,317
50b5f741d9ae4c13070af49a6844e212b5891959,2009-08-25 05:46:50,1920,317
a495eaf4e5202af0ec8549024f3fb733e2b560ac,2009-08-25 05:43:49,1920,317
f455ce1406322abd4a99e5cf096119cb7b343c51,2009-08-25 05:29:24,1920,317
4f533b735196f162b5625e813fb06d5ef12ea1f3,2009-08-25 05:29:13,1920,317
11e4d31873a84da1bc1906cd49f6f9f8bec5399b,2009-08-25 05:27:24,1920,317
2dfa9459ab6c3a1538f3732869d6e5a37f3cd1d5,2009-08-25 05:20:41,1920,317
27ca6f5e759ba6cf40ca220e9fde44f8136bb6ad,2009-08-25 05:19:32,1932,317
eec7bbda45498ff94ad2302acf0e26948311d42f,2009-08-25 05:17:51,1940,317
9f89ee4c75461ebfee485281f761d354320fc49f,2009-08-25 03:35:59,1934,317
67fe430a3419436b43040f6271318b28f181d10a,2009-08-25 03:20:46,1933,317
8fa581bb237b0bec2f7e2660764e51f9324f0311,2009-08-21 21:10:22,1932,317
3a38b456721c0aa7eeab42d286540523b8061b2f,2009-08-21 20:42:24,1938,317
8a45475808d5640ce3949da44eadb39b19376ffb,2009-08-21 20:41:39,1931,317
79f41bd87c6860ca099e50d6f5cbde6dda64702f,2009-08-21 19:34:55,1931,317
f78c5329dbbc9b022c7b579406ede6bc66a31a2f,2009-08-21 19:34:34,1931,317
7aec0adc9d5b707ab744ed8aae9aaf57aecbe739,2009-08-20 23:19:19,1921,317
62a9778512dfa9c45063fc44f3cf3787e3d80416,2009-08-20 23:19:11,1920,317
b33e68fe835d96c8baf3849238e44e2b8096fed0,2009-08-19 20:47:40,1916,317
b7e4a7f8bf6c520a3621722407c36a0b4c067305,2009-08-19 20:15:49,1916,317
10cc99e0a06b5c7c0b966fd8325f3a1911637093,2009-08-18 20:35:04,1917,317
2d56681ff7ea16c67f68a51a435d5dceb52607cb,2009-08-18 04:38:05,1916,317
d1b6319ff477c1d6b6c236b31748ea0ac1acadc9,2009-08-18 01:46:30,1930,316
f50eed1c908e2161d76ffb7049b8557ce2f4b010,2009-08-18 01:41:07,1910,316
a911b39ef277ad8e1c3db9bc2a693edd9cb7d098,2009-08-18 01:38:43,1906,316
dcfe7666cbb47e12eb194b08db1f62d00d17aae7,2009-08-18 01:31:22,1903,316
2c6f41dfb000d8a6657d4a819cac8ead55599f33,2009-08-18 00:59:47,1879,315
662ff510dc832c6396c8227951f790b6af9199ec,2009-08-18 00:50:38,1875,315
8f183cc8fb6ab442f07614fa10fdfdccb445e9f4,2009-08-18 00:38:45,1888,316
f53ee87200c1e3745b864d24c885b4ecf3f60cc0,2009-08-18 00:29:57,1883,316
fb9801ade5de8754f42e1a38e7552d2292117032,2009-08-18 00:28:51,1883,316
e810f7d71dfe8ef68a041f44433c3f3db210330b,2009-08-18 00:26:26,1883,316
a0bac261b8d3e28189362e7138870c8e7575af92,2009-08-18 00:17:05,1877,316
f920a156f7e95be221354478782d09bfa3587137,2009-08-18 00:12:54,1878,317
6a0b7cb78813556a321588e1bb6ea9956f69b392,2009-08-18 00:10:48,1877,317
8c732165e38aa743c1ce7b2581e2501a67b6266b,2009-08-18 00:10:23,1877,317
12f64156575538c37f830f6cdb3a32cdc8f9590f,2009-08-18 00:06:31,1877,317
fd47fa142143db90934f6c2bf3f726cfe17e7f46,2009-08-18 00:03:57,1875,317
7f50fc595f254f168e845287e074ee37064a0599,2009-08-18 00:01:45,1875,317
360ef4152c0cff33576e473286e21f57c17cb287,2009-08-17 23:57:40,1875,317
b839e60a4816f771a5d4c41096d3e4ee4dfaf086,2009-08-17 23:55:56,1875,317
47fa42bfa4cbf328b5aa9c69ef6283be3c48739e,2009-08-17 23:55:02,1872,317
e6df12c115b22aa66980b245d466cac2271f40db,2009-08-17 23:53:35,1870,317
13cb3d56a268a2cb445b1e1b8ddc02e25a40653d,2009-08-17 23:40:33,1870,317
a038b6153f6e0e1274da5218fa33cf6716a49e6d,2009-08-17 23:38:17,1886,317
0a648f8b734709bcdc03d67e9203837d27b6fdd7,2009-08-17 23:31:15,1880,317
09f3cd699a46d9592e755cd4eb2fc7e1e8753513,2009-08-17 23:09:44,1864,315
7d0daff112c14e688b172feaed94ca5cb3a3e2dd,2009-08-17 22:52:09,1864,315
a519f27573192d1cbf94b9fb763583ed14054a07,2009-08-17 21:45:55,1863,315
8ee8f098799a3052bdb3e6b3ccdc2d9f2230a196,2009-08-17 17:03:54,1856,313
ac3f9334a20fba719fc1dc5b689830ca81831805,2009-08-17 17:03:47,1848,313
1f6aeb6700c072ff21f44f63442ccd7c33f63b2b,2009-08-15 17:17:14,1848,313
36bda3a746edf3393c0ab3f05913b039e63c3948,2009-08-15 17:17:08,1831,313
4ece6d4eceff2ba8dff735f85d6a36e2a8bd0f6f,2009-08-15 17:17:03,1785,313
76364903cb3b3aa44601d5cd89d0fe9f55a44421,2009-08-15 17:03:20,1777,309
c97aaa8dfa769b40c6490b2b1c5b7dede8607717,2009-08-15 12:01:19,1777,309
a14bb0db8d7897fa1ade95dd80a4a412ba1468fb,2009-08-15 11:58:02,1777,309
31d2b2473335734557c3b87aad41cb2bc335039f,2009-08-15 11:53:41,1777,309
1aba5d3d47ad77f73d29f5cfdd58730b9d2342fa,2009-08-15 11:51:57,1775,309
8c40160085b660d0469f841c827ea5f71438cdb0,2009-08-15 11:50:17,1750,309
8a1ca95b10942721b9b5e0dd41256bfff25bb1f7,2009-08-15 11:44:25,1749,309
a8eaebfeea163f38e64bb0cbf549b6970ff63a20,2009-08-15 11:39:52,1717,293
e11ac996fbb53da61a337041f825cffd6a2df531,2009-08-15 11:36:52,1715,299
4ddedc7ab6bbf8e2b82926dc427f18afdf7aed8f,2009-08-15 11:33:22,1703,299
c12509c16f08b3a2f867f55e1f19dbd55b27d0f6,2009-08-15 11:32:53,1703,299
00bb571e6eabd9ed49609a6cc963b963555bdc2e,2009-08-15 11:28:44,1701,299
0921f94fa1805079b644af3a49b5217cabd36eaf,2009-08-15 11:19:38,1688,293
0c912679edc675f9524a99edfc576a2fdb4e1c11,2009-08-15 11:19:15,1687,293
f856891b8947801548705e3848d423e90453d223,2009-08-15 11:19:07,1689,293
e9d0b6978954600e57e395c7b7a0d4d2202d33e1,2009-08-15 11:15:39,1688,293
1f13c9a985eb91853c8ba873eb5495754534ba91,2009-08-15 11:14:02,1679,293
c1418d8e825d67d139d92cd7263cceea3b825d74,2009-08-15 11:09:59,1670,293
9cf88e6806cd8de1b11fec8f8c27bd02beb815d9,2009-08-15 10:47:20,1665,293
2a23e325d1771ec5f57eaa7e69fce74d7eb93064,2009-08-15 10:44:11,1647,285
5d33f89cc3f5fc744ccc6f1a00a5d9ebfc736888,2009-08-15 10:36:45,1639,285
0a932a096674eb2b696e76758e6b911d5de93c13,2009-08-15 10:27:04,1628,279
721e4fd7bbcc199814419c118152cc2f53d94739,2009-08-15 10:26:15,1585,279
65fec095c03874c427215f2e031e1b1d92d61a95,2009-08-15 10:19:54,1574,272
b08f25e4b54a8c88070fc356db33cf9ad61d56a3,2009-08-15 10:19:42,1574,272
ba0a65f5785035613741c9f11cf93eb9503bf3c6,2009-08-15 10:05:57,1558,265
2b8e3f686819bd47175fb84cf4f03cf7a6083737,2009-08-15 09:52:05,1558,265
a2c75a81f9c094cb8d5a969209ce3e086c0a24fa,2009-08-15 09:51:14,1539,265
a352973fabcb20ee7fb599596efaad3335a8d281,2009-08-15 09:51:00,1539,265
cdcb9955f42c89a98a6d1a0f37a7428345991cd2,2009-08-15 08:56:31,1539,265
77f003b3527b4cc5282e33b6785d76789dc7281d,2009-08-15 08:51:56,1517,253
514ada5434faaa56cc40ef0bcbba675b7769b2e6,2009-08-15 08:29:15,1484,243
ccd3035c37041f7492808e8beed36c064070e5cf,2009-08-15 08:28:39,1484,243
308ec36f119c325ebc9694f3672402e4b6ed6ecd,2009-08-15 08:26:52,1485,243
b4007a31b55455a69af368463f0a187a80532080,2009-08-15 08:22:50,1479,237
6c37b281f945afe372c3411296c59f9dbdbff488,2009-08-15 08:13:10,1479,239
c714e4c816289a3c2d287d08027047649aa10185,2009-08-15 08:00:10,1475,239
ff8db9b862949c7bf53e63fcae1f481e528b22ff,2009-08-15 08:00:04,1461,239
abd88624ff60018b0d236f9f25319009fe83efd7,2009-08-15 07:59:01,1457,239
bdd05ff783baaf2ced8c34d6bddd14cde98b8cd7,2009-08-15 07:41:23,1441,230
dd48265b9e69da0647ea6da0e0e3663e3c17484f,2009-08-15 07:10:39,1425,223
e7e0248a15b5084f3e0627830e89588177039bbf,2009-08-15 07:09:19,1404,215
db44ee094e0b74d8870828d09863e0222abd53de,2009-08-15 06:55:19,1404,215
7ea74f6f23e34a1bb6118be99df62f2bf2a3fdca,2009-08-15 06:54:15,1402,215
23cf82975831744c84430bcd8f48655da2f57496,2009-08-15 06:54:05,1403,215
0cbd750a2200e68c7a4d08c1b8ec7506d49a329e,2009-08-15 06:36:11,1277,215
0051d2ba969eaa1ff3a1fa3999577f22085e3957,2009-08-15 06:28:33,1277,215
b46a843cbddba6ca48863f2e27f3c832f986cfbf,2009-08-15 05:52:16,1277,215
44c1777a0dd0a269ebbe4d790402ade00b46ff26,2009-08-15 05:52:08,1243,215
2ff2c3fbcd4c13f84b62ed3f3ec0b74bb2cb54ed,2009-08-15 05:51:59,1125,215
bcf43ab64a78d61568fdc38fb7227fb12833507b,2009-08-15 05:31:30,1125,215
92e6f265b35b14c40ddb74f0584143f409ea4420,2009-08-15 05:31:19,1125,215
d19e176111ed3749156a57ddda4b787d4626b149,2009-08-15 02:12:14,1094,215
c02ff45d2d3e29941e3cd394a691f1c08c6c19fe,2009-08-14 00:37:29,1071,215
c925cd3d6152ff4281c19f924a395ac27688cdb2,2009-08-14 00:29:15,1061,215
5922c727a2d3f8624118e225f694a84d597ff6ce,2009-08-14 00:08:48,1019,215
28c75ca74a9d02cc4baa14d267a911f50c40aba8,2009-08-13 23:59:01,1013,215
45b0690166c224045a6d35b2a989a70f2d23abaa,2009-08-13 02:19:24,978,215
4dd9b7a57ace2796787896def1e4ae5f3e925469,2009-08-13 01:54:25,902,215
f7a3d3fa7c15e0dc955856fa22baaebe29e4a55e,2009-08-13 01:37:45,899,215
57e825b6ee54cbf3cebc93d7bb7423a541559ce8,2009-08-13 01:26:56,884,215
b47f17dd5434f313141ad138dd2c9a76d0c8c5a5,2009-08-13 01:14:01,865,215
05f132a217ac1e2d301ec7c6edd1aa75af15b665,2009-08-13 01:02:10,831,215
5bc0ec4aaeeb7be8ae478153b7a8e1495df8dce8,2009-08-13 01:00:21,831,215
27afcfc4379a80c155d639e327ad0f6ee9c5e85d,2009-08-13 00:59:06,826,214
d932f76edb0f329d274b59e914f0bb34de6cb4fc,2009-08-13 00:43:09,826,214
ab9e588157ba9527b06022b0da67fd11b01a9cca,2009-08-13 00:39:52,825,214
95ac36f80f991a805c422f16cc2a466dd23aa971,2009-08-13 00:35:04,574,214
2b73dcc9240e49752dd87eb74a2067c577b93184,2009-08-13 00:27:01,552,203
b5680c08999f1fd321ff0be86db5bada5b2cf815,2009-08-13 00:25:01,552,203
c85b4c297e178bae10fd490dc28dfad865fca698,2009-08-13 00:01:24,527,186
77cf46f85772963d6ef8e2da40006cd0d79d5578,2009-08-12 20:10:07,489,186
f8dda3ed111a081e31e62580f39e8b41bbf9d625,2009-08-12 20:08:51,491,186
cf24c7484a88f81340c77c0febd39968c8971393,2009-08-12 20:08:20,413,156
3b3271afd616a42cc566b501c79fe26ddce14cb5,2009-08-12 20:08:09,412,156
abb6829f486737c76d17f319105c7904fbb9a084,2009-08-12 18:45:06,412,156
e1d03fb476fa55346a8f752ae184685345126a08,2009-08-12 01:28:50,411,156
6b953ea41aaeb689d1175ea41e88ecad4685488c,2009-08-12 01:28:01,409,156
c4d97f576e98da3e0c74e6cf57ac9b0507b0e115,2009-08-12 01:06:36,401,156
2c9c91bc040e96e98ffdc32bf287ace52ca90e58,2009-08-12 01:05:20,393,156
10d38b40bee56919bcbc4beb29e20bb4b3a1a2a5,2009-08-12 01:05:13,387,156
15c6b458587cf7624224c4c46514cc7d074cee81,2009-08-12 01:02:37,372,150
3f11a796e5e74ce7d4d8c48b881b4cd6de7d88e7,2009-08-12 01:01:42,372,150
80a5e8e6078b6860c3007c478a43241a65e5ac6a,2009-08-12 00:58:53,372,150
0987798e0b27ef4b98a25ca6a4076a08e2400592,2009-08-12 00:57:38,373,150
a72e778bc5407dcbce4a87a27c1ebe623af9f778,2009-08-12 00:57:34,372,150
73474019d1422c35eff068e918309ef25e416c42,2009-08-12 00:57:23,373,150
0e61628589401a419908f92f35f21d60587272cf,2009-08-12 00:57:15,361,146
b42b9462a386e7981d8cabd3ecb2ad8f0b085ca2,2009-08-12 00:49:34,362,146
78c343e7da8337c40f948aef5038821e2dc35d0a,2009-08-12 00:30:32,359,146
0cc151a4f048c6160db1491779c798d36112d5d3,2009-08-12 00:27:11,361,146
e76ede569bbc6250f4d269df9122e22b03048559,2009-08-12 00:25:13,359,146
b1e00511b8ee9d9b2bcec41d7ccf306757049e66,2009-08-12 00:24:28,353,146
