8b8cc607d4e02ca51c4256175b9cc861f75b70e3,2013-12-15 18:53:08,15579,3794
4068c5221d8550a78cd5ca8a9664b66f2cff1f54,2013-12-02 20:33:44,15580,3794
e6069caa8628f68769e84a5d1b1ca2bc24bb8327,2013-12-02 11:24:18,15571,3794
552525c7a5945caeb3c922054d66f78fd9a4b40c,2013-12-02 11:23:18,15571,3794
9a9ce672b7c21c592c8378dcd5ac3e5a9f0bf574,2013-12-02 11:20:48,15571,3794
bc62963c8fbf893ba41caad52a73e8ab58e3148d,2013-12-02 11:20:29,15556,3794
0eba619c1a66b6fb086464d5f268c0fdb714ed28,2013-11-27 19:49:39,15469,3718
b314cf7b27c913c03ec5c36fd7c1b765732ef3e2,2013-11-27 18:16:03,15469,3718
69bf9b51ec441fa4f7924d53f3e620a203bff83d,2013-11-27 16:00:21,15465,3718
2be89c377238b1a43c1c855858c6746ae78c86a8,2013-11-27 15:46:49,15460,3718
740f472ce247958eed5ae7eca0596f1745030f78,2013-11-26 23:22:07,15460,3718
cb9e507cd43dce2f118a7ae78a76bf8d6e2bf3ba,2013-11-26 22:41:01,15449,3718
3be84bcbe3095d80766cf63a84cb677387687ce7,2013-11-26 22:32:48,15450,3718
544020bb9673bb1f8421a3ae1ead801d6568e6af,2013-11-26 17:20:57,15437,3718
e947f0f21694fefbdd38cd1a79a572041e17f870,2013-11-26 14:00:04,15412,3718
adbf36ad47d06107e7b805df7a045de0d16eeb3e,2013-11-26 02:15:56,15410,3718
85c2a0a3c192c7e23bd6a3681b8f28107b2f0a58,2013-11-17 22:13:26,15258,3640
c4d7b1b93fb06d152fe44d4a5ae42bfa0257e4ea,2013-11-09 16:41:15,15158,3640
f31644cca87bba753e0202f15d166b7ee2074a21,2013-11-08 14:29:49,15164,3640
23bcd1eb1f201e492d615dc138ff92302b8a2714,2013-11-08 13:15:48,15146,3640
705d5a012cc36d61a59823ea8966d5bfbf34f5b2,2013-11-08 13:11:35,15146,3640
5eff8902ff23d83c77e0d0b6f443b42fe701041d,2013-11-07 15:17:39,15146,3640
3653ad5b19cc48eb6c84de0f7c52b1aa8dac55e3,2013-11-07 14:15:56,15147,3640
150cb814058101cb1e1937ba11e8254d55958fa0,2013-11-07 14:12:49,15145,3640
a119c83f86ab5aed459757553e3aa27313f7c60a,2013-11-07 13:39:19,15140,3640
e7e941b66363a70e04fd994439f32611a6a0a136,2013-11-07 13:03:22,15123,3630
6afec76bf0f5d32da99d98624961df202e7334ff,2013-11-06 13:52:21,15107,3630
4b0fe47bb6cbbded27666ece92a28ba0af885b13,2013-11-06 10:06:03,15115,3630
efbb31cf295e9abcaed7a117a81ccb1a7f38e56e,2013-11-04 15:31:58,15076,3600
1774de2113aacb7fc2f0b0537d691c940c17caf5,2013-11-04 15:31:54,15054,3600
2cdd1afe85d027089bdb30689536e8743d7bb4ba,2013-11-04 15:31:51,15011,3557
492a09495578655076e3b4e8492918940cd0f1f2,2013-11-04 15:31:47,15015,3557
198821f52bc7f7ee802e03ce8628f12b6828654d,2013-11-04 15:31:44,15015,3557
d098385103f40dad555e21b1d00b8b9e1fd964d7,2013-11-04 15:31:40,15015,3557
4def7f116c932b9e713545fcde3054d293647dc9,2013-11-04 15:31:37,15015,3557
83ee2eb00e66124376e404b15ba8ca58d8221f85,2013-11-04 15:31:33,14913,3455
d6b8e4a246eab2e17cf63f86423d3e96e111ace4,2013-11-04 15:31:29,14912,3455
ec72e8cbc7e97af9aae28a37a0b92829b2bfe301,2013-11-04 15:31:25,14912,3455
e1b11e737e3f39339e1ccd31096b17aa84bc7efb,2013-11-04 15:31:22,14911,3455
f6445a04a0270b83e46243c0d1ed23f27d64396b,2013-11-04 15:31:18,14911,3455
c51ab74d7293642b2b8d5267b9355df6c45e0102,2013-11-04 15:31:15,14898,3455
7da98d81107ca6a4fbee45a19f1d5b5e3d31db11,2013-11-04 12:53:07,14886,3455
d4e6fa12bf4b5c8dbdcd799b5a952577036a83cb,2013-11-01 16:27:36,14799,3455
778969c0002f140d699a86fe9bcd7f375f8d3087,2013-11-01 16:27:09,14754,3455
fcf91ec261db85f0c0e1feca1972505dd687fc3e,2013-10-30 17:09:46,14751,3455
89cc3f3a29c1b18ac716dde86dac8c81090ddf61,2013-10-30 16:22:00,14745,3455
080ae79b540c5cb9c16e1613322fec1f9c730b34,2013-10-28 13:16:41,14682,3434
d844195be137d6e67fd7eace5ad4d5f1310e7401,2013-10-28 13:06:43,14668,3434
8cb3c279b0beac5de1ef9f5bc1fdbadfe1187002,2013-10-28 12:45:14,14490,3314
82d2ae654d0fbde915dc6481631a8da867eaa994,2013-10-27 21:24:36,14480,3314
3ad4320f61b42c1957cfeb9442347fec1d06e113,2013-10-27 20:39:20,14480,3314
97b66d1fe052d7df2ee9d4f304fb9c58bf43e2cc,2013-10-27 19:37:29,14477,3314
806a2f53fcbc65a80f73a38b856b041701a71cf9,2013-10-27 19:27:35,14477,3314
d66fe964bc03c000da48dce0c2314936ef492fae,2013-10-27 19:18:08,14477,3314
f1f28f61e608b70f437860e82555e3e4a9abd4b9,2013-10-24 12:59:52,14467,3314
c7077cf798326d820a520f2692c5ae29e2f7b4dd,2013-10-22 13:21:49,14461,3314
f356d7228ac4dbd694324c7676134b37e167ec55,2013-10-22 13:05:39,14457,3314
34a2cc5dcee2e6eef17252115215b914b48f0120,2013-10-22 12:40:22,14196,3314
d761adf002ad324ad42c61d3da6c3961091cbcff,2013-10-19 13:35:51,14182,3314
27369453855f6944189f66971164295da0818c12,2013-10-18 13:15:22,14160,3314
dd08b86a0fbc330ba7c8631bc630bda3f7d9982b,2013-10-18 02:27:31,14170,3314
68318407a8585d16e1e5f10668eceadaee50b27d,2013-10-17 13:17:30,14168,3314
cfb78d2ee812417cce384fe6796bd3ae47ca4876,2013-10-13 21:14:29,14167,3314
49cfd05022b42041dd15d30e119c3a7fdcc5e88d,2013-10-13 20:03:41,14148,3314
f31892828182690637ba269bbb488774bca4c00e,2013-10-13 20:00:35,14148,3314
fbbffb6f23c6f10d274d4a8ca8e8c41df011ce52,2013-10-13 19:51:13,14150,3314
2de43199ef9fe42704eb4cf2aeb19e585ad7e68f,2013-10-13 19:38:24,14129,3314
29c5af84bec03273b710e65e0d9f3072b96f5ce6,2013-10-13 19:25:13,14119,3314
6aaf88aae763588df4983fb255db08eaa1a8e60e,2013-10-13 19:06:30,14118,3314
abf33e55b0311f55ea861e23f862bb886115ea58,2013-10-13 18:36:27,14107,3314
356a1cf3b74a83d3a773a28bc75dc13e764467fb,2013-10-13 17:08:50,14044,3314
9fa1382508d45efe2427f0fefabd85f3cc77c13c,2013-10-13 17:02:50,14043,3314
e14f5a95da776980b0364b1fb3f01741b06329e7,2013-10-13 15:47:04,13911,3314
88d84e45513d1623542f2e5e083bdb1dfcfbe135,2013-10-12 02:33:23,13906,3314
b455b0281dfe52dd9a01a0687d44895ff45a2d60,2013-10-12 02:14:50,13896,3314
942724238fee5f2fe7480df3a7fbf033dcda6ce9,2013-10-12 02:05:43,13896,3314
f8fed1358aee37b5eb86e79da40318eded8daba6,2013-10-12 01:55:28,13896,3314
bbad51e89105e6280f25de36f3c54c58bb81daf1,2013-10-12 01:54:25,13896,3314
421e52d6fbbdde8c56afe16824d2a74f0eb8de88,2013-10-12 01:48:02,13896,3314
e94f62a58fae974fe1c4fb6111007a8c7337749b,2013-10-11 12:40:40,13896,3314
1421934fde119e20cee8490a5fb57f8db825b9c0,2013-10-10 13:21:06,13872,3314
ac1dbd9d6158616756be54c5ad1bd91675004e39,2013-10-10 13:11:03,13833,3314
059311923bacc80e03393ac7d7aa2be7b8ac6fc4,2013-09-20 03:36:39,13817,3315
1cfb4fc242b8ea8688b4b8d05f5a57fcf089c354,2013-09-20 03:32:06,13817,3315
86216ac645d8bb696d090a90d5280dd8f963a44a,2013-09-15 21:45:27,13818,3315
36061b43bacb49ca83ebcbb8d419e36548439640,2013-09-15 18:58:41,13818,3315
8399e828dbe2f2ac689d32251b8dceed91b76d68,2013-09-15 18:55:23,13819,3315
347a907041563c038881bcfa83bb1ff77d558de6,2013-09-15 18:48:54,13804,3315
c28e023c32c8946c7a4e21a8397890224fd58cee,2013-09-15 15:52:40,13691,3315
ba20df4db9b510c115f0134933fc2eff77fb6c4f,2013-09-14 16:20:59,13690,3315
a3f10e0b0fd056937962f016e2ae68ee138409bc,2013-09-14 15:12:21,13688,3315
041a525a3cc4f3ddf291b7f0b0e72eb57b6b65f2,2013-09-12 01:55:49,13688,3315
c453bc4770bfa0a84881822b27c79d046e718ffb,2013-09-06 12:40:43,13681,3315
ef9168c7c481805f57feb78853dfdd3dd1409705,2013-09-06 12:24:03,13666,3315
a3e6c95e79525ec76e39c29390abb66ba737b751,2013-09-04 13:00:26,13643,3315
2578fddd3fb00686050b987305fb8380b1da916a,2013-09-04 12:56:50,13640,3315
7cd4af80a6c851a201fdf2bdd93ac0aadcab0155,2013-09-04 01:55:29,13639,3315
4251c5cd4d3bbbabe9cafd04b6c5026740b9a269,2013-09-04 00:49:51,13653,3315
a0f0371fb19d7188f67fb67ea348c788f4476e7c,2013-08-29 13:28:38,13653,3315
8a7618793ad1cd22d9e23221422cd7e44968956c,2013-08-28 13:43:36,13649,3315
bba5a5d69ca1030bf065cdd196030ae87b31487e,2013-08-27 13:25:02,13649,3315
d9c94749380e941305f8b465bb40cd5713034f94,2013-08-27 13:11:43,13582,3248
e9b0f5b4818064f3295cf8cf2f3a0b6575302714,2013-08-26 13:20:12,13560,3248
cf8b00405280c9e25b7807d20d657160654e0b53,2013-08-26 13:16:32,13566,3248
571fb67864c41e52352a5d3246be1b5f4cb2d3ae,2013-08-24 20:13:24,13567,3248
d62093c228f13ed10a21eb7055872b97c9f2ef78,2013-08-24 19:10:10,13578,3248
7e629936e576ea3205d391070d10bbc26ed8e120,2013-08-24 15:06:52,13578,3248
1c8fd60595134b8501fa1b4d07dcc11d6ec65d8c,2013-08-24 14:52:35,13578,3248
7f85c2138603d5c869c3c9a3713bfa0b1e7a08f8,2013-08-24 14:39:15,13574,3247
1c5da37ca633699e82e4f1b94506adb26b32250d,2013-08-24 14:03:34,13537,3247
4350c0024fed73032c9eb77e3f8af277d30047de,2013-08-23 21:51:20,13534,3247
b968dfef1534afb26c42d652234f32aafaeb65ff,2013-08-23 21:49:19,13534,3247
f2155285754358f51d4ac3659b39456058f2095a,2013-08-23 19:57:28,13523,3247
798fbc3dff202780723d44d021ee9064ec7443a9,2013-08-23 19:36:16,13487,3211
2440e19fab82f8b4bc17e48162bf00290e99117d,2013-08-23 18:57:11,13404,3128
a0501a30b23c953e1195f882cabfb7ec27c1bfcf,2013-08-23 13:10:11,13404,2751
5cf49561a88565ff94af288408ed7ffed64c8815,2013-08-23 01:38:37,13404,2751
502b26ecf02839bc24f9e47d08d5439aee24ad9c,2013-08-23 00:31:52,13390,2737
b3db69745d05c8180258d3fa6efed9f790cd4317,2013-08-23 00:27:41,13390,2737
45fd91f962b01e52fba54e5d907031544fe78e21,2013-08-23 00:09:40,13326,2673
c01e1b648bdbdd80d5bfbb959caf18fc9adca2c2,2013-08-22 23:51:00,13299,2646
d49ff9aa5ff99d73e26aa030ef7099164a4849e3,2013-08-22 23:46:35,13276,2623
f61ee9a693dc6fc167c65665a3e17de9566ffe9b,2013-08-22 23:35:28,13274,2621
a7b348e83b62fdfdf2a5d14ae98d84d46130dc04,2013-08-22 23:06:41,13269,2621
c7728ba659e11bdbea3105298a1c8f81668627e5,2013-08-22 23:03:11,13267,2621
8d7e93cfc69e816b823579966b429ea72263c82b,2013-08-22 23:02:16,10646,0
55d3aea268bae46a51d039ef784fbc786d23ed2a,2013-08-22 15:23:22,10646,0
90a8ca416836487c7d4828a07bcabfc15aa9cab9,2013-08-21 03:30:11,10650,0
cb26ff62112df74beb6ade2b4d3721d965f09c5d,2013-08-10 03:56:26,10071,0
7d19b4f7ce2ab3fd7880d0f60b1c147d44808f0c,2013-07-02 22:42:37,9863,0
ed0af87abd01cbcf5ae19fe422d35269b691674a,2013-07-01 14:26:27,9858,0
b292c6f3f4526ef93ef96cbf4092a86bfadbbc85,2013-06-30 01:48:56,9858,0
01e5a54bb653645441f46a7f533cefde6cce445f,2013-06-30 01:42:15,9828,0
f0e63c8e7549d21fb9e17e9af705ba7fc7eeb0f0,2013-06-30 01:36:11,9828,162
37c9246a6e7c1cc05e586724a2244f7c24c68995,2013-06-26 22:20:21,9816,153
235c78a5c8f3827fe3b110a31843a78fe46f1fab,2013-06-23 14:02:16,9815,153
c065705128e902b036be2aa5a7efb06f2b77e4d9,2013-06-22 23:23:44,9810,153
c9b179fd856415de42b8a60c650b988cbca39f69,2013-06-22 13:47:29,9808,153
bfbeac7a796b99031c8dd93782fc6293acfddee1,2013-06-22 02:02:06,9804,153
e51c0fc3ce3568eb325b87fe60ca7bdd07861150,2013-06-20 20:46:26,9799,153
7e8ee5340e6615e8dce9c5b0bf0af8dcf699e4fa,2013-06-19 01:55:23,9799,153
922b0037cd343f18424531b7d71765feaeaf84c0,2013-06-19 00:22:08,9772,153
4bc16ff5b6ca220471903045c91f12995db7d988,2013-06-18 12:53:15,9772,153
c3da10636398043449dd29dc7a3a6f954ebba342,2013-06-18 12:40:05,9759,153
eb5b39e6850d5c7067a0cb9a113b60617c10f9d8,2013-06-18 12:37:06,9759,153
b0b6c756295cefb66b93a5f2d807eab2e43eb8a4,2013-06-16 23:55:58,9752,153
b6e3568f52de818655a429da882cab1dbc0d5b1c,2013-06-16 23:36:23,9750,153
56595d65cfe4431bd700ce0bf9972fb428a45518,2013-06-16 15:49:51,9738,153
8b355eaba0aa1fc51c8284b02f3f9a6f7ab64410,2013-05-20 04:29:34,9269,0
de551634c676831a1c0c9b2acd23f86230683d58,2013-05-20 04:18:48,9258,0
b67889049af3f5e66f2a8bfc5c7f9dea85b10932,2013-05-19 21:01:52,8994,0
d1a97b379f5809233e9413dbb521ca1531fdd9dd,2013-05-19 20:42:36,8992,0
d94ae2cf70a0128df98a45c74d5d1517f3cee730,2013-05-12 13:47:24,8991,0
f5155ed2a100c1f2de0ce207a7b3d370574237bc,2013-05-12 13:45:20,8989,0
5642b8d5d355aebe87a47591a45e662fd92b88ab,2013-05-05 22:59:17,8989,0
6b6c87db976d70d8080327197e5f00ace64c75bf,2013-05-05 22:40:08,8972,0
88eb0af776bce5e07a21d030142c335d3c77cab1,2013-05-05 14:19:08,8969,0
4d89687fdefcf58ea07c39015b300f9a0f43a222,2013-05-04 20:07:49,8967,0
c746233f66cb9b2488e76e1ab2c4f294443fadbb,2013-05-04 18:57:41,8928,0
7c9b3421a22594b95b6d4f8ec753ceb08289721a,2013-05-04 14:51:27,8943,0
0344f2f785414ee302cda7cdb9477b5f73d8e6fb,2013-05-04 01:51:49,8913,0
f3f9e5b54600cf9916e82fa27d4d2feb0c5ba68d,2013-05-03 13:13:10,8906,0
39b53a7b3cabe01a5ac08f9a3ffdc15af830360b,2013-05-02 13:18:28,8918,0
b649c19af95d0494aa2127eb2069d2a7f108ab72,2013-05-01 19:44:53,8943,0
0441c26be1bc0df805db9313827309a08c98487a,2013-05-01 19:29:56,8952,0
247771e129f431fc751140d8da4c2fe60815a51f,2013-04-30 04:07:07,8940,0
36a8f1212730b4c1409a6347dc9cc2bef9943a52,2013-04-30 02:07:09,8942,0
0306e0fa0ddf4f99654ae92c8273a2663a410941,2013-04-30 01:54:39,8927,0
f210e7b1b5f0dceb610cf0355b689ed6a16624e1,2013-04-28 18:12:31,8899,0
78c4bf420e6b2b441d7072e8e612d15691278749,2013-04-27 22:43:14,8893,0
caeeacbe4a61bedb8bd91491878afe7e1bd6e6f0,2013-04-27 22:42:15,8893,0
06d0579610b6e041f68842ece1c481476df52f6d,2013-04-27 22:36:29,8883,0
ed4a8b51c594fbbad0759b21677484911f077d51,2013-04-27 22:32:56,8883,0
32736a791c3e56298e3359d58d9a5561eaa82a47,2013-04-27 22:27:34,8867,0
18795c161f2ea7d01fdadb9cca4d95c52e76d3db,2013-04-27 22:03:06,8831,0
1dfcab906e75bbae73fd730fbdc4a7c5b72c00cb,2013-04-27 21:38:52,8828,0
6cfc6ecc49d40bb506c5b7ab7eca2b97324c9586,2013-04-27 21:35:17,8826,0
0ebda98735f0698e115a1ef1de495e67d8f65fd6,2013-04-27 20:23:28,8760,0
fdecb74cc82d0f12df136c5269f4e8d466653d31,2013-04-27 20:18:39,8786,0
31e9c415fe440515b2bf7e294dc4769f14b045bb,2013-04-27 20:10:47,8783,0
ce669803676d181a3ca7d4bef6d5e18cdee0ab5d,2013-04-27 20:09:38,8781,0
a764c21cd11fb2f505ee76a9ca51b884ea774109,2013-04-27 19:50:33,8778,0
07d0ed8ba6d94b67f138ecd9d29e0dea62659a64,2013-04-27 19:22:37,8771,0
889692e26a839554233191204692198f54e50709,2013-04-27 17:22:08,8766,0
336077daeb66357250d14aeaff392d0a3b73a903,2013-04-27 17:16:50,8766,0
1453d15452918f1f148991ba283ea245129a8e59,2013-04-24 02:01:11,8645,0
9f732edf823ae273f319094dc3acb2a9f536de86,2013-04-22 01:10:16,8637,0
914a12e9cfa6837cb3d875a90a49633989d03594,2013-04-20 13:16:41,8631,0
6536d8467f2771cf6fa1f36f59cdaf66f6a3a472,2013-04-20 10:45:11,8602,0
a18b2a94cfd8120596c109e2319ff3694f29c39c,2013-04-16 13:07:55,8602,0
70b7ce360ca24393f44f14d102c9c119841f2d2a,2013-04-16 12:59:35,8590,0
3f8f146466d49da7395ebdfc7671e8683c29c51a,2013-04-15 13:07:09,8593,0
00b197792beba81e27fc571dc806462e0869c77e,2013-04-13 14:12:00,8585,0
25e0fbc050734dc21f9384aa0afd9a3c37c27816,2013-04-11 02:36:33,8556,0
a400dd0c705db7510aeebaa03539bd199edd6ac6,2013-04-06 16:18:25,8552,0
308987ee31a0774d4dbfb45df8e9b2b8ed397089,2013-04-06 15:42:19,8512,0
3040bc291700a23314e20fbed545b5f5d561a874,2013-04-02 16:31:58,8512,0
9f6eb282be77a520857684ebfd8f184798dfff0a,2013-04-01 14:00:45,8512,0
91a8c9b1e4e51cd134220e6c1799ad96dac77166,2013-03-31 03:41:31,8512,0
6f1049eb8b183c317de4bc465905af155bb8bbd5,2013-03-31 03:36:10,8510,0
809b46fb5c619697ae5cbbb493ac7252c3535adb,2013-03-31 03:29:04,8509,0
46023602d2a5ef8fa3935e919db0de0581f62846,2013-03-31 03:23:41,8500,0
6ece551f8aeedff2c62fdd447240a844b2948c05,2013-03-31 02:54:57,8482,0
53534043615c4b2bf0959f3a2f56a92deeda28c4,2013-03-31 02:49:46,8482,0
3a03c4cd2813e93eb787fa0c36b869b295447ca3,2013-03-23 15:42:21,8466,0
08bf6148b1777051f715bef236cedde4af32a3e5,2013-03-23 15:39:45,8463,0
4ff462078b9ce4acd27210764bac3950db046173,2013-03-17 22:21:03,8463,0
e74a10e364f2512cd9139b133576d0896463629c,2013-03-17 12:21:17,8465,0
92e605c69d1613b07823c8f2c6514a27fda90d6f,2013-03-17 12:16:29,8454,0
7605046e8398fab40d1b863890217b72f9a2ff13,2013-03-17 12:10:04,8454,0
864d37f821cc24aac195abdc0c8e73da5561de50,2013-03-17 11:51:31,8454,0
d2cf21028eac378bdefe145fefa6d49841ecea1c,2013-03-17 11:34:33,8453,0
75ffa604d8a6ac561c7f574e9d7f7c434f017642,2013-03-10 15:57:08,8430,0
13046a0337a3e5d8359cd2d8e01426683ea7bcc1,2013-03-09 00:48:30,8539,0
7dd2a10b345ff4f78bcbf25c756bb35c050ba680,2013-03-09 00:33:34,8534,0
b855142f6568e4ebdc8e1cecff9022fe9cfa6d26,2013-03-09 00:31:36,8534,0
4faaccdf8dafd35acfe6e611f10e5f2bec1cc77d,2013-03-09 00:29:15,8534,0
29348178bc2c88b2ed6ce394a6ffafadcbb8220c,2013-03-09 00:24:58,8537,0
46f98ff483a43b3494f3a017e2c5e34e23b2442e,2013-03-09 00:23:14,8537,0
999ac5225678697c1a032f8028980d3788e88d84,2013-03-09 00:22:17,8541,0
cc869cb6296c0fa6c13b3978d35cf5007765c7a3,2013-03-09 00:16:29,8535,0
825fe51de9bee6d4727a021f1109e37380eff012,2013-03-09 00:05:58,8516,0
16f9749db5f1e3294b574fd0acddf52280c4bb1d,2013-03-05 14:48:42,8284,0
d237c22fc07e59d32ccb5b6d90ecb6bdefa3bfb2,2013-03-05 14:47:08,8284,0
034016e330153592af5a6b7943d225b728859bc6,2013-03-04 22:54:59,8043,0
ee7d36a044cb44c9d366d07421de088a61043ca3,2013-03-04 22:30:28,7615,0
0926be9781ee2a9dddb87633c832023d188cac7d,2013-03-04 22:01:49,7613,0
3bae233289b50bb811c1c9b19ad882944769e9b5,2013-03-04 21:55:39,7613,0
d5bf12275c0c84f02e73e321f09389649b515d54,2013-03-04 21:37:26,7613,0
6a0ce3c5e9db14dfbc6e0b63c7901f423a96f4ea,2013-03-04 21:34:47,7735,0
2abf6678fa7df189b5d09e4fce15aaa104396306,2013-03-04 21:17:01,7736,0
a9bef856b049482ef4c83fc426cc7eee0f040984,2013-03-04 21:06:04,7732,0
7db0d9c17d85a1bd9be2a21fb8ede1223d1d5845,2013-03-04 20:59:44,7722,0
7081f901da553206f746c40c4a0c1b5773697cf2,2013-03-01 16:13:46,7720,0
eeed287265d7811130d42802472c75b0c7d0303c,2013-02-28 22:03:44,7720,0
2767254d33c889ae6eee17ec69400a22107eb6ed,2013-02-28 21:05:06,7718,0
d2b6ed4726adacb3ead8784e8ac60175145142f0,2013-02-27 22:17:32,7715,0
65cbe25a02b78624b28ea6b45ffabba6867a5bcd,2013-02-27 22:07:31,7716,0
d7b92c9c6581dd33567a03bc2f0a3c7f4d5c305d,2013-02-27 21:55:42,7714,0
c2ab30b87e7f9aa856e9d7313183f462ba0fec0b,2013-02-27 21:55:14,7707,0
4c57ad918bee9741205e1fa9c4dd40955e0df3af,2013-02-27 21:41:45,7696,0
c438ba6516f5979e8f07093c48c34bc801d440fd,2013-02-27 20:32:47,7684,0
7cc0c8787d9f07efff0bc49ac655d19c6eebd8b6,2013-02-27 20:05:56,7676,0
f9f17be01473bd80e8f1b6431c6070c4005e1164,2013-02-27 20:01:30,7676,0
2e8e73a847a0cb4317722bde2e2ff4b5a0d93c97,2013-02-27 18:41:29,7440,0
3f740c8553e4a961f552a8ec01e0a8b1d2599b6f,2013-02-27 18:20:24,7394,0
5978b7fb646b3c8e981b79a904d7958353eba2c5,2013-02-26 17:08:44,7393,0
3b822c33e42c562403f057a98f7bc193b5c0327d,2013-02-26 17:08:04,7439,0
40759435e48891f32e72b8da8c7df332976eef48,2013-02-24 05:52:54,7389,0
f795cb02690dd9f3a6ea64f880797840dc675c89,2013-02-24 05:44:20,7382,0
a9b4eb9a05b25cf39ce0c479d95a7b5f4d3a0c73,2013-02-21 19:21:47,7363,0
e1872c9115e371a21f2dc31f8c3bc1913ce518b7,2013-02-13 23:00:53,7358,0
7ee4e0ba66f032dba38261d0ed849bc88ce36baf,2013-02-11 17:09:14,7343,0
24c493fb83bcc51e5db59e5abca246493eac8700,2013-02-10 00:11:54,7339,0
2962325fd1e5c7a1fe723a7eea8534ed1626bc6c,2013-02-10 00:04:17,7335,0
380264afc8468544d82f3e50115cef249f08fff5,2013-02-07 00:15:30,7319,0
fd7d09f6972443279e7d06397b52ddd9d789f51e,2013-02-06 11:27:49,7319,0
cf8708f932fe7ba79186f37dd9a8ea94625b5bc4,2013-02-06 01:08:59,7317,0
8a2f1462679536cce2e9792cda305ccc2d742bcf,2013-02-05 23:02:03,7317,0
6b0fff3512e7ab9b1874cc33163c57869b909406,2013-02-03 21:17:46,7570,0
11fc906add845d8dd2b1d2ea1d902d8e12a65fb9,2013-02-03 20:55:22,7571,0
080fb3cd33e6448a1f0e75987b796dcd550b487d,2013-02-03 18:21:42,7559,0
c21e6bbfedd62128ea1c023498317894c6f9a01d,2013-02-03 16:28:01,7554,0
2629be651a616010460ac011f32189d8fd7a906f,2013-02-03 16:27:28,7554,0
9b830131f77621b208c461e5ad7a2fb9c92a188d,2013-02-03 07:00:17,7554,0
d182235f1fca671498ac354a9507c19f1c7dbe5a,2013-02-03 06:31:27,7558,0
f45d94850f5130126a30ebcbc3bb11ccec10ad39,2013-02-03 06:21:55,7553,0
98a99086ac8756154919bab52b54c15332e4d098,2013-02-03 06:02:51,7537,0
c50ae08fe0ff52aa32c9dc203637b9e46efeacbb,2013-02-03 01:05:09,7538,0
723bd1cc0b7288deae9d20cbf6a4d72583b39437,2013-02-02 22:05:05,7525,0
1b01a749b07d1075d56ee133cea020e512eab0e2,2013-01-31 05:09:28,7524,0
f7a0cf703070b110557b8349ec1bafc4b0d0607e,2013-01-31 05:06:06,7524,0
9660cdbd26524ea220bec5fa2edca6dec5935284,2013-01-31 04:59:37,7509,0
1ca8306e2adbc8f2a2e299db5ddebf3b421f3464,2013-01-29 23:59:36,7500,0
a20d3b68627f7b83d0ad3a28280c9ec53c97af40,2013-01-29 20:11:10,7493,0
312eafe2e0d31bea49cfb7e0f8eb4b54c45c2b71,2013-01-28 23:58:32,7488,0
d1c74523a4ab741d52ce0e647fe9c166383797ca,2013-01-28 04:27:14,7452,0
784fa9d2e3570054728d21f8098199dc9d4164b9,2013-01-26 18:32:07,7449,0
ab3f4e5ba3e846a5879049ac729fe18236c59805,2013-01-26 16:49:19,7427,0
f3b4881cdbb885ea4409542341d0033a572ad1d2,2013-01-23 21:03:01,7368,0
3f8d48d5701b1cfcd96043f948377307d6ea6e12,2013-01-23 20:55:33,7372,0
a041f9c64a34eaa750acd874bdf7027b7015bc29,2013-01-23 20:26:43,7357,0
a7625a71d38a9cfee214fe0d3bb1f9bd62cb071e,2013-01-23 16:04:10,7356,0
c1f14110a13e1e8e4b76381224ef8549be8671b0,2013-01-21 21:21:20,7341,0
4a0d9399628ed046b3b967c357fdab01f4792d9d,2013-01-21 19:55:45,7334,0
0d66c91e8e30e6905735bdb30b0a4143a3a8f0ec,2013-01-21 18:06:22,7334,0
63a53e9dd1ef8805acd065c7faa2440673b15f92,2013-01-21 18:05:09,7335,0
d489ec2f9ddddb9e502c3cccbfe277f84c22963b,2013-01-21 17:45:52,7328,0
e62b0f8795408e042a86f654ea4636ab95894476,2013-01-21 17:29:44,7302,0
09bf962d32dc9907aac0073fceb9b6887f629a97,2013-01-21 17:22:30,7293,0
61457ce5436a79704dcaf1b280a5a4d28c66c8a1,2013-01-18 20:31:41,7195,0
feaced800cdf47ebf93577ee1570974f096149d8,2013-01-14 14:29:02,7149,0
e46855096c4c467082737214d83e3552108c9b67,2013-01-12 17:18:00,7149,0
905ec83d535f7096c16f60ce085963c7fc21328c,2013-01-11 21:43:43,7148,0
05b5255d6046d7b87a691f8f7ea8a397f60a0eaa,2013-01-10 14:40:03,7133,0
5f2a875ec7702d5062aac44c5d9645ef300318c6,2013-01-09 00:09:36,7094,0
e618eda4e14b2495c651bdf67447c84869da8149,2013-01-09 00:05:20,7092,0
38425fc4ff9e90008b7995452e0f8366672dd987,2013-01-07 14:41:33,7072,0
d4d9c4bfabf6540bc17219abd0e94699e641569c,2013-01-06 05:11:32,7043,0
68f8c9361e452b1c9740d9f6c72327ac7acd60c4,2013-01-02 14:14:28,7038,0
519ee26809bfd6bd824155e999d2c9eaae6786bb,2012-11-27 14:23:40,7037,0
242006a499d09dd191153b78a8b15e00f66d3702,2012-11-27 13:45:02,7036,0
a6989e4cced42f31ceb4460db17b41bd250b6e3f,2012-11-27 13:36:38,7033,0
385bfd3717b6c47cdb2e0c4b2dca015633d73625,2012-11-25 14:45:16,7028,0
e34ed3c2ffb79cbbb9e4a7a0ce3ab5e1fbab6b4f,2012-11-25 01:57:16,7011,0
1732d67cf5920a6e12b7420ee81750145c7ba08f,2012-11-24 00:26:16,7009,0
0ac4c6e58541c917a59a8a4fc4171ff2d31780a6,2012-11-23 20:48:10,6995,0
8f7c51b4ece21ce777963ac1247746849ca7c546,2012-11-22 21:25:19,6983,0
9d0cb0fec7cef699e1a907958eebb80f3b569a77,2012-11-18 17:19:22,6948,0
363685967d4c75a22e67d71ab1c7698b0a5eb7a2,2012-11-18 17:10:16,6941,0
0402fbde0c53824a0f279bdc1f44bd967ce35cb2,2012-11-17 20:59:28,6927,0
c61dc00a985e55fc304b53e97a404adc72c902e6,2012-11-17 20:48:12,6919,0
332ce86c3a528f313070580fcef11c15ab5f309a,2012-11-16 14:29:32,6918,0
4009f2601e592945631515b9c7d0c1cab13b61d1,2012-11-16 14:25:26,6916,0
3b073eee65ad0f1b367a54229d0beb2124919d86,2012-11-16 14:08:32,6911,0
9d98cee7fd23f80ae0c170d9a5aafca235680476,2012-11-14 04:52:17,6910,0
d9371e21a0fe2b4df2898c07f59ebefdedeff241,2012-11-14 02:08:04,6910,0
ec0c74421302d1f10378372c23dc5c3e0cee091f,2012-11-13 14:37:27,6908,0
4fbec5e87d3797b93b8fae750c5ce6519cddfa3b,2012-11-12 00:39:05,6908,0
05499c8b8e0e7a88370a2b9766e0b0293211d5ca,2012-11-11 15:24:48,6881,0
ce1be451c5155ee588d690d3a4eb8c7e7355034b,2012-11-11 15:05:13,6871,0
d6d0f40c5ec3871b6ae25f3552b48d04db84c41a,2012-11-11 15:01:05,6871,0
8e79f8592ac2374e4a68e69b77bd142f66f118a9,2012-11-11 01:09:12,6845,0
be4c55cd6509d57cd49718c347209eaa9fd5e397,2012-11-11 00:49:44,6841,0
403cb5a8c46a5a19c2374eceefe5f370155957e6,2012-11-11 00:14:16,6656,0
2834a6bc897d6ded967773cfa3a6bdf3cbc496d3,2012-11-10 23:15:05,6656,0
87591d95d18b9fe215f06791bd639a6ae4839cfd,2012-11-10 22:15:11,6651,0
b42890d1a2db6759125a97dbab5d3b9454c4a5c8,2012-11-10 21:59:03,6570,0
fd527c5d07f621c0ba986bf4005a5df03e200268,2012-11-10 21:22:10,6566,0
ecac98311606880bb8253202397afb6ee69cd832,2012-11-10 21:01:56,6553,0
dce2d35a633ad8f7fd3390f03293acc7e10e7c47,2012-11-10 20:43:32,6558,0
891a66b5c41c564e6fd0c180274c1ea9a24774e9,2012-11-10 20:28:34,6558,0
b4815a3a831cab4775b18b9e78711d25a7531f51,2012-11-10 19:48:29,6526,0
eac5a3a2399aa57b976d41050bf9690535c2be85,2012-11-10 19:04:11,6508,0
fa3d0c899cafc5cea5a2095e4df47d262ed6f6fa,2012-11-10 18:59:51,6508,0
64ebbf80fb6954b4306756337440238bbf52de51,2012-11-10 17:16:48,6468,0
c79376dab2998cdaf906bb281ae4fc220e2a2e3a,2012-11-10 16:40:19,6468,0
df4e1fd346558adafc6decc96ec9366d720d6896,2012-11-10 15:39:59,6419,0
f6c5ceb49053bb67c63d88a38261484a974812f7,2012-11-10 15:31:23,6414,0
794ad868093849bf4dbcd6d45ccc5f3b8b6fb76c,2012-11-10 15:02:19,6403,0
691099c6a25861405f067d3b1f7c669c4642a535,2012-11-10 14:41:26,6391,0
f51067b00e8099bb576858e70db6e2fc44ce3d61,2012-10-29 12:27:20,6318,0
5c5b3d34d9031f08fb6b8a8e16345c36e2891c9d,2012-10-29 04:10:14,6316,0
e87d68923169cdff32c2ddf97981d2c7ac9efd2f,2012-10-29 03:55:19,6322,0
af2a8b053d27ed5c97256d29ab4f06a6bcece6b7,2012-10-28 23:32:24,6283,0
6a691a0999da9f2eaf660d86e8f11e60873fb9ce,2012-10-28 22:57:27,6262,0
605f7140e3406d4decd4182e13059e5666fdac8c,2012-10-28 22:49:01,6263,0
e693717f2aa2d65f8f0cf6412a01084280fc2c9a,2012-10-28 22:09:54,6262,0
9da9726403ca25cfd7d6792987ce04b9299ebd2a,2012-10-28 21:30:55,6248,0
6aafa0107dd75893db662b9f9e9178594c5e5c32,2012-10-28 01:20:13,6248,0
4777afe0c562c40b388c304d00bcd07b42836901,2012-10-25 01:42:10,6198,0
747c4c4b3d7862d5c6889438b96bd7ad408b24bc,2012-10-25 01:30:52,6195,0
aefe981040ea8c5c7875d9da1ac860def44a19e8,2012-10-23 03:16:14,6189,0
7f4e5fc6bf0fa4c7ef121d707d385ee89128a441,2012-10-23 02:34:31,6155,0
b373425b694a3fd4d49716fe53e091b984ea1eab,2012-10-22 21:49:22,6016,0
143fc85c657a4953d3f3b878b845cc60efbed748,2012-10-21 01:43:42,6006,0
8576264574e0fc9f83b35a05840c0e0932951631,2012-10-21 01:15:02,6006,0
8bdeb360ce55fa13efcf2529ba42e38bb7d790d1,2012-10-21 01:05:14,6006,0
d84aeeb9ae6eefea28c65a523140bc29f21902ee,2012-10-20 17:46:19,5764,0
da40cf2172792ee56c787dc3e1ca5b65005156e3,2012-10-20 17:33:07,5763,0
3241cb78d8f3d9fba19e8438df50bd29d0d0bc02,2012-10-20 16:51:12,5685,0
ecb4347ec1d9db8cceec1cb28385fc2326087b17,2012-10-20 14:57:51,5654,0
3413d99b2ba7f7609b955b044bb35f28a8fa2e8f,2012-10-18 03:15:09,5473,0
551c783b7241760594a31e286822ee5643ecc0e6,2012-10-18 03:01:41,5474,0
3a2036e2b20fa13bc92f4fdecc0b17342c4f8204,2012-10-17 04:20:42,5474,0
f70dcd3c9f26c09169d8f58443898661d9fea179,2012-10-16 21:48:34,5457,0
17f3cf4332cb300d08fba2b77416dd281cbebb18,2012-10-16 13:27:55,5453,0
4271677ea1cfcf3ba732e99eb57e073a8d4860f4,2012-10-15 01:03:07,5397,0
470cabaea81626b9983923cbe59bc6bbc673a169,2012-10-15 01:02:32,5436,0
86a907e8cca1270cb0985ebd2eeb57832bf974e0,2012-10-14 23:58:24,5341,0
6e0d0e279d04c2e7524b0131d5b463aa596cf57c,2012-10-13 16:13:26,5337,0
421b78aafb2e2c00af4d771c988347964675ef42,2012-10-13 16:04:33,5337,0
6619bc62bdde24bf79769c5ed63ac931e127d7f6,2012-10-13 14:28:34,5322,0
bb47678b27b3e1600009e664da9b19bce92f4839,2012-10-13 14:08:06,5270,0
c34be2e9765637ddeddbdf293de7ca98941ca6c5,2012-10-13 04:17:45,5274,0
4dad42496eaca9f2c2b46157e42574e80447b525,2012-10-10 13:35:13,5274,0
87c554b7da65a4adf03fcca06debf9a487e46922,2012-10-10 13:32:57,5274,0
16b71d7a218909a0c5cd70a7e303c601a6f015fa,2012-10-09 13:22:16,5273,0
91e9457cefa4b1710f826994ac9f15278cbcd6dc,2012-10-09 04:06:34,5286,0
25efef8c4f1275db62925ed18bab7282a5b767b2,2012-10-08 13:15:36,5028,0
f22e5f85e8284aaca724c372e8f9efdfd9b11943,2012-10-08 04:08:50,5022,0
84b69b6b9a7275cdc83ba310dad777e69b8e8fec,2012-10-07 18:43:50,4906,0
1c726eed78e176b9e62096580f384a0342515d17,2012-10-07 18:31:20,4906,0
43c8990f2b195e39c09f801e20beb0efa330a198,2012-10-04 13:32:20,4908,0
7d5c8b550d0c61ff5dc9a9a37adb353f8bec62d1,2012-10-04 12:56:43,4743,0
b0cc9fee4516e1aff267622b66e35201c5713a7f,2012-10-04 12:14:51,4729,0
303be5be77bbefa42e8045775903c7c23ba45001,2012-09-30 22:14:27,4710,0
e014daa4f54fbca0ec972e7b4f2a59a23f11e625,2012-09-30 21:51:04,4696,0
eda54dcf7aa5d0ee829722dbfbebe0e60a1a2f82,2012-09-28 13:28:26,4438,0
1ed79b9df6e210868a017cb64db22ba7ad583c37,2012-09-28 13:28:06,4439,0
66988b8f0ae28767545631bffd957378f52171b9,2012-09-28 13:11:17,5718,0
112227b79cded6e194ac8a9532c08a02d41ede4c,2012-09-28 04:23:34,5717,0
e79bc38b439ff206a8159e10c64597b71d58f36b,2012-09-28 04:14:57,5705,0
78b9bb43e1d44c623ba127fa299643d92723a40c,2012-09-28 01:44:13,5708,0
73706ad02ed2278626f7b9bc2a52afe6e62fabd6,2012-09-27 15:39:11,5705,0
a1e73b78ef6ec05599794e7cfd0b91bd7a10eb88,2012-09-21 13:27:31,5701,0
edb20515291544f847eab2691d554b5d19662c28,2012-09-21 13:18:55,5694,0
310ba170c1db7576fb4f77288aa1003b7d72d1bb,2012-09-21 13:14:40,5694,0
7075bc2b6ee664645b0f4291088dc6eb9e78fe2b,2012-09-21 13:08:24,5732,0
c904cef8649310a4c37d53420be3fdc186fedc4f,2012-09-21 12:58:21,5721,0
6779f4aecbef3f915649dc34cd153d363a462c98,2012-09-21 12:50:28,5667,0
390cdf117258eb9ba6d86f763246ee23a27a3cd6,2012-09-17 01:50:11,5667,0
024105fbbc7359b986f1a8be0e78bb9b8fb0cdd6,2012-09-17 01:47:07,5667,0
edfcfb1d3f836375831a8db93f8c31d3cd617bfe,2012-09-10 02:17:45,5667,0
be657e0943a3225b9ada0b2175e0c731a30e0f69,2012-09-10 02:04:50,5661,0
aa97d80d5379f45cdd60c71371f628a4f1413d8d,2012-08-30 05:32:18,5651,0
0c06469d82fbc0ca2f4a2bf2d07e9e5a04cfc37f,2012-08-30 05:13:25,5657,0
dc9b93a533d66834687e3360379c85e2482a1a77,2012-08-30 05:09:24,5652,0
90f343e5bddb663f061a2c2f40eac352b52601b8,2012-08-30 04:59:51,5666,0
e3f3e9defba45889fb9bb4157a1aa3c9951501b3,2012-08-24 20:48:54,5470,0
141d69469c5773b0f6850c40688fb91240751ea9,2012-08-21 02:13:00,5470,0
5bd5ac67a4ddab7e5b2b1cb36b41be02a8a741e9,2012-08-17 04:40:12,5420,0
efc020c999a50864c9ee55948e8222b6c2c6a0f5,2012-08-16 02:46:57,5419,0
0b548bfd5d72968ab88436d65595b7be88c2b9cb,2012-08-16 00:40:16,5419,0
9688a52437c5817cc942e563173c0cc643cb6483,2012-08-16 00:36:28,5419,0
022d8ca27d0eca6b559045888781d2159a5e602f,2012-08-15 02:06:53,5418,0
95898dc9e37046d9cd484159ed2700e89aa3abae,2012-08-12 00:52:56,5223,0
49e8e0d205dad7ad60d3eb060787a67b197ba1d1,2012-08-12 00:25:55,5203,0
1279cb4286daa1b135c2b90092edbdfd4435e0c0,2012-08-09 04:49:57,5176,0
ac33c51ecac4bc4e708655cdbeae17c3548f901d,2012-08-08 06:12:47,5176,0
25ad8adc68600ba9e77cbd7255a104c004126e21,2012-08-08 05:14:12,5179,0
1efca069cb99cd446ddec9b9d144fa6ddb6de1f1,2012-08-08 02:01:56,5053,0
8e6018d8961ad7c467f0b833c0714993fce6a7f0,2012-08-08 01:55:08,5053,0
669c86e16bc2a25828949b0926079ece48b0bd6a,2012-08-08 01:44:40,5053,0
03371937900da2e5a2f89a0c7b4bd0fbe34062de,2012-08-07 05:38:06,5172,0
82b4658faf6b8e8092aa6a3a2282b9ca01e715df,2012-08-07 05:27:22,4934,0
aca177cdf80fc3d6572576027055bb0bd503e823,2012-08-06 18:15:41,4867,0
2ad720b581e7f64d22fcc3838228fb7cfae9ad9c,2012-08-06 15:20:59,4866,0
51a15b840a099f16e21a3ab5d3907bccf9b01fb0,2012-08-04 22:19:50,4866,0
c448789016fa6b0a59dfa6c2d7c5a21cd9e5d27c,2012-08-04 22:16:41,4866,0
de86c4eb7c723de9be035369ef286d7546ea318d,2012-08-04 20:38:59,4863,0
e0e558ac900d1c7c7f28b95c66d3a0055559a8b1,2012-08-04 20:16:27,4848,0
eb002bd2a2c4d964b249a89023433ae489e47783,2012-08-04 19:53:52,4833,0
f350c6a5cdc6f7ae01bb490896329cf6533156b6,2012-08-04 19:45:13,4831,0
7101c2408dd2ba1656883e186cecc9cace92112e,2012-08-04 18:13:41,4679,0
f837343f9f1ea7c7de6e032139af6c01278464df,2012-08-04 18:09:06,4679,0
2d7d5be2162eb1870f170c52c82bd6fa4c23bfa0,2012-08-04 18:04:36,4680,0
4821c7b814d95218e946f592fee2b657ef662f34,2012-08-04 17:54:17,4680,0
b6b572d1852f8ae950e5b2759e00583e9125cecc,2012-08-04 03:15:34,4670,0
2c3a494eaa4140a2964465848c8483deafc4e86e,2012-08-04 02:41:31,4670,0
75546e89620d6b77040653037385466dbcb3f445,2012-08-04 02:02:16,4666,0
9a657e26768a3724e6edf9e5fbdd72a4e54da8f4,2012-08-04 01:50:06,4661,0
6bc92af17c3e08ae6deef43a625b5e9007199627,2012-08-04 01:21:49,4640,0
ee31772aebb3e6eb6f43bad6db11800f0adc2c9c,2012-08-02 03:03:31,4637,0
911326f7acd8a6ffe4858f7a28b373be34815eac,2012-08-01 03:50:41,4636,0
0a440cee6c9a8e53aa0f95f8904bce5ff60dd6c5,2012-08-01 03:47:09,4634,0
ff567372c09c5c6b2f527050bb9814179201bb5e,2012-07-31 15:44:37,4628,0
12c9977cda3ceed969c3b24a15dfe33eb2a3e7e4,2012-07-31 05:49:02,4628,0
696346dccbde093af58cf6994fc89f19ab78e8f1,2012-07-31 05:35:25,4613,0
19852772fe3aaa22d3447cb57b5e1b84d69814ba,2012-07-31 05:13:33,4591,0
dc05ce1575ccf5026e553488133807b36acf50c8,2012-07-30 04:41:02,3217,0
e9b874112e59c9220a8fe88805ba7fa0f874f65f,2012-07-27 03:22:15,3217,0
e570265a67461cfc110208cbe8562ad937794da8,2012-07-27 02:54:36,3209,0
1916d2f64adcf3a02ddeee06206b5e586167d0fa,2012-07-21 03:44:42,3174,0
233d626c5f19cca9524b48ef8e33607c9a2d09b5,2012-07-21 02:57:23,3173,0
e50370c251ee4013649cd217977a6c6b8ec7c4f0,2012-07-21 02:52:08,3171,0
c513500269c770c0a18fd944c17e6941d9c936d0,2012-07-21 02:41:08,3168,0
0ef90e0dcf289e81414faecc8122825532d1689d,2012-07-21 02:20:33,3169,0
7f9662edab1c7d25c3a74506e365684e0befb7c3,2012-07-21 02:09:56,3159,0
7b53ff0b9d526c3270fa52cf13d0f9f6ff0496d3,2012-07-19 01:27:07,3158,0
04a2337041467bb195979c36409a46bd3c1fe8d0,2012-07-19 01:21:27,3151,0
d5c2d0c03ed0c06bff91a622b3738e1bad996dd5,2012-07-15 23:30:18,3150,0
cd3fc43e77e7fc41ca13655eccaf97d3b36a1c4c,2012-07-15 23:21:47,3146,0
7366f607ceac8b08fbd67923d3fc9ef16a52db84,2012-07-13 03:08:21,3117,0
5bc5435b61d729e1eb0209da4a01a76b42ee3a6b,2012-07-13 02:54:26,3074,0
e6e33f17f8a30ff606356ad618835d8104ae6f7a,2012-07-13 01:26:37,3073,0
74d342daf72c8ddd59dfd7b4aa11eda549a4d759,2012-07-10 01:48:43,3072,0
54f1fcf381dcf23e54f2b942268aa799969fa9ea,2012-07-10 01:30:54,3079,0
21983c7b7fa434f083589ad80411a44fca4119e2,2012-07-10 01:26:11,3079,0
aaa03dc2c79bf4101c5eb7c4903fe157c6ec6278,2012-07-10 01:20:59,3073,0
afd10f68865b74e84fe1848df1f2a0cb88e91428,2012-07-10 01:15:01,3072,0
d9512172e289567fc778547246419996a84a2855,2012-07-10 01:03:22,3064,0
f57de200ec32861835c9582090d52c70e73dace9,2012-07-10 01:00:51,3063,0
e7c5de23d7dc318babaee0fda69f4246a186f01a,2012-07-10 00:51:04,3063,0
534da10886a11d1ce627b0fc6bd9bbdf28e04835,2012-07-04 19:10:10,3058,0
0c1a4add3a760a4bd9e68a4d8c02e36dac7cafdc,2012-07-04 19:09:58,3058,0
a6969770bd669fef99d6a0a2f99643d622c036ca,2012-07-04 18:42:27,3034,0
28ee78e7e4754b9c198ee71d14558e65ff6b71f6,2012-07-04 18:35:32,3035,0
6433cebdc78ee3619f10f9242440191b2bd5fdfc,2012-07-04 18:30:18,3070,0
0e8640094301889e5c848dcf92084678778f0a19,2012-07-04 18:18:09,3071,0
421afe6368686b40a13c3b837b41ae1ad552ff7f,2012-07-01 22:37:29,3025,0
2b9f8e6c0de07feef8ef5fdb62b5827a5de4ef3b,2012-07-01 22:34:07,3026,0
76a60eea3109b616610e8cbf4d1707324dc8b443,2012-07-01 22:32:09,3026,0
acbefa1190f263942f83b8be33bd909ef45e2f7c,2012-07-01 20:56:06,3026,0
9608ac9d2dbe7ef4161d64c88865290ccaca6c30,2012-07-01 20:43:43,3026,0
e2ba1c114211621682ee9d9f4c21c6c44b8c3acb,2012-07-01 20:39:08,3026,0
eaf525c9a79507fdb97f8f4e67169fa83ec3def1,2012-07-01 20:38:49,3025,0
2118a6295d05acf2a7bc7cec3b874df772d0189a,2012-07-01 13:50:37,3087,0
1f17bdd5c483cbaf9f833fff48aa186c4dd97d14,2012-06-18 19:16:15,2863,0
a91d40191984679276a0549f5d8adc20005bc8d2,2012-06-13 14:17:34,2850,0
5d979fdf4a8738ed83e9c4f2827c42ceae247cd8,2012-06-07 02:52:49,2837,0
6a03f65e97853226afff31324b26a33d5960a97d,2012-06-07 02:46:21,2835,0
2b6c61060b209d7eb58eb0a2fa111caef746f59e,2012-06-07 02:22:13,2817,0
5a782e54f84d21b21776e43c67a14d1dc35fe628,2012-06-07 00:19:21,2820,0
2b38f523f24dd80392224c4cc4fc21b7885464df,2012-06-03 21:30:37,2828,0
ba7aeb36ef17f566e8cdc9e35ae78e33f117b5cd,2012-06-03 02:37:32,2828,0
182c4abacb4aa80bd037bccf39490a4b28c287e7,2012-06-02 22:39:35,2827,0
eb0a8cfa95e9f5cfce01f7fd9cd1bf49744a29b8,2012-06-02 22:37:18,2825,0
6db42971eaa9f926fd68649e5daa2c883db9da28,2012-06-02 22:33:08,2822,0
6bcdd8e240b58aa29ffa52c7897b8273b1c268d8,2012-06-02 22:24:23,2822,0
f5574e173bfb6b682361b73f009b51eee4d3a8c3,2012-06-02 22:18:34,2822,0
43da46f06b602b179df18e86f442eb8dde9e0590,2012-06-02 21:58:09,2817,0
aaf9da450f51ad3196681cd48e7921c73532ea4d,2012-06-01 01:31:28,2690,0
31bbfe939878c8fae215b42153aa1a5339e02af4,2012-06-01 00:53:28,2663,0
26108b0694db482fcfc57a74422247c7a898320a,2012-06-01 00:27:08,2651,0
eaca6465fa7c0cef35cf6fd05ce1d0cd9e4f473c,2012-05-29 22:41:50,2647,0
e7b8033a10e77b3737246fffaa625c4ac4968ca5,2012-05-29 22:36:25,2643,0
445cd12265b612aabad0ec11a71c7d2dfde06f38,2012-05-25 19:11:03,2643,0
eccffbe85930e8305c6c0d3afd712d32096aae7d,2012-05-15 04:40:03,2642,0
affe100075c51c660b2c1312c10956fd710ffa46,2012-05-10 05:52:02,2637,0
4031a21ea8b4b22e12a36f29351f7cc45c9d982b,2012-05-08 02:43:33,2624,0
1013ff7ba5d191fe36e9bd4cca07e6fef2d065e6,2012-05-07 02:05:58,2623,0
ec1c111359ef4a43df58fe8231ea1882c710725a,2012-05-05 15:59:57,2594,0
d5e1f7e493fac61fcda5641397dacc0e079a74da,2012-05-05 15:51:14,2591,0
19b67aab1314818b71ea39323c74308c6073f52d,2012-05-04 04:01:20,2430,0
ebb834f4b0b42363e3a59836fc1f2aa15a691c77,2012-05-03 16:42:53,2387,0
5a6837358bd91896114359b598a42b7172af1ec8,2012-05-01 12:52:56,2387,0
0acae19d1913a2616087ad4eb225264a35fb3903,2012-04-28 16:42:18,2372,0
cde5362db3c9f9c11377bce38c527b4e7d09344f,2012-04-28 16:16:56,2370,0
eee6e5f9649321a26bd8ebe295b7a2dadd333c1d,2012-04-28 15:50:22,2347,0
83e4a1f0ac341acd83711b94b652ef401190c02c,2012-04-27 14:39:23,2335,0
75380e04a975ff88ead03c02c2f2a9cac35dd726,2012-04-27 14:16:27,2335,0
1675002c7ab71351abfa8c67b1f58759b85f058e,2012-04-27 14:09:35,2335,0
7379fb3652189e0789ab6b9466616a6f0e461642,2012-04-26 05:29:16,2335,0
27f48f644039baddabf4de9a0f168779a81e0305,2012-04-26 03:24:29,2335,0
a78a683dda1704a9e89783903a4b248cc772ea1d,2012-04-25 23:20:49,2317,0
e94fc0bdeb724cc00b6108ed5a7942a0ede11056,2012-04-23 00:40:42,2316,0
61883060667b179d0d8c4a596f26682ad1d5992d,2012-04-14 13:44:42,2315,0
d138f0fe2b059d040c24c9419799709fcfa0f59d,2012-04-04 05:24:26,2314,0
727cbf4b258742d0fc0f841bdd47c72422d308ce,2012-04-04 05:07:34,2274,0
f59e64a5711fcc90afe6c396f3ccd4e7a59afa9f,2012-04-04 04:59:35,2274,0
d3e2a95d770b2ed1abe16c6aeeeae5c90dffa73c,2012-04-02 20:57:14,2254,0
0d9a6419bb415524d36fb7870cb6949c8d35a8b7,2012-03-31 03:59:19,2253,0
8dc7ae85a1794f35d56caa943e1e384a45c478dd,2012-03-31 03:51:37,2253,0
2c78eea0ca9496d5eb0e72d92b49aef8b220ef1d,2012-03-30 11:51:54,2236,0
831236890c0d8c4d469cf4eb01b0e7be13de63d5,2012-03-30 04:13:45,2232,0
0cd3b8d4309b20c189cc4c7c8a5e56d7e47d594b,2012-03-28 05:16:16,2177,0
732ed921ebc693d29988c73ba1f28a986dd8f143,2012-03-27 15:45:04,2157,0
be76bf3d232d57a86e3fced0e73defb8aef37fbf,2012-03-24 16:48:16,2141,0
87529c4adcb047398da8416a2015d6a439f90f29,2012-03-24 16:36:34,2132,0
b72bee32197ffa62ecd9f46512a977b67cab7473,2012-03-24 16:27:25,2128,0
7f3bf1409eb3d51f3b741393d41f27e0feafc564,2012-03-05 21:47:02,2121,0
67add623160b8527222436468d2de8cc510b25d3,2012-03-02 07:05:06,2120,0
f27db1dc84cdbf8063cbaa6b6a034f45b7d08d92,2012-03-01 00:24:57,2117,0
ba8fc0bc35c6715f2918d6f18cf15d5bad7f8644,2012-02-18 04:37:14,2117,0
a53b315e2447393f614e3463c36ccd102a1d0c89,2012-02-18 04:36:54,2117,0
38b229a22f3f87038037f160e204953358eb0617,2012-01-15 03:22:27,2116,0
896e0b7010fd12573167e0b9dc45c7177b8db490,2012-01-15 02:41:55,2081,0
284610dab08aae1dc8020f3eeb9269f83f066568,2012-01-15 02:20:52,2122,0
a30cdaaffc8862556dd0145e5f6fcdc1fbc0851c,2012-01-15 01:56:11,2091,0
9736509bae56ff9576afabb5620d9bc702dabf40,2012-01-15 01:36:07,2103,0
510ac8e114be264e66833cc414202ba91e8bf3d3,2012-01-15 01:31:41,2098,0
c3bc0f70efac3911020f2b8a4010ebd7c413920a,2012-01-15 01:19:12,2097,0
401c554c8001a6c444c1e70d5e5cd728d7740b38,2012-01-04 06:25:15,2096,0
36950c81497bc9ae9dc48c1ce091886e235abca3,2012-01-03 08:24:09,2079,0
614b8cde660fb78e45b55490d0f6d8aefb9a35d9,2012-01-03 08:11:05,2078,0
4805234a41d0019096dcd9e70e3d6cfdafbb6b9b,2012-01-03 07:57:53,2041,0
02f783b68d4f3592313b0825c48a47526761b2c3,2012-01-03 07:48:09,2041,0
cbd59efef8f7133c29917b073ceb3f1e77280f40,2011-12-31 06:35:42,2039,0
9856f57db5a2a66d78f58f07069ebf8c1f5b9d56,2011-12-31 06:33:19,2039,0
3fa01ab1072cc85eb1043c0707843fae9fed0c75,2011-12-27 05:57:37,2023,0
2c088681ec7b38369c906866907daa80583b2bdf,2011-12-27 05:31:02,2012,0
daecc258d71521d25228d37b0d77fc6ae75564c5,2011-12-27 05:29:00,2012,0
5b2b3fa3df6089745ec013dc3de71111c25ca3d1,2011-12-27 03:32:00,2015,0
bccb6e68c722fd141979df05eb9f8528094431fb,2011-12-27 01:13:46,2014,0
2313dfef6de10128feccb28d067a2be818e690ff,2011-12-26 08:04:11,2015,0
c7c7735e7ac34b26295b30d3aef51947f939692c,2011-12-26 08:00:38,2010,0
1ac6386eef529bf717a726ea06cd0848b9a68bde,2011-12-24 05:52:35,1695,0
b162a54c2d4a96ef6661953c6e4ccfdf940de3e2,2011-12-24 05:33:28,1691,0
91ff92e2118692eb076171a536208bc94635ae5e,2011-12-24 05:22:13,1672,0
c6a75117f6ed87298890199b9c4759c7922876d3,2011-12-23 10:47:38,1671,0
adc9ad19cebd73b863558c80dd03c223b427c669,2011-12-23 08:36:37,1543,0
f6dc5312980150c68510a955e4ce8e5d2691b412,2011-12-23 06:41:19,1530,0
01000e14783e71d3f17a12a68807dbfccb64cec8,2011-12-23 06:01:10,1523,0
0c231fec38cf9f4049c8916af9222d4dca9d1044,2011-12-23 05:30:10,1523,0
9065114ef040023785d0a08c7e419f3b6b9570b8,2011-12-23 05:25:15,1495,0
91c3056a62879e39d0536fd9b846795881de38e0,2011-12-23 04:36:42,1496,0
abbd0271242cc373003023707c2696f805e46fc7,2011-12-22 08:11:57,1490,0
4a4ffd518eff701542e6879edc9144c749705383,2011-12-22 08:03:52,1485,0
bdff009c74dec78c012b0d8c3961bb70639404c2,2011-12-22 08:00:29,1484,0
2026c9645c526ce3d5e8ffd34a92e8d1c16326a8,2011-12-22 07:03:30,1426,0
833e2986179b07dfe32d71ed180e929b10cb4def,2011-12-22 04:22:49,1426,0
11ee006f9d5f30b84761736e819e0b30e5579437,2011-12-22 04:21:52,1406,0
59c9b3c5968a167acb2814aeff32eb208df23e66,2011-12-17 20:55:25,1406,0
e6f444a30702b5c09325a2d46cccb727aab0e4e7,2011-12-05 09:00:52,1392,0
d2faad4730071f26be66baa920057bf68b47d4c8,2011-12-05 04:53:35,1393,0
f9527d31b496b47ff8db0f6c9d79de150ce755bb,2011-12-05 03:24:08,1394,0
233160ff2325037a750cfc8153f5c82ac0811219,2011-12-05 02:55:48,1385,0
b36e8d5c4e18fd393013949daca9ef91e1860334,2011-12-05 02:51:09,1404,0
9edb5f6da0e3ebf769c7fb84dec3d0ab0cc22b19,2011-12-05 02:21:15,1404,0
a6453a0fb00a5cc248ca88ed8377905e48ab5ece,2011-12-05 02:07:33,1379,0
40f85e43a70e3b4974fa5d7f4248364789bf3a9b,2011-06-23 07:13:47,729,0
82fbaaf332e93c3def8ad8e1cfb4ceff9cd0c939,2011-06-23 07:05:53,724,0
faecabd568946dba80c9b9e3ede05cf66adf634a,2011-06-23 07:04:48,720,0
599fed785d1b8a015ca28e2b7f1859f392dcbade,2011-06-09 19:21:54,713,0
d42839a1a3f91350227f4e022dd56d7f2d00e00e,2011-06-07 20:38:22,707,0
7b34510c830c9789e09aebd7a7d1ff4b2c33b10a,2011-06-07 19:23:08,703,0
b0ed09d744e9ab6acf8cd14fba5e59b152bab09f,2011-06-07 19:14:34,734,0
fdd6b36f01b34cdf8c978ce2144784baf995fc57,2011-06-07 19:10:59,732,0
