2f3f54fb389d60dd9fe49773d7fd09454a4d6dbd,2013-12-09 16:03:37,2408,649
f0cc5aa8344cb66684de64eb02443425451443c1,2013-12-09 16:00:02,2398,649
340281152f85d679c2944d92d7ecc96d7b513c69,2013-12-09 03:28:51,2398,649
5f247ca38ec0637472fc923c10e64fbc03873b28,2013-12-09 03:27:45,2398,649
7cc56a51a8237b5741e5c53e6db3cba800650ed9,2013-02-22 18:55:26,2401,649
0d5200ed696f4dc442efd00ab5d09b004294b762,2013-01-28 15:53:30,2401,649
abf798e2bbb37059ac2e0eb0483f9aac83f996dc,2013-01-28 15:51:55,2400,649
2102eb4bb30372adbc79beb4962dbb7a069bb36c,2013-01-28 15:51:14,2397,649
cef1583a64b64bc2ef0cd0ad4ecd548ce46f56b3,2012-12-24 22:50:49,2395,649
5f843feb90ddf10674f58cebfb52f9ee4b9b060f,2012-12-24 22:50:25,2286,540
01a06b2b62e8c248700ebc96943bd8a1b82082dd,2012-12-24 22:50:13,2282,540
46d069b3ccf3060c6d4921131fc26f7f482c56b9,2012-12-24 18:07:23,2281,540
708af3f80364c729271ff6834f5733a913d5cd69,2012-12-24 18:07:13,2260,519
0881dfbdce65011147c029474f748d713767a399,2012-12-24 18:07:04,2260,519
c54011b6a13b102da120bf511438a3ca076f2b5b,2012-12-24 02:25:17,2260,519
f605b365b4ad75894ccc9fd3ab6b0d961bdca69a,2012-12-24 02:24:35,2255,519
1ec766799f57e4bf0d14a071beb0931411b5b679,2012-12-24 02:24:19,2080,344
67f7d5749ba63eaf8f0d14fdfc8a30c5d77da76b,2012-12-24 02:23:05,2075,339
95d8e7531c6c3aab0c0e1258db29a8d2c1fd0a3b,2012-12-24 02:21:50,1953,339
2e71357221fccbd27d0d2e16e514f45b641a328f,2012-12-24 02:21:37,1950,339
ef96e3b07f93c3c98e2d4577400181ab7374f288,2012-12-24 02:21:18,1940,339
6046c385b99f2072685e3d49438de19026b8f357,2012-12-24 02:21:07,1931,339
e8d11924aa63536648b9abd692e3dfa87a12618d,2012-12-24 02:20:58,1921,339
eb0213882ffd805a3b60280b2bdd99c513970f62,2012-12-24 02:20:46,1906,339
de8e746959d2e92b8a465761aa87c9eab0e4e062,2012-12-24 02:20:26,1898,339
dc173330e54087c36b45897c40774d90c404f194,2012-12-24 02:20:13,1894,339
d65635d212b7c3dbce50ce0d23a8ee21a4e515fc,2012-12-24 02:20:03,1893,339
dd0fd539e68b5851a2ea31c751a8b2074a7805f7,2012-12-24 02:19:05,1892,339
5d4f90de47391964a5464b01ca43f8ee5d10638a,2012-12-24 02:18:48,1889,339
59c8c34ceb47a7b02e0195edb7e06bc1f408c7af,2012-12-24 02:18:38,1886,339
bcfec6df76db820ab8296c84e4e55e4cdfaf99e8,2012-12-24 02:18:26,1885,339
dbba592dfa0838ad72aa024460767ccf4b764cd7,2012-12-24 02:18:14,1885,339
d411dec5a45ee6a0736504bd2df9d19df7ab35f2,2012-12-24 02:18:01,1884,339
ab5a226f3e4b2288572451e7b2036d38bcbe5e2e,2012-12-24 02:17:48,1884,339
fb857bd8b43bbbd82102b737e8590c601eea3156,2012-12-18 21:09:41,1884,339
2e5fdb65bd8a50b0b7d67f7fba06149a929b99da,2012-12-18 21:07:30,1866,339
b4f12ea2f951a84e9fab8ec326d020cc87a79224,2012-12-18 21:02:28,1846,339
902373196e853cb4780d4d29a6d771d63a5424ac,2012-12-18 20:28:14,1842,339
ae516a3f0679a655c91b4939d928d9d8467fb939,2012-12-18 20:27:22,1841,339
ecf937c77559a2873754b8ebdfeeb4dfc070d8ae,2012-12-18 20:27:09,1808,306
d1def448582b7e9bf0bd23f0642f590686a85688,2012-12-18 20:23:53,1805,303
381bc4260ad00d38e6128b6115630aab57f5e798,2012-12-18 20:20:20,1771,269
8a5cb03fcb5dbdfb3cde4e77ba7621f4760a75a2,2012-12-18 20:20:01,1771,269
22c91d8e49503461e0d6875e3af34a98a3e44cb9,2012-12-18 20:19:36,1769,269
bd37a9a34b076e0aa737655c8bb6267c243faec9,2012-12-18 20:00:44,1769,269
2fa98fb61ae31925580da4696bc89ad42a3efd2c,2012-12-18 18:50:14,1769,269
6b3cdd7c9c52d99ae4ae093a1c8d019f59cb4851,2012-12-18 18:25:56,1769,269
3038ce552696f7bc404bd43f95ea7a84b81b536a,2012-12-18 18:24:24,1754,254
a0020bcb2c6489e0769d2bf31424aa7fefb3b7f1,2012-12-18 18:22:16,1739,239
c929f8c7fb575f1da0785a01aecfdd38d6bc1072,2012-12-18 18:18:26,1739,239
1d8a7477734cbedc7e43a8b4628095ddb0c18626,2012-12-18 18:15:42,1722,222
56ed3fbe75db1f1dc9cd8195df2695026efd2f24,2012-12-18 18:15:12,1705,205
169046e026121a95ef935c3441e3b5fc28609fad,2012-12-18 17:58:09,1705,205
56221bc093b88a9e89e2cd9d537b37803a73c1c7,2012-12-18 17:57:37,1677,177
5da04cd1a90d31697e36d7c29057b8ed67a630fb,2012-12-18 17:57:23,1677,177
342845d5c24c12e67f2da50fbecff3f4ff8eb8ce,2012-12-18 17:56:58,1677,177
97b63b08600900b26a3e68b1764f2f2bf4801098,2012-12-18 17:56:44,1676,177
12d1dca7cabdd066628b3e33370412f19be5c166,2012-12-18 17:56:24,1675,177
3a259d420cc32ab7e664e2e32d0d86eb86420d0e,2012-12-18 17:55:58,1674,177
19837a0f8697bb375455ec41650d0fe37fbe69fc,2012-12-18 17:55:42,1662,177
3feb98a346ecb6e0b441cd849b259391b6df6ee7,2012-12-17 18:26:04,1646,177
a8ea0f4fb06423330723eccd200087edb4f9bea3,2012-12-17 17:36:24,1647,177
1609eaa4e547ee23e117c78e7b0aa6ca0bc7b9d5,2012-12-17 17:25:55,1641,177
e724e7bdf6947c8380f83a38931f0e30017d4eab,2012-12-17 17:25:40,1639,177
06e7df4eb221729fb2c9d06f29e7001d98b6e0d0,2012-12-17 15:45:26,1619,157
28a19bfb43a551003add842bd9e28c4844cacca1,2012-12-17 15:45:13,1587,125
deefa7bbb907f5ddc3a0a64e508dd3aa114f1325,2012-12-17 12:58:34,1587,125
bfd019c2f304f3766efdf81dfde8172fab9ff965,2012-12-17 12:36:11,1587,125
755cead37c852ba4f0c25e2d3464191a6525bd59,2012-12-17 12:01:45,1576,125
01e73669f9c32e41ed2ec9b226fd680062524d4b,2012-12-17 12:00:17,1569,125
5022b0624241c1fa696b6a649dff5269e752487f,2012-12-17 11:52:00,1557,113
3afe5e3032ba08ae07abdac34441f019f104b1eb,2012-12-17 11:43:03,1554,113
4315732220cdb76185bed4bbe90ad3f35147da4f,2012-12-17 11:39:12,1530,89
fcd969b1be627146a2b0832e53f7bb1cf397fb06,2012-12-17 11:39:02,1530,89
c67d2d5494deeae633a27b15ff3671289e313ec3,2012-12-17 11:29:43,1529,89
4f0fce34f5868867b4e627f1fa5333ceb8e96259,2012-12-17 11:29:25,1528,89
31adf5e45ed64d50ff6375dd2c01a71b007e0fb2,2012-12-17 04:10:03,1528,89
3063241eba96f901772c44346d9ddf062d0535af,2012-12-17 04:09:50,1528,89
3b65a9f011db0af23f00389ea5f3807e5b5de28a,2012-12-17 03:46:54,1535,96
f1e2af3d914c75bcde536e14aa5e0573dee102cf,2012-12-17 03:18:39,1529,96
70ce641d8513d0e7c9b065a52e14115c5875a800,2012-12-17 02:50:46,1521,88
c87a530b08df8b76694ae4a8d8b0db062fcfed82,2012-12-17 02:50:39,1521,88
fc65ed630a50348984ee88cba93dbdf455e28cae,2012-12-17 00:36:04,1522,88
98c4bb695534ec9c7d4cc6da81859b9fcb2611d8,2012-12-16 22:13:02,1518,88
6d0b1a5117c0bae05dd74e0bd00d3cead25a029a,2012-12-16 22:12:03,1517,87
cb806c0d4e8362f15be9710128ceec14b6820f1f,2012-12-16 21:58:17,1497,67
eb029808f56f88ea2b0df93e95fde767cdfed191,2012-12-16 21:58:00,1430,0
2615aa45e7c77acc66cc392ae84e70ee59a2e1f6,2012-12-16 21:53:46,1416,0
f6370c16357310a3136545952dad1f939fe77fa6,2012-12-16 21:50:42,1409,0
4ecbf2a46e803e13e2e7ad8731b6d36c7fbe32e5,2012-12-16 21:37:57,1426,0
c3d50244960f014743dd0092ac21540d87e570f1,2012-12-16 21:37:46,1426,0
9c2224cca07a40cc3c052d63d60a7f4c111347a2,2012-12-14 13:07:07,1422,0
c695065c7ae4b380eaaa6779bf6a96adec70cb3f,2012-12-14 13:06:52,1415,0
44da490467ed021979154735e86b67cfc06bcf2d,2012-12-14 12:27:55,1300,0
8901efd085e91223ade3fbdc121b4fe258cbac86,2012-12-14 12:18:44,1300,0
1e68a83bd30b2a85091974627ca3f4038df2a5ce,2012-12-14 12:18:34,1300,0
4ea334899ffdc9176392e819f79c5e20cd502ca6,2012-12-13 19:39:10,1300,0
5f397464a9d1428afbeaf866f8db03d81afdd2ac,2012-12-13 19:38:58,1277,0
373c66f1ee78645f59c8d1a0335024e140746688,2012-12-13 19:38:23,1277,0
bec38c2ce161a2b0b40b5b4c900abf73dc0f6953,2012-12-13 15:20:56,1181,0
b6a48996898a5cc4112373e91e56d4d1afc46cdf,2012-12-13 15:14:54,1193,0
7537e2543f8db9c33ee2d8f2319b08f406d22550,2012-11-02 00:52:51,18042,8958
e00913aae027f7ee4132866e2177af1104099e65,2012-11-02 00:51:59,18044,8958
dbabf20faac7f5c458b72448da51ce7cd39dae97,2012-11-02 00:14:06,18045,8958
ab2a0b6a8bb1a374e0819e2c672e1701c4dab138,2012-08-13 23:14:28,18047,8958
c797d2a9fb1b51b8d776f1cd2bced980c1708dcd,2012-08-13 23:14:15,18050,8961
d558c97089bf50f0fc1711f730a6b7cc8b275fc7,2012-08-13 23:14:03,18049,8961
b483dfcce93f4db3c3dd2781d0a98165de4bbcc8,2012-08-13 23:13:51,18009,8961
f59e8aceaafdb78b25fca9668bc40ad1b8ffa3b2,2012-08-13 23:13:38,18533,9485
de9e8dffe163c17286ab6b201cc3e7196cb0c431,2012-08-10 20:34:50,18519,9485
875f14d16ba7f66542c3a273f3b07834c1c689c3,2012-08-07 20:18:41,18491,9485
48ad0d3d1d17caceea88841e5933465e6bec9dd0,2012-08-01 22:14:02,18465,9485
281a46796028000d5be4bb392b7cd3062d4dc3f3,2012-08-01 22:08:06,18457,9485
1fa74a46a34dac96822aa473647fef040694474c,2012-08-01 18:58:28,18454,9485
1679fd564c970b6a8738d98928fce2bc2d378ef0,2012-07-25 00:36:30,18421,9485
bb900d445a77f24045f6c6ad00882d9d29eb09ad,2012-07-24 18:16:20,18416,9485
c6fed55f53907925fc1d644478ef7a6ff7de1fca,2012-07-24 17:39:23,18405,9485
e1fe76aebeab94add4744d1b4dbce058706a97f2,2012-07-09 23:58:02,18388,9481
dbe6d5f740bcd8e2c93f2607ca699c0ac0a55cd8,2012-04-17 22:51:37,18366,9481
e98fc7bc865640e777c26dbb1040f33ff103aa78,2012-04-17 22:48:32,18361,9481
a4e53a642bbb539b44e823abb82d4086f05afc2d,2012-04-05 17:37:18,18359,9481
6f36d8c2ff33d34adc34a2f879f413d9303b4418,2012-04-05 17:32:10,18350,9481
09fb16b4430aa28d93f613e59a53da96882f4cdf,2012-04-05 17:31:50,18316,9447
330407cc9d726988d79ec4d57b0ef16e587485af,2012-04-05 17:31:32,18315,9447
2075307f23f630f973e4c7fe9bf5b29216da0db7,2012-04-05 17:31:13,18315,9447
d7b06edaca36ed669b3e10ded0ebafd4f1596c88,2012-04-05 17:31:01,18303,9447
46fdcf00b368ba8de9a45a1ca779ebe21f73bf64,2012-04-01 04:50:50,18303,9447
147b9bb9418f9d4f13f7d4b2cabe1cb92211b110,2012-04-01 04:49:51,18301,9447
087c686ad0e25c6e243dfb1f158ba6c52c0ef338,2012-04-01 04:48:13,18252,9406
a232159ce83828b059c3325013e5b2a6087c40a6,2012-03-28 12:28:05,18247,9406
e7d7582f84b9293aa110ab4f7119cfadd5f36b2c,2012-03-13 14:00:50,18242,9406
df5f23d3091df3bbf296ae952609dfbbc7be28c3,2012-03-13 13:49:06,18237,9406
c59aa6ff2c7fdf60a8578b6309054963c1e0c09a,2012-03-09 11:42:24,18237,9406
5312e154b304588230deaefb0bf2a5730f07cc39,2012-03-02 11:41:17,18231,9406
480b86f3823ef22f26991cb59b8e94be5681fcec,2012-03-02 11:40:41,18226,9406
c0e2c3012ffa925b82041b0d80f256d9d9edb201,2012-03-02 11:20:38,18226,9406
c8306e207d349da9514ac99455c26541d796c98f,2012-02-29 14:01:11,18219,9406
204576c0067166bb914ea0d2710cbee04f30fb2a,2012-02-27 00:51:22,18220,9406
66ac425bf70a03721236a7f064f238030c558441,2012-02-27 00:46:39,18220,9406
a01e7e2256da13af1b9f6a3ee64ab45af0b2b42c,2012-02-26 21:21:25,18189,9406
47cfa5aadfd1d6627d281b59209eaf53028b0a87,2012-02-26 20:14:06,18189,9406
ddd7f804af94b0eef3dfa984c582156ce95d53a2,2012-02-26 20:11:52,18189,9406
6074795b191248fa36db37b89df3c95e1520adcb,2012-01-11 15:41:09,18186,9406
a139809a97ab902db6a0446638e68675840a8f32,2012-01-11 15:40:44,18186,9406
94d513c85a960f2a041e9027cee09cc87b89edf6,2011-11-26 23:14:26,18179,9406
70abe7aada1a82e620de0a905a83bc8d7dd26e5c,2011-11-26 23:14:13,18180,9406
3ed6b79781ab6fe96274560017d8f05c87531987,2011-11-05 20:50:53,18047,9306
abd0326b0606c356fae39b247f95d722249b51ae,2011-10-27 11:10:18,18147,9415
cf76b13145b74425410593face89acc6b6ecbda8,2011-10-27 04:45:19,18106,9415
6d5ffa0d33adbb2e6a6ec1ba3f441a8b69dc8c64,2011-10-12 04:38:31,17988,9415
f8c7ff2782e7922b47b4ce6bed6e8e0046195938,2011-10-11 23:00:15,17989,9415
dfebed38ab342b3e92c67a040381c756ae527a7d,2011-10-07 18:25:39,17640,9233
51782fc5d7dcec6347735a0f70a4abb33b1bd9ff,2011-10-07 18:07:33,17619,9233
21c01558fde6722ad36e9ae0acb5a0766033140c,2011-10-05 04:21:20,16358,8720
6d57445167f3982bbb511bb24077545bf1a020bb,2011-10-05 04:18:02,16358,8720
dfa350bea7aa6120b36b6be879baa00f938e0a3a,2011-09-26 20:27:52,16358,8720
cb7304837c19a8f255f385ad20ccee0461738b1f,2011-09-07 15:31:46,15732,8442
9e6f58fe27165c93a0c433069c0b63342fef6eb3,2011-09-06 14:48:14,15728,8442
e3fb39da3dfa511b36d3f08a3246ebcfc662859f,2011-09-03 21:33:00,15728,8442
cc275813b5f5ac70f9922d02fbd240a636ac4c55,2011-09-03 21:06:05,15728,8442
9d57245d656c28fe83fc0023e840096692b03a09,2011-09-03 19:42:45,15727,8442
9a05b3597eb7589cd6351bd45aae989f810d6eaa,2011-09-03 19:34:36,15714,8442
41f38b60e86f3e3d19cac3861577c84544abe067,2011-09-03 19:23:44,15714,8442
a9bbc38919182b09e211178ec126ebd7ec71ad73,2011-09-03 19:14:07,15706,8434
e282ab0e631d71bf66574a24e93eded598947d12,2011-09-03 19:13:50,15706,8434
546d5203d46647e97e6aaacbbbc68cdeb8db3d53,2011-09-03 17:49:08,15706,8434
69941e602bc476bf9dbd0371050eb37baf0c879d,2011-09-03 17:48:31,15668,8396
7ac9c2e8883c565822abcba1a65291985ca8d886,2011-09-03 17:48:23,15661,8396
fa1f50d1731545eeaab3277c92865c8a531b10f1,2011-09-03 17:29:51,15660,8396
e1891fd61512899607f2e0affa4f4904819eef9c,2011-09-03 17:18:52,15661,8396
2c5fa40c0dfce86b96297e00747b3edc6eb997dd,2011-08-29 17:36:23,15660,8396
0b61eda84c4d2d1e502a264b8ee3c93cb2ac1d29,2011-08-29 16:42:16,15655,8396
13647075f2ab1ca23f4370858c73dcb2b4e5c563,2011-08-29 07:43:12,15647,8396
f377cd631e1e2f8cbc1d407cfa75fe478416a883,2011-08-29 06:33:30,15646,8396
e41aab84f8a5f26db61219ceb77c14d6ca9e6f3a,2011-08-29 06:00:03,15644,8396
0a6c78cbb82aca37f3e7e575c3fe1c11234cb921,2011-08-29 05:56:40,15643,8396
004130cb11ae88c3b3a1eda7c649d9215226fc9c,2011-08-29 05:30:29,16375,8667
a300223122d54ae47ad0c1f0c3d32d7c398fdd42,2011-08-28 22:42:19,16303,8595
0769c403688a32fbbd7b95f201669a88c7cc0243,2011-08-28 22:41:55,16294,8595
355203afdb47ba14528baa646f2f30aa30ea7c9b,2011-08-28 22:41:13,16294,8595
46b2f8637278c10ab412c27bc99fc78486482184,2011-08-28 09:19:22,16284,8595
e5c86178f5a1a839580138f70c83fef0136192f4,2011-08-28 08:44:07,16049,8360
0e08d67e48d4932d17ed261235294db7fc25d871,2011-08-27 21:43:16,15587,8360
8efb1bc6e244bea6f36e78c9bad70e7df9d8e7b3,2011-08-27 17:21:01,15582,8360
8bdf221935c7d5c795df8b908f1cf8f041ff7452,2011-08-27 16:42:17,15562,8345
899fb7faa10a9ada005aaeaed4aef81d9c58fcde,2011-08-27 16:27:52,15561,8345
34622b74ef917d810d156509a407ea1d308971bf,2011-08-27 15:54:13,15561,8345
d327976064490f68df3112c4fccb663fde682b81,2011-08-27 15:45:39,15545,8333
07b9c4696daeb10141383767b9c220756e10b88c,2011-08-27 15:41:49,15337,8125
7a5913b8a66f65af4ff59a274ce7304d73d2ee63,2011-08-16 05:46:57,14824,8125
fbb268fbce5323e645b151408a84d40084eccdfa,2011-08-12 17:19:18,14734,8040
a31c267e83864ecaa71845890a233ca9bbb59629,2011-08-12 13:56:26,14728,8040
b82fd79f571abde9c7d9e0d7c93c93ce52039e2d,2011-08-12 13:55:37,14728,8040
65f1399a44e63e2a704f147adb2833360e4d8028,2011-08-08 15:06:30,14727,8040
1b0a4849dfd11a4303ab596eee7e32fa6f95fb0c,2011-07-31 03:21:13,14667,8040
4fc43f322f6110c226ec00b67846c253220446ff,2011-07-31 03:20:31,14657,8030
5c0f78ab02d618aedab1a75fcfda765871bb6207,2011-07-31 03:19:38,14654,8030
a79b2fa7616b0557a89055d5284c717325214499,2011-07-31 00:53:35,14613,7994
195eba74dee8b4549c8fd1452eb010f0f8313512,2011-07-31 00:53:22,14559,7940
3edebe5d61da53082843b7d1bef8c11054008a08,2011-07-31 00:53:14,14558,7940
b56389fbc8f86f7422b81d32242c2959cf6502ec,2011-07-30 21:46:54,14555,7940
c826fadb9f3332179dc07b3fe1a233689de61cd4,2011-07-13 21:30:24,14359,7754
097094cd7aff4c1060b53eafa9a0096f830305a9,2011-07-12 08:11:03,14359,7754
c3fa1bf5af65484ddd4c0a25f58db6ddee3fb865,2011-07-12 08:05:49,14359,7754
074e74c6c51a25f1f5d071de0707a2975c8af700,2011-07-12 07:35:07,14233,7650
ca3f3379cbadb4df1842c3a1d6694f6588b16eec,2011-07-12 07:29:30,14144,7572
faad10baee6b0b5bc65b9f5aa72e7f2ce68bb33c,2011-07-12 07:29:11,14144,7572
d3eac92eaa6fa23c48e9127765dce61451a0176e,2011-07-12 07:28:55,14144,7572
fb5b9bc0b15548aa45bdc3a3be9d050d7c08c465,2011-07-12 06:42:05,14144,7572
34505071f4a38ba6e61d00e3982dfbc7b82c1721,2011-07-12 06:41:43,14142,7570
0a2d0b9d0b111e8ffa5f4be58ffd95f8feda7073,2011-07-12 06:41:15,14140,7570
4495f5987aa6136ea4c4a7afafd4e82ce457c29c,2011-07-12 02:51:42,14145,7570
aad29d5d9232b0c1ac174939abeccd01628e97b4,2011-07-12 02:51:24,14161,7570
ad8452035d88658177066b812e4e1c7c085164cc,2011-07-12 02:51:08,14173,7570
29a8fff576ba9fe750e0d8c5f39d9c865d227379,2011-06-30 21:59:52,14172,7570
e66a68f0fac49f159259be503fe616fa3279f222,2011-06-30 21:59:35,14176,7570
4058eacbd4055255aeac890862d46e5edab6749a,2011-06-30 21:58:55,14176,7570
8cbd1544b94aca8766610547fa6a0c4db6d9b0cf,2011-06-30 21:58:29,14174,7570
f302744fec2072fffee876c2dc93fee63a47ebcd,2011-06-30 21:58:06,14170,7570
a3ba4e2c10efa0b02d742c85ffab0b36ebe2d635,2011-06-30 21:19:41,14172,7570
a483f9cafdeb872506c4e7acd03f92fc8bb770fc,2011-06-30 18:32:22,14171,7570
b43c82f3db9bfca6706bc621b76f11183a516303,2011-06-30 17:03:43,14166,7570
84f0099c1d3690b38a4d4622166cfb5364a3082c,2011-06-30 15:57:44,14164,7570
c6a883c8a93701031ff694cae13d38f52c190351,2011-06-30 15:56:42,14159,7570
af2d9f285b55589b5cccb99964660ba6b5458d49,2011-06-30 15:48:00,14157,7570
40c1f8da2bf1a567979eaf934b7172c3202afb95,2011-06-30 15:47:02,14156,7570
9b40977616846cd9e35726b990190e1f370139ab,2011-06-30 13:38:03,14152,7570
d3d2a70944764dfb2e8de24dcc02b2f2ca5f840f,2011-06-29 14:38:28,14067,7511
1bcf87eb14f08dc4250da9a5be82012b75e6aa70,2011-06-29 14:38:18,14039,7483
f9c210c11c40319a82ac2331a5a8319a53b6941f,2011-06-29 14:37:58,14011,7455
06421dd008726885ce38d4d6395156235612d0d6,2011-06-29 14:37:26,14005,7455
af7c7141f0734954fca44af9271aae3474c604a2,2011-06-29 14:36:14,13996,7455
def5498f6104a700d8f574fa4341266d877c6b11,2011-06-29 14:35:44,13996,7455
494b2d448712132c2fe3f9bb8c379521a486db04,2011-06-29 14:35:13,13993,7455
ba3b85419047290138a09f612b614d005e91ebc6,2011-06-29 14:33:54,13977,7455
abc3723b5430e64213146b192e23ad8dc2f0ef55,2011-06-29 14:33:24,13986,7455
ba1028007176f1dc26ccf2f6534e1132528b49ff,2011-06-29 14:32:47,13986,7455
6a83d6879cdfff6f69dae4b3f3abec2f97615ce0,2011-06-29 10:54:26,13787,7319
56f5911b60f8c80a07b6ba64cd0e59f0bc5bf36e,2011-06-29 10:54:13,13575,7107
2fd38866d2576ec4501761c1ef9b1d153edcd6cd,2011-06-29 10:53:51,13413,6945
4398271ff59a774a030f401c222b2a92e315119f,2011-06-29 10:51:54,13361,6945
6ce89b80efba38c0ab53d1d87ce1278679915ce5,2011-06-29 10:51:21,13334,6945
1449b186811169700246533ec9c9746045ab4bc3,2011-06-29 10:50:23,13312,6945
f921164bf8ef5070dc3b4ef5828032e60b8e78aa,2011-06-29 10:50:04,13311,6945
ea1f5822ae4eb868bc1ee70cf86580d4c714f9e9,2011-06-29 10:49:47,13312,6945
2fd406f7b21a4aecc459be80a790da23a753eed0,2011-06-29 10:49:22,13322,6945
df21bea4dfdeb39665e1ada79c0fffd4857ded5e,2011-06-28 19:32:40,13320,6945
a00ce7eee67f9f032dd393fb68ce61ab462432ce,2011-06-28 18:49:48,13313,6945
4e4199c15e9318ad2749c2d63ed6a577a630af3a,2011-06-28 16:33:09,13298,6945
fb7965747645d6a56b0d66174db3a73adc57c5a3,2011-06-28 16:33:01,13236,6883
f2212f6962718828fcc422aa1af954443d8c0557,2011-06-28 12:27:07,13217,6883
c9d21c5ff54f30c59ac8b401936a118adf337651,2011-06-28 11:29:42,13217,6883
6b6f17b098c698cabd605a982b644c1698defe3c,2011-06-28 11:29:00,13216,6882
9740b428669db4b3fd3faafc091b6b3c25f19da1,2011-06-28 10:37:25,13215,6882
2a1b2bd37edcf67d7becd78a4c9a7bec52741534,2011-06-28 10:37:15,13181,6848
b58c2e4afe73cc2d456953d3ac90511202923b73,2011-06-28 10:36:35,13171,6848
a2f8fb4970371d709aba7ad9aa03a73d8e385316,2011-06-27 19:21:32,13154,6848
a4ef10d6a2d6c63f3009420674302163e00a8749,2011-06-27 19:14:47,13134,6848
91e43064f32d64e792881e68b8b11e28ddd62635,2011-06-27 18:55:33,13133,6848
76e6b9ea6fb652a49f1ad4b44f1f75fe76c185bd,2011-06-27 18:53:15,12964,6848
a517efcaca414ee3fa861b3b89d35a214ee66ec6,2011-06-27 18:52:35,12966,6850
8f6860b15590512249f0e7258117bf00f7c6d63c,2011-06-27 18:52:17,12967,6851
72283a9078793889b5623514b3854904581bdd2a,2011-06-27 18:51:59,12963,6847
c9d87ebb98d74b1eb0e00d41b5c7599455ef944c,2011-06-27 18:51:44,12965,6849
4a591f191f3e59ca3dc8c1e3f9d63e68c539c828,2011-06-27 18:51:26,12965,6849
779816ded7c2c2e1493a9486d8fccf3a846570f5,2011-06-27 18:50:46,12965,6849
2b90edb3a299d2acb542e713ab87991443718189,2011-06-27 18:50:24,12965,6849
a99016df79f89940b79909ade9758f18c9d41531,2011-06-27 18:50:08,12965,6849
78c7a55ce4a0266e4ddd59994c83d8b4fd3ef0c9,2011-06-27 18:49:37,12965,6849
3fbce853151b85b8ccd8a85f6e54bb8075223fcc,2011-06-27 18:49:13,12965,6849
9aa53207306eaa6fb093b5b3c3c5ab653a1fbd6c,2011-06-27 18:48:20,12965,6849
2fb28c88435d1604d6c1e02ca9c4fabbed89e803,2011-06-27 18:47:55,12965,6849
767ca4f10057a3f48363f1ce7ae434da3b9ce64f,2011-06-27 18:47:43,13003,6849
733569ae684caa7a762b7206955c5d6dd18e9382,2011-06-27 18:47:14,13003,6849
f736302b975b8476a83f9a890645129bfd7151f2,2011-06-27 18:46:43,12998,6849
7bfcf54f9025ba1798490c75fe6433d98970894b,2011-06-27 18:45:58,13009,6849
fa5ef9ff2db94293553ea5a3404544af2049b3e7,2011-06-27 18:45:37,13008,6849
df457440fdf9325d473c3da4222804b2314bdf7a,2011-06-27 18:45:18,13008,6849
375cbf49deb1cab25693012173b8ae573e5cb2c6,2011-06-27 18:45:09,12983,6849
2c66814b8297688fb259288f0b21ad6ca186da2b,2011-06-27 18:44:50,12982,6849
2a4e4e1300c6b5b206aef2a0c409502032d0e9b5,2011-06-27 18:44:38,12982,6849
6f12de98fcfa341fd3c8e50ed70055035b42de9d,2011-06-27 18:44:28,12968,6849
73ea4dd13f842d8fcfc7f4db24201338d8aa61e4,2011-06-27 18:43:46,12957,6849
772afe897d799d087abebc5b19abbf1b87a59fba,2011-06-27 18:43:24,12960,6849
0b75d09090d3368d0be6ee4fb956b1bea0eb66c4,2011-06-27 18:42:49,12982,6849
95e787dcc5065674a1372087460dfdd67b3aa001,2011-06-27 18:40:32,13054,6849
5342dd6d7633a3e03fa9a62e637e4e751d14a1f3,2011-06-27 18:37:30,13222,6849
195e22739382867f2c3a688809f6c9129f1e33d1,2011-06-27 18:36:20,13195,6849
c28a85e5205a889187428699b8ecc10fd33a4844,2011-06-27 18:36:08,13184,6849
bf8b1e6879a7606bc2c60de5dfe02fb4d8ea28a4,2011-06-27 18:35:09,13178,6849
240cf3fde6c7d448072a5b4674939f2453809bf7,2011-06-27 18:34:46,13160,6849
d40cde8503f49902f009eb218b9e48761dc9ebe9,2011-06-27 18:34:31,13164,6849
db9d81971d6a4fc9a13a8bdf02427768d10f5726,2011-06-27 18:34:20,13155,6849
54d2c0111d271689a73241a7a6dfdbc96d7ec888,2011-06-27 18:32:44,13146,6849
cfd5315b1e36fd6ea31790bea0acc11c185a81e2,2011-06-27 18:32:19,13146,6849
cbc12ecdcfd9f9ac3820fb3e46b45dde876ada94,2011-06-27 18:31:44,13153,6849
9aa650e430f99f03eac81f55eff75ec0a80cccf1,2011-06-27 18:30:47,13150,6849
f06fefab14f7b2498b4d5ee34c0b42d73b7a0015,2011-06-27 18:30:02,13147,6849
5b6efb784f987b87680e665b27f2e11bc735add7,2011-06-27 18:28:24,13135,6849
c2102413798a87496b148bff172edd062e6d8391,2011-06-27 18:27:58,13147,6849
8594d684efe5796e4346d47f47ac619330a3d791,2011-06-27 18:27:44,13147,6849
970621d5ee85a36a0c9afdd3814302a362631b6b,2011-06-27 18:21:50,13145,6849
c9d9c2e8b301449e1c05d9f9fb8ea0b1c30b67b1,2011-06-27 18:21:01,13139,6849
8f44f026ee88f5556ae16f3cfc6bb5e1803167a3,2011-06-27 18:20:35,12882,6849
c369073a724b8f60bf04b789ecd464376f7f665b,2011-06-27 18:18:37,12879,6849
b700f0546dbc07a2aff9e0deb634a8f9ce83524f,2011-06-27 18:16:54,12868,6849
070140806148a96bf4ddf83f12f964ab28b55c0c,2011-06-27 18:14:53,12866,6849
bafb347e4a0f7bf72c55e4568d9151d7a4e84085,2011-06-23 02:56:14,12865,6849
802da70bf7f319fec69bc0c86295f60c8f836237,2011-06-23 01:18:51,12865,6849
ffd3e8bc96eb5de91d3087b33feab6eb935799a0,2011-06-22 21:40:26,12837,6828
331e6e85b90bf1ce1e04b0ea9dbd9cda994c3669,2011-06-22 07:15:01,12788,6828
f2df40aa022c8bdcf3880ac434767b02e148102a,2011-06-22 07:12:26,12780,6828
36ecd49ad2548ae4c52a5594357cb00f94973268,2011-06-22 07:09:19,12780,6828
aef50276402353a2c34e9713533aad76e0226666,2011-06-22 07:08:28,12759,6807
4933cf1a9e4eb194199b6b58404529dfc0ba5820,2011-06-22 07:08:11,12759,6807
c425724bd2b69c774beb60c61b62dcd78c27298b,2011-06-22 00:05:11,12758,6807
0b9bc61ff113a6a5c708621e99f8608d376971eb,2011-06-22 00:02:22,12752,6807
3bab44506b88394c55159e270812dc9bdb9eeafb,2011-06-22 00:02:11,12693,6748
aeac79faa9ba127f090064efb00b59b4a9c8be69,2011-06-21 23:34:20,12693,6748
903f7ec9ff3c1315b9ed71336f4fe4f25913ff35,2011-06-21 23:17:24,12693,6748
159ad73ba3167cbf17db453d072457f5e7aca331,2011-06-21 09:30:11,12689,6744
2838f252cf78f1becfa8d030b4213f30e57c4e8b,2011-06-21 09:22:11,12690,6744
e5266b54dcc41098db94c705fb9f7b70e0654e13,2011-06-21 09:13:52,12668,6744
962736a47aa0249aea5a8c9d50f70146ed2f4712,2011-06-21 07:59:29,12667,6744
57d33a4a97cae574e6fac605b394d14123031856,2011-06-21 04:09:11,12663,6744
5518f8cb2c41251282e863a5a43f2194f6b0299f,2011-06-21 04:08:25,12669,6744
e55c5e91fb75663057ee254e09e3b5253d1557f1,2011-06-20 20:50:26,12658,6744
191d68d85f8c94d94220ea0c96c4e5f6a04df445,2011-06-20 20:34:16,12580,6697
13e7f4087affcfbf189559198dde392864fe42c1,2011-06-18 13:13:38,12582,6697
4079da41f32ac03cbd08a0bcd732bdf496d587cb,2011-06-18 07:45:14,12576,6691
2be18c8324cc0f7771d8525c6196660538b5e5bb,2011-06-18 07:43:23,12623,6738
b928e77fd1e18d6d617748b87e3b3c7d51c21662,2011-06-18 07:43:01,12638,6738
c2e48f36b2a7728c14b2596d98af7f0ca6d30087,2011-06-18 07:42:33,12639,6738
54e78277c01cc5527740035ea4c8ec84841d3bcc,2011-06-18 07:42:04,12634,6738
2a3e10f95d7b8e1f69841ae697a83f8f2e91b7bc,2011-06-17 18:51:12,12271,6502
72936ef1c5b386c790822d9e39746c1abb7a80ae,2011-06-17 18:50:53,12251,6482
ad8f7866cb38ba9e5a5276b713ea1f8091d6b663,2011-06-17 18:50:40,12245,6482
0c324e0030d602088ca0249476253e48328a151f,2011-06-17 17:47:21,12244,6482
cddae4226c7d119325c2621f00fa5a6d92df1e29,2011-06-16 17:52:52,12245,6482
1a3fc57ba4e37309b80b682f0fc21d3d49dadf3f,2011-06-16 17:52:34,12244,6482
b94320fb97516a49494797012ae956c6ce8d6993,2011-06-16 16:59:01,12244,6482
99ab97af6d600ee483f1135aa58a94f8547986a7,2011-06-16 16:37:26,12244,6482
32d50f77c799117c34225fa3eb226d706c5578d4,2011-06-16 16:37:00,12134,6367
81dedf11d2098e4b98082b25e7d9d9ea59dbaa52,2011-06-16 16:34:01,12113,6346
028487a013d14b0d9db1462934def59b408c6af7,2011-06-16 16:28:48,12113,6346
d6a01b56f560eb9b4e935699ca9b3daf5ea89204,2011-06-16 16:28:14,12113,6346
b16d8e96b135af07a6781a8fff57db8539b8519b,2011-06-16 14:10:47,12110,6346
9f19145c4de7ed9e4eb71248f5541e3f7356ccfa,2011-06-16 14:05:52,12110,6346
ed8971b2fb13d189818b423c2346d010529b915b,2011-06-13 17:14:12,12110,6346
70270f9aad61c3c97f561d0e2c880e4ca2d8cf22,2011-06-13 15:36:27,11758,6346
bd2ce6ecf35735701c09b3956ad685c590659808,2011-06-13 15:10:23,11758,6346
aafbf857dc98797b91b2ebf3591346ca7d88c4c5,2011-06-13 06:31:13,11756,6346
005f251c69535c9a0968732c36ae49d4e64bdb7d,2011-06-13 06:28:39,11732,6346
94bc2bc05bedc769a2feb9aa22e44ed949dea794,2011-06-13 06:27:34,11730,6346
292bd8ddb4b05e757c486ac9ee086e5a3c08fe3f,2011-06-13 06:22:11,11726,6346
33e474de462d314c8a1f0d16773442f38febdc25,2011-06-13 06:17:14,11723,6346
32f216d2f72cd727531ea3fa35d96f89b0a56557,2011-06-13 06:16:51,11723,6346
0e64f6f746c642fd523be180170d9b7dfd4db993,2011-06-13 06:11:12,11719,6346
ad059c7d8610738cc5a494293a8528917ebfe661,2011-06-13 06:06:27,11719,6346
ea8cfc5c8f6c433c1d29c9ea778a1d56018a17da,2011-06-13 05:58:10,11150,6346
c6185ebb0d6b76392cc8b2c11f27a4fa651a27af,2011-06-12 22:50:40,11130,6346
cecd0296af2ded50973f272f5e975802e9c4dc8f,2011-06-12 22:50:22,11275,6491
d80a5f37a0e5dc797031d019b21a45be375925b8,2011-06-12 22:50:12,11274,6491
1743baba2941d8da2e7322c7af05dc397444507f,2011-06-12 22:49:50,11273,6491
9cc1e775c18feed594b448752e43e3a046839d10,2011-06-12 22:49:39,11254,6491
b9ab031f0e707cebf436b580ce92f50eaeeb1726,2011-06-12 15:35:18,11254,6491
7d2efd99ab2d20d646927938b1a5bdf4e0d24f0a,2011-06-12 12:03:44,11212,6454
4bd5805a327c2ab805790bd2c7ec1a3c344059fd,2011-06-12 11:38:20,11203,6445
e7b4d6a38d3098d5df5d200328f07ecb0f7bea7a,2011-06-12 11:38:06,11336,6578
e77a363c3c5274beae93eecf64e427a5c538fe97,2011-06-12 11:37:40,11336,6578
1db72e17f34491eb9ffcde3e9784cc24b621eeda,2011-06-12 11:37:27,11336,6578
f40e9bde23aaa04ebb621faad5cf592c95634a46,2011-06-12 10:58:35,11339,6578
32cd5d7d5548e696f7943305c2d4f9cd1636f632,2011-06-12 10:58:05,11243,6482
e574ba4a5c6daae8cc10fbc658fd7db280f213cd,2011-06-12 10:53:46,11244,6482
6583e9eac78618ac38396698ae1c55315271992c,2011-06-12 10:53:17,11242,6482
50a8d2d50aecdeb88a51a4ab0a50816c32c2413c,2011-06-12 01:56:55,11243,6482
19a0fb69127ba5d43b1a81762a9fc0470f3e0d5c,2011-06-11 21:24:08,11243,6482
2066aef41a1a42b888039d556f306cc06b08ad1d,2011-06-11 21:22:29,11244,6482
66c1d5fece7c09d06bbc774383adca45c26aa17d,2011-06-11 21:18:55,11244,6482
442f9d9522dff211cdfc1e893fa9c6ca26b6e091,2011-06-11 21:14:18,11241,6482
1db340aad5f7c0ba743218d14536d5f403c7fc6f,2011-06-11 21:10:03,11241,6482
baa8056b4154279bb05a9c42f25fdb2cbd015fc9,2011-06-11 20:37:38,11238,6481
7433e589085f06bce7ce725d3e8e4b031bb9a947,2011-06-11 20:34:20,11234,6481
3091490cc23216596b7378681a24820259b59372,2011-06-11 20:34:10,11129,6376
50413024bc3eed337605be13a40973b707af35a4,2011-06-11 19:41:51,11130,6377
19c62c1f7b10af3ab85573b505ba850981dbc4a1,2011-06-11 19:41:28,11081,6328
1e50ac91b90d052b2c8a59f3e26f293a26765a43,2011-06-11 19:40:05,11079,6328
a5a7ec4dbd3a5ad723e19805efa07d7c277635f4,2011-06-10 21:16:37,11086,6328
b9e138dc349ac48ff3b76e89a8e002a9e604072b,2011-06-10 21:14:31,10905,6147
3a22ab097efede707cca6725b30fa212c2c5b4cc,2011-06-10 15:07:37,10896,6147
13e9727e5c699c2e100a85c6dcf80f4a0bdab19b,2011-06-10 15:06:55,10847,6098
9087d32c74e13b528f24dfcb5caae553a0cbd060,2011-06-10 15:03:55,10850,6098
50f6645e0b00ff3f82f62ccfd7ed3194ae9ebf36,2011-06-09 22:46:44,10844,6098
bcb00306b26899f5e57269d7c6ceb0350c0b43d0,2011-06-09 22:46:31,10844,6098
81dd6237736546080b5386fdda09462f04589bb9,2011-06-09 22:46:09,10844,6098
a4cac1e4236bfb46b9e2957533312f04a8a79ae6,2011-06-09 11:49:15,10844,6098
f306870246f846e78b69e5838182b1f89aa931ca,2011-06-09 11:49:02,10840,6098
4db20e870a5ba01b1495aee9f7ba8ac96a9c30bf,2011-06-09 11:31:15,10812,6070
9cf9f1e9e052ed78550f4d997b31c2939b099cd0,2011-06-09 11:15:35,10812,6070
e8640d6713b0adaf328eb24a01b7bf575a1cbc11,2011-06-07 23:15:33,10812,6070
c007ab89f94e2de9607903a4835a2a861b8a90f7,2011-06-07 23:15:17,10812,6070
a4568290a6932c2d2e0975558bb888e89a9e5adf,2011-06-07 22:10:14,10811,6070
35e1d9b0f63c3612891d66eb137e2474080adf21,2011-06-07 22:06:24,10808,6070
e0da36e9447218835d78ecbbf8484203799f1be2,2011-06-02 19:55:32,10808,6070
f8697e22ff0b0eb5bc7cf7fa73f62e1a850a7db1,2011-06-02 19:43:13,10808,6070
6ab0a4cea52e6e7ceaae54a68f1f950b8db73369,2011-05-30 14:38:36,10806,6068
abde1ca3899f08616ab03b9a2e505f308a352f5d,2011-05-30 14:38:19,10806,6068
76bec7bc7e337c8c5121f79715c1d0f63fc8c36e,2011-05-30 14:37:59,10806,6068
7970815a5440dfa4e118fd50c3eb549782f14c9e,2011-05-30 14:37:20,10806,6068
81e1c44be17f656b20369b696f1ae638da8bc2dc,2011-05-30 10:42:21,10802,6068
9cf4008c993a956de6f8f1bebff163682486f25a,2011-05-29 21:36:28,10802,6068
14c96c143c03123719f05852b4509eb0927096e6,2011-05-25 08:29:15,10817,6068
bd1970606c10618595be06230206aec9c3e45876,2011-05-25 08:27:01,10819,6070
e472483bb1b88ed1ed69a48a43e4c57273665765,2011-05-25 08:26:46,10817,6068
faa00b8b2d02bc457d9a60de9a99f35d17b8a1e5,2011-05-25 07:57:37,10816,6068
62d3e6341ed96ef09f23a99e4d78d9979f32ceba,2011-05-25 07:54:57,10731,5983
7678acc8e66befabb0c1d9c35fbe25e8c554cb99,2011-05-25 07:51:10,10647,5899
5f1d5e30dc3d90387686bf647a470f1e969434e9,2011-05-25 07:49:43,10563,5815
d2d481ca8b0b3cb31674352d0266a54eaec9a3a9,2011-05-25 07:33:01,10561,5815
9f4f52beb4e474c57e2776ec31a313af2f45b450,2011-05-25 07:28:54,10479,5733
3ba715eb49eb054284d5a337d580f98b2fb9c00f,2011-05-25 07:22:41,10402,5656
4427b3e64be6e3afe5ed41a8ed72fe7e141c122d,2011-05-25 07:21:51,10384,5656
41ab26b2023303b77eafa1bbe0270fc6ce9e98e6,2011-05-25 07:21:42,10365,5656
be21ca2f198252eb84ac8b6b8b3eae7da62e108a,2011-05-25 06:55:15,10282,5573
60dec3dd83ff97dc1f6e71cb5b7a8366311d0466,2011-05-25 06:52:54,10220,5511
0f0abab38030dedb047c592819ece73b730622fd,2011-05-25 06:50:18,10138,5429
c3936cb5f9022144028723de3a9e3b86ee9dfda8,2011-05-25 06:47:41,10054,5345
aac298d2120a19d0a57d606eef468a806529fc8d,2011-05-25 06:46:59,9972,5263
3f030bd3fb01b31823ba46a0dee92f2bf23a56bf,2011-05-25 06:46:31,9970,5263
5dc8ddcda888b23ff631af49a4f6bc1deca72f60,2011-05-25 06:34:28,9970,5263
aa4ffff9f9c6b83a298d5ddaee29692638c86ae7,2011-05-25 06:33:24,9970,5263
4e2941fc05a8f01ab037d9f7abea2062ce24eeed,2011-05-25 06:30:09,9970,5263
d29c0bce7b60027411b77355f7846ba18eabcfd8,2011-05-25 06:27:13,9906,5199
be8e6ab05e390189aecb4c80ac690629d8226178,2011-05-25 06:26:32,9844,5137
7c6da424c010e494d001d78a5523527073083a46,2011-05-25 06:25:48,9843,5137
6e76229eb96887b7b80d5783a23b5a3b97455f4a,2011-05-25 06:25:30,9821,5137
d1dfcf41724e17d956f171a3295db14c36e0e32c,2011-05-25 05:53:53,9819,5137
1726da4ca3e78f92235992683074d090033ac233,2011-05-25 05:53:42,9791,5109
71ed07d4584e5226c07cd156fa22036861c5a33c,2011-05-25 05:45:40,9786,5109
a08b791cb8904713290c2bfe3c00a2132d5ac057,2011-05-25 05:31:29,9687,5010
2083fca33a175419e32a22f7ae3823e65a0cdc93,2011-05-25 05:31:06,9687,5010
11c1dda0c8b0df028797565b334c90d348065a9c,2011-05-25 05:26:03,9679,5002
35939165782c73d01ca825c86433d324738db001,2011-05-25 05:21:41,9671,4994
8c302fc3238fe42fa2e5dfe54244bdfe1a15017a,2011-05-25 05:17:15,9664,4987
28c9d03dfafdb36f6e9c92f2dfe77dc783667d6f,2011-05-25 05:11:32,9661,4984
5a93d72e9ce5dd74370ddc7dda28c7afdfd7b28a,2011-05-25 05:09:03,9659,4982
a4b6e2850b04374a17da96ee9aa36e6b9fe4fbe1,2011-05-25 05:08:40,9658,4982
8545d452bf9b399b8e63c0a80ba53eb55ba5c903,2011-05-25 04:49:03,9656,4980
93729be50a9bd1d1a056ea10a71ae60d9ae5c498,2011-05-25 04:45:52,9651,4975
2295ab92aec929b9fe9575f967db89e282dc1168,2011-05-25 04:38:41,9646,4970
d5721a61776201cd62fc19b3f61bd111880a58a9,2011-05-25 04:30:56,9641,4965
54bc13e686da94f916c0f6f6d5a4c626ae8720a4,2011-05-25 04:25:20,9641,4965
756e319466e33b45eea0b79ec5eb315f576cdc94,2011-05-25 04:23:40,9641,4965
8e13926804cd986e2369cbdecc79fec15f96a18f,2011-05-25 04:22:16,9641,4965
6f3e59878f24a22aaa0b02ac53e9f6a380fb0d1c,2011-05-25 04:20:03,9641,4965
2a202f90d250912429dc0c0d210ea2fd71ad387f,2011-05-25 04:17:04,9633,4957
bfabd6eadf310ab2889bc1c66ec06a172cf6f4f8,2011-05-25 04:16:45,9632,4956
a647fae3c42d76e6d27437d7f9a26c3dfa526f96,2011-05-25 04:03:21,9632,4956
245c57c527cf0c99bdd29177cc82e0be196b1e4b,2011-05-25 04:02:26,9633,4956
40106aa8dbe9a594e4d17a0e67d7158bcc8ee8f1,2011-05-25 04:01:54,9633,4956
b663f5dd24fac1dad1778e1df3c180abb557e6a0,2011-05-25 04:01:27,9632,4955
79f6e5c5389b1ec7c7b3339997cc638d7666a6f2,2011-05-25 04:01:05,9633,4955
61eb0a2fd4765488e8bb2635e4aa8daa4aef661d,2011-05-25 04:00:48,9631,4955
5ea91da02f1889dd9e649efc640fbed7a4329243,2011-05-25 03:25:36,9611,4955
fced9cca5ee37d8a49afa4fc6dcab43d5d0ff074,2011-05-25 03:24:03,9611,4955
adf9f1150aedc48d5f3ce9f46c7dcbdc1df9f8be,2011-05-25 03:23:45,9609,4953
bd231fcc9b56dfe15afecf8c55c2b8456bc7147f,2011-05-25 03:01:48,9601,4953
0c4ac66b5f950537e4ac085f133bf7dffc1f4ff0,2011-05-25 02:56:42,9593,4945
00b600e5c0d889e64d728c49d38fc6df501fca49,2011-05-25 02:55:12,9593,4945
fafb44dcadb80d7ee8a2415af606efc2c77c8c2d,2011-05-25 02:54:11,9592,4944
c57cabb982a9635154ad618f338d387bd013430d,2011-05-25 02:53:04,9591,4943
9777886f6c3ddaca9a800a41c64043baf6b42d8c,2011-05-25 02:51:48,9591,4943
aa3b99a6308ecda9f03ec6ce82bd45fc6487903a,2011-05-25 01:51:40,9590,4942
b3b4ac439db0fda5da37b417ce2c4f7ee80326d0,2011-05-25 01:43:16,9582,4942
3be15033ccf3a686a1ebb1b88d4e7653c591c8e2,2011-05-25 01:42:03,9582,4942
c30a8edcc0ed9e23ef1f5c8bd1021169cce0add5,2011-05-23 05:33:25,9574,4934
cf435bf3c6005f3b9df7aef39f42a7af34b9c5d2,2011-05-23 05:28:56,9541,4901
2869f466be9fd566b1008798a7b0fc24ae2da41e,2011-05-23 05:23:53,9509,4869
2cc3a85ea14674ed6760d6c488544ddf383688a7,2011-05-23 04:21:02,9477,4837
8c9e063b74e37b7611620761b908bed968f42eba,2011-05-23 04:11:37,9433,4793
fcd474e89e16acd71368ef34da3c719d2c71f02f,2011-05-23 04:10:20,9389,4749
0e3f0eabe4ab727e52c7cf7ce52142de90d75d87,2011-05-23 03:47:07,9346,4706
7b486e2b375eccf72954884d4092e86cd5c6592d,2011-05-23 03:18:03,9352,4712
334c00f2c08413dbab8b9da3eaa545406fe7b475,2011-05-23 03:17:44,9351,4712
a2c30a1416c6c9a81c7a58af77b442a670017727,2011-05-23 03:17:20,9316,4677
474f4e6ebd1bb0ff69ed4f510b674a47d7e4d680,2011-05-22 21:39:43,9315,4677
a5634b0bbd88e92a694c144a7f9d33ad941b8765,2011-05-22 21:37:05,9281,4643
f020d012f27ca8626fc6e175f1c8bf6a71d74ee2,2011-05-22 21:28:41,9247,4609
b76901eb56ff18ca3c58f9d2fa12184445b70644,2011-05-22 21:22:41,9246,4609
777746d42d670485d6a02b7d67df9129eccc7282,2011-05-22 21:20:18,9260,4609
e436f90ac97946e5cee26b2a616949c15edb38d2,2011-05-22 20:25:13,9253,4609
c0e1944462b168848da18290885fb2498658dc14,2011-05-22 20:24:51,9255,4609
f5edca935ddb7afddf2b254e3866fd3a506d6621,2011-05-22 20:18:51,9254,4609
9cfffa48e89b2caa184c0e14e84c7cb3dbaf7d26,2011-05-22 20:17:00,9257,4609
9b8ca8cc4b2ad42340ad99f761ece7aba3f31cbb,2011-05-22 20:02:13,9245,4609
8c9e6a99bcf614bdbc2942ff8ee3e7ed8c465adc,2011-05-22 20:01:56,9199,4563
4bba9b1e17832beacbe49b0f5db0ff85b2564f51,2011-05-22 20:01:28,9153,4517
ef610de2b1d7d68f9965f6099af734002fe168a9,2011-05-22 04:56:29,9107,4471
c07693b46e888038c30098c6739d0642e14cd8e2,2011-05-22 04:41:54,9072,4436
c2b6acbff40a1d468fb07a2ee4958fcf47ff8aa3,2011-05-22 04:38:34,9042,4406
4ab6e9592fe03fe212969e3cf6521b96367f0a03,2011-05-22 04:36:33,9042,4406
227e14c71b745605304007611e2e25c349867ebf,2011-05-22 04:34:21,9039,4403
ef435a0b03a6845e9ae82f2e988c39977c26fb33,2011-05-22 04:31:10,9040,4404
c8a73d56c8c019f5239d3e800dbb705fa0c13806,2011-05-22 04:01:03,8979,4343
07f5d1ff64ecf69b637e2dfa1d48b87fbda5c293,2011-05-22 03:57:41,7339,2703
8416e76114738078f2e3f7102261006758aab312,2011-05-22 03:56:31,7283,2703
b4034878ebe3f0c6145d50c9f1f0298367cbbcfe,2011-05-19 22:53:27,7196,2703
b5b72bd212bd2035cea31aa7144b564df669f8fa,2011-05-19 22:50:55,6476,1983
88d5daa3b5240646da87593a22bd2fdd40522ce2,2011-05-19 22:35:18,6474,1981
4f4d25e95473f8de50bb27c75e9398eec1a84abd,2011-05-19 21:53:56,6464,1981
f47a9dc11046266bddc5feb27017b80a7c79831a,2011-05-19 21:51:55,6464,1981
882fb9656714ca8bd8d5b865852707f207ee8124,2011-05-19 21:51:08,6464,1981
aa1ba762ae832c402d19a661c1446740df15f975,2011-05-19 20:26:26,6464,1981
287dd40dd261d633c40300349911926298cdc4f4,2011-05-19 20:25:35,6464,1981
ccac8fe8a4bb82871b55a216805773f268268fff,2011-05-19 20:17:42,6462,1981
43f6071f4f67c1813c421deeaaba3b398a826559,2011-05-19 20:17:25,6461,1981
b4b7c0b428fcefb21d7f682b765eb848dffdbba2,2011-05-19 20:16:59,6459,1981
750e8a92728be632b1539091c42307f0b398de0f,2011-05-19 20:16:43,6438,1981
118f5b237166934b1b71244d026c320b379fdfc4,2011-05-19 03:40:37,6439,1981
d64fdfa4222115479a2f5babce6d2aa764b8e290,2011-05-19 03:40:20,6439,1981
ffb6557880ecf32ded8f0ac608ec3251596c0ba6,2011-05-19 03:39:52,6429,1971
4f293ae44e3751aadbd442abca3ad5d3ad275d46,2011-05-19 03:39:24,6429,1971
080abccf1082eacef8d35fa07439cbcd56800cb7,2011-05-19 03:37:51,6172,1971
7f788e1404199eede5ca02a059c73e50b5ad6584,2011-05-19 03:37:24,6171,1971
887eb42b2f48f3d747b6c3561b94c995e170d6f7,2011-05-18 01:52:41,6164,1971
70c815dd4797d361c6b8d2feacb85e221280a0f4,2011-05-18 01:52:30,5088,1971
b086a526a1c6f922516eda6a46bb89b6dd939d3c,2011-05-18 01:52:24,5088,1971
76a2da8cb83cd1dcb414e7e3389d5ecd8ffdad0e,2011-05-18 01:51:59,4965,1848
a9ed766b8553f4ca57f48c8d33aefc186148dd1c,2011-05-18 01:51:44,4965,1848
6a513d163bafacaba05c66b65f6ce9def8ac245e,2011-05-18 01:51:11,4965,1848
d9015b7732c41207d7d7df213e38a93e0729ad7c,2011-05-18 00:03:22,4963,1848
53bedb7abde7df1d6f39609273bd84262bf55644,2011-05-17 23:12:39,4959,1844
36b7ffe70c44eb6ef61d372a9a2b2fba87c9a5eb,2011-05-17 23:12:28,4779,1664
3595cc4f0b8c65284a1852ebd39de425fb777df7,2011-05-17 23:12:06,4778,1663
c0481f615e88f092240dfd05a7374fe66e861d14,2011-05-17 23:11:51,4778,1663
dfae47d42aab73fb00fc5f01758face2eed24c8d,2011-05-17 23:10:47,4778,1663
f5133b6a6f5ef6d8cfc2331f7bfa0986ea0ff9cb,2011-05-17 23:10:33,4786,1663
da95a4e31f2bfd24ed3dfe27e0b1668ef643ef46,2011-05-17 23:09:01,4786,1663
f65d381961c9b26bda6fe59be1ba0bc42ac0b482,2011-05-17 23:08:13,4775,1663
d35998a633cd522cb131e0a456837baf065d17f6,2011-05-17 23:07:54,4753,1663
2bf65750f3d6e39ad5f4aa552383ecc9bcc0dfa6,2011-05-17 18:22:03,4753,1663
e6ad372ef389b055a2c346bc249fff88c40ba56e,2011-05-17 17:52:45,4748,1658
e9ab235174d77e78768355049830ce861441d692,2011-05-17 03:07:56,4696,1606
8f0f71ac92f35a4a1623d38aa4382fdbc0e52d82,2011-05-17 02:45:03,4689,1599
60ad6e3cebd7b16b1166af9747a529d221eaf99c,2011-05-17 02:44:37,4647,1557
4724724e20344b804b0755c76c31ecdc1054b3be,2011-05-17 02:43:30,4647,1557
5e61a3bd5a97b7176a607ca3b1f7d983e1b6209b,2011-05-17 02:43:08,4632,1557
0bebd38042cc0c3a6d6b106ab7fbd4d616a2ffdf,2011-05-17 02:41:52,4632,1557
ad1946e79d536aaaef40105649b8f1beca413bed,2011-05-16 02:20:14,4626,1557
f63f72cdac830d25cc1255d66df72e51ec675295,2011-05-16 02:20:03,4625,1557
968afd89a5703db0eb00d409e1540a995f8a7860,2011-05-16 02:07:04,4623,1555
30ceabf10f9a35ff7638fe059512b9c5abf1f29c,2011-05-16 02:06:21,4622,1555
b7c877b497b17efce65146d9ae79f27255797944,2011-05-16 02:06:01,4617,1555
db87502b9b1527a028e3c1532b29a31415828d12,2011-05-16 02:05:46,4607,1545
9820716ff0f0213519ad216c7e981a48c40088cc,2011-05-15 20:37:01,4607,1545
5f028c5ca9e8783a0cc9aab7a7609271595d21a6,2011-05-15 20:36:21,4608,1546
f2060d12834e5f78f3490535c7e43f8d51b94f7b,2011-05-15 05:04:01,4608,1546
5a164ed053cb60113ea951bdeaf92bedc2e884fe,2011-05-15 03:25:46,4139,1077
3dda1580656a73dba28f2fda2a529703c1e92d9a,2011-05-15 02:22:32,4135,1073
4f23e9731088976a3cf73b2fac16ca36b913d055,2011-05-15 02:22:06,4128,1073
af57fd9801647a95e0c41f3e415ef199ddf75403,2011-05-15 02:21:42,4127,1073
f1f391873903528628cd05f9d85ebf9e884fe7d7,2011-05-15 02:21:19,4123,1073
c6f8009e698618b71f8432a86356e502385622db,2011-05-10 21:49:46,4091,1073
6ed7964f8f70f2c826c9e483cbbfc95f4b1680b3,2011-05-10 21:49:13,4080,1073
5ddc23f82e79f665ffba1dbc713b52b9285047ed,2011-05-09 05:42:57,4080,1073
910995a8f2045cab2b974fc0aa07fde85948a0bf,2011-05-09 05:42:31,4079,1073
5f8192799b25e1042629d84f434eb0a7cc20115b,2011-05-09 05:42:16,4074,1073
790e916cd4b12d619dbee06ce8842b0ee48de87a,2011-05-09 03:46:29,4074,1073
7f3c5f6a730015a51d009f9aed66085e1087d119,2011-05-09 03:44:54,4072,1073
4889057f9aa11cb0475e7f1646442a90a3744660,2011-05-09 03:40:18,4072,1073
a27a6ad2b6409e2e2d8c8d78c57a2e2e40fb5a21,2011-05-09 03:38:53,4035,1036
0a69b580c436158cf7652373ca6f5ce5868865b1,2011-05-09 03:38:10,4033,1036
6665e08cb7c74c739030df5cd91d036a8f7d88a9,2011-05-09 03:37:49,3998,1036
600c05bbbe2a1f77c6464b9853fae01b3bcc6cc1,2011-05-09 03:37:08,3985,1036
d5e922ba12d27bfb812ee3a560029b7d5e799731,2011-05-09 03:36:49,3985,1036
c39191b3fdb5d1b82f9b19ad624b8ae5f4ce78fe,2011-05-09 03:35:38,3985,1036
eb77c5e01a78838857da5ed5e3251afb6e8eaf8e,2011-05-09 03:35:22,3957,1036
d739f560b874945623fa44b722a3c9cc5881306e,2011-05-09 03:34:28,3959,1036
c32708c3838fb8ebdf33a8936e79094254cf79f1,2011-05-09 03:31:21,3889,1036
34a701fb7f9d3a062dfa1dcd70dd5ec24055c959,2011-05-09 03:28:16,3901,1036
b7488e7a137ea8639171f2995515e596bd729f8b,2011-05-08 01:33:43,3877,1036
ed12f347ebfe346ba577110025a257a06f0df62e,2011-05-08 01:33:17,3857,1016
5d7c5f74712a6f666a11dfc999785e826f5167f8,2011-05-08 01:25:40,3843,1016
416cd66591ec39580a3a5214e64221e2a4652765,2011-05-08 01:25:14,3841,1014
c3171be7a8c6642175b278eea3a7eab7c45ff3dd,2011-05-08 01:24:45,3841,1014
8cd476295a532c9aaf43a994d7dedffe2b89dab7,2011-05-08 01:24:29,3813,1014
209426a9b052422e495ddf9108117c838130f64f,2011-05-08 01:23:59,3802,1014
ece9b120a905cf90f2a611a0cada54c6fb82728c,2011-05-07 03:23:42,3787,1014
981a0e22b40d8495a169ffb7a27a0523adeed1ba,2011-05-07 03:23:33,3787,1014
80e8777dba650dc3b10bc520fed25b7644a8b0fa,2011-05-07 03:23:12,3780,1007
0df8acc280a8c3251b988d5b93d86abccec43f2a,2011-05-07 03:22:41,3816,1043
4243ddfb8964a9d8b9d06d4c810b45afff4ed9f0,2011-05-07 03:22:07,3808,1035
9215d7789812ec77a526256bb603c90a7cf768b9,2011-05-07 00:28:42,3796,1023
d2c74536e0500d3e8f6544ed9e7e34dac8b6a3d7,2011-05-07 00:12:52,3786,1013
deb45624ba2af245feeed43c3f507c7aad7e2140,2011-05-07 00:01:11,3782,1013
136850a7b53bd5f5ecdb592ffbd8f4ceb92e32c3,2011-05-06 23:46:57,3762,993
42a4e6bc9ef1a2dcff305ab306ec06c49cd3921b,2011-05-06 22:41:04,3762,993
c2d0774d46d9e6e338d7f1320896f9161706662f,2011-05-06 22:12:51,3764,993
1514af064f7b9a319df2e87a7da6f3cc0f07ce16,2011-05-05 15:49:40,3764,993
