"2010-01-24T18:38:08Z",1,0
"2010-01-24T18:38:49Z",2,0
"2010-01-24T18:39:18Z",3,0
"2010-01-24T18:57:01Z",4,0
"2010-03-08T20:31:42Z",5,0
"2010-03-19T20:51:17Z",6,0
"2010-03-24T22:00:23Z",7,0
"2010-03-29T00:22:44Z",8,0
"2010-05-11T18:27:33Z",9,0
"2010-05-17T20:19:35Z",10,0
"2010-05-20T05:19:54Z",10,1
"2010-05-20T05:45:32Z",10,2
"2010-05-21T01:03:34Z",11,2
"2010-05-21T08:12:21Z",11,3
"2010-05-23T11:55:46Z",12,3
"2010-06-30T10:49:43Z",13,3
"2010-07-01T00:45:48Z",14,3
"2010-07-01T01:09:40Z",14,4
"2010-07-01T02:14:26Z",15,4
"2010-07-17T05:12:48Z",15,5
"2010-07-17T05:13:17Z",15,6
"2010-07-17T05:20:41Z",15,7
"2010-07-17T05:21:40Z",15,8
"2010-07-19T23:10:43Z",16,8
"2010-07-24T05:40:57Z",17,8
"2010-08-02T03:56:29Z",18,8
"2010-08-08T17:12:26Z",19,8
"2010-08-08T22:37:25Z",19,9
"2010-08-08T22:58:03Z",19,10
"2010-08-09T02:25:45Z",19,11
"2010-08-09T02:39:31Z",19,12
"2010-08-09T09:36:54Z",19,13
"2010-08-09T22:02:42Z",20,13
"2010-08-10T04:13:54Z",21,13
"2010-08-10T16:51:52Z",21,14
"2010-08-10T19:25:21Z",22,14
"2010-08-10T19:25:31Z",22,15
"2010-08-10T19:25:55Z",22,16
"2010-08-10T19:27:42Z",23,16
"2010-08-10T19:48:16Z",24,16
"2010-08-10T20:00:28Z",25,16
"2010-08-10T20:06:00Z",26,16
"2010-08-10T20:44:43Z",27,16
"2010-08-10T20:49:43Z",28,16
"2010-08-10T20:57:53Z",29,16
"2010-08-10T21:46:27Z",30,16
"2010-08-10T22:07:21Z",31,16
"2010-08-10T23:00:06Z",32,16
"2010-08-10T23:19:50Z",33,16
"2010-08-10T23:25:33Z",34,16
"2010-08-10T23:51:57Z",35,16
"2010-08-11T03:58:23Z",35,17
"2010-08-11T04:50:30Z",36,17
"2010-08-11T14:08:53Z",36,18
"2010-08-11T16:34:23Z",37,18
"2010-08-11T16:50:18Z",38,18
"2010-08-11T16:53:30Z",39,18
"2010-08-11T17:33:00Z",40,18
"2010-08-11T18:00:32Z",40,19
"2010-08-11T18:00:32Z",40,20
"2010-08-11T18:00:32Z",40,21
"2010-08-11T18:00:52Z",40,22
"2010-08-11T19:06:18Z",41,22
"2010-08-11T19:27:04Z",42,22
"2010-08-11T19:31:39Z",42,23
"2010-08-11T19:32:55Z",42,24
"2010-08-11T19:32:55Z",42,25
"2010-08-11T19:32:55Z",42,26
"2010-08-11T20:03:58Z",42,27
"2010-08-11T21:45:32Z",43,27
"2010-08-11T21:46:54Z",44,27
"2010-08-12T15:38:23Z",45,27
"2010-08-12T19:00:52Z",45,28
"2010-08-12T19:09:04Z",46,28
"2010-08-12T19:57:00Z",47,28
"2010-08-12T20:12:09Z",48,28
"2010-08-13T15:19:42Z",48,29
"2010-08-13T16:37:47Z",48,30
"2010-08-13T16:37:47Z",48,31
"2010-08-14T04:11:45Z",49,31
"2010-08-14T04:31:16Z",50,31
"2010-08-14T05:00:30Z",51,31
"2010-08-14T05:33:26Z",52,31
"2010-08-14T06:20:57Z",52,32
"2010-08-14T16:35:59Z",52,33
"2010-08-14T18:21:09Z",52,34
"2010-08-14T19:17:51Z",53,34
"2010-08-15T10:54:17Z",54,34
"2010-08-15T17:44:54Z",55,34
"2010-08-15T17:46:48Z",56,34
"2010-08-15T20:10:02Z",57,34
"2010-08-15T20:13:18Z",57,35
"2010-08-15T21:17:55Z",57,36
"2010-08-16T00:13:41Z",58,36
"2010-08-16T03:12:56Z",58,37
"2010-08-16T03:15:28Z",58,38
"2010-08-16T06:14:03Z",59,38
"2010-08-16T06:15:45Z",60,38
"2010-08-16T07:14:55Z",60,39
"2010-08-16T22:37:03Z",61,39
"2010-08-17T12:56:49Z",62,39
"2010-08-17T16:06:05Z",63,39
"2010-08-18T04:49:32Z",64,39
"2010-08-18T05:47:10Z",64,40
"2010-08-18T05:54:26Z",64,41
"2010-08-18T06:11:35Z",64,42
"2010-08-18T06:22:36Z",64,43
"2010-08-18T06:29:24Z",64,44
"2010-08-18T06:35:30Z",64,45
"2010-08-18T06:38:34Z",64,46
"2010-08-18T06:39:15Z",64,47
"2010-08-18T09:25:50Z",65,47
"2010-08-18T09:45:45Z",66,47
"2010-08-20T14:56:20Z",67,47
"2010-08-20T18:42:38Z",67,48
"2010-08-21T00:00:40Z",67,49
"2010-08-21T14:56:08Z",68,49
"2010-08-21T17:06:30Z",69,49
"2010-08-21T22:28:54Z",69,50
"2010-08-21T22:43:57Z",69,51
"2010-08-22T12:20:10Z",70,51
"2010-08-23T07:22:17Z",70,52
"2010-08-23T14:09:09Z",71,52
"2010-08-23T18:03:10Z",71,53
"2010-08-23T23:21:14Z",72,53
"2010-08-24T02:37:47Z",73,53
"2010-08-27T05:24:06Z",74,53
"2010-08-27T15:45:35Z",75,53
"2010-08-27T23:26:14Z",76,53
"2010-08-27T23:55:19Z",76,54
"2010-08-29T05:47:13Z",77,54
"2010-08-30T20:41:44Z",78,54
"2010-08-30T22:19:17Z",78,55
"2010-08-30T23:28:24Z",78,56
"2010-08-31T13:09:46Z",79,56
"2010-08-31T17:12:23Z",80,56
"2010-09-04T12:58:57Z",81,56
"2010-09-05T02:36:15Z",82,56
"2010-09-06T12:37:12Z",83,56
"2010-09-06T12:56:28Z",84,56
"2010-09-06T12:58:56Z",85,56
"2010-09-06T13:12:33Z",86,56
"2010-09-06T13:18:46Z",87,56
"2010-09-06T14:39:21Z",88,56
"2010-09-06T20:14:58Z",88,57
"2010-09-06T20:14:58Z",88,58
"2010-09-06T20:14:58Z",88,59
"2010-09-06T20:16:47Z",89,59
"2010-09-06T20:55:48Z",90,59
"2010-09-06T21:46:39Z",91,59
"2010-09-06T21:51:38Z",91,60
"2010-09-06T22:23:59Z",91,61
"2010-09-06T23:08:13Z",92,61
"2010-09-06T23:49:23Z",93,61
"2010-09-07T06:51:17Z",93,62
"2010-09-07T07:05:07Z",93,63
"2010-09-07T13:30:30Z",93,64
"2010-09-07T13:48:10Z",93,65
"2010-09-07T14:01:14Z",93,66
"2010-09-07T14:16:27Z",93,67
"2010-09-07T14:58:44Z",94,67
"2010-09-07T15:40:25Z",94,68
"2010-09-07T15:51:21Z",95,68
"2010-09-07T21:22:31Z",96,68
"2010-09-07T21:28:52Z",96,69
"2010-09-07T21:37:30Z",97,69
"2010-09-07T21:47:45Z",97,70
"2010-09-07T21:51:00Z",97,71
"2010-09-07T22:39:57Z",97,72
"2010-09-07T22:45:01Z",97,73
"2010-09-07T22:45:55Z",97,74
"2010-09-07T22:46:18Z",97,75
"2010-09-07T22:50:44Z",97,76
"2010-09-08T00:08:14Z",98,76
"2010-09-08T00:41:29Z",98,77
"2010-09-08T00:49:47Z",98,78
"2010-09-08T01:03:57Z",98,79
"2010-09-08T05:53:59Z",98,80
"2010-09-08T05:55:05Z",98,81
"2010-09-08T08:26:51Z",99,81
"2010-09-08T08:30:54Z",99,82
"2010-09-08T13:42:04Z",99,83
"2010-09-09T11:44:58Z",99,84
"2010-09-09T18:07:21Z",100,84
"2010-09-10T01:31:47Z",100,85
"2010-09-15T03:09:01Z",101,85
"2010-09-15T18:29:07Z",102,85
"2010-09-17T00:39:42Z",103,85
"2010-09-17T00:49:10Z",103,86
"2010-09-17T07:47:35Z",103,87
"2010-09-17T12:16:21Z",104,87
"2010-09-20T18:30:16Z",105,87
"2010-09-20T23:50:39Z",106,87
"2010-09-21T01:37:26Z",106,88
"2010-09-24T15:42:58Z",107,88
"2010-09-24T22:30:46Z",108,88
"2010-09-25T05:37:09Z",108,89
"2010-09-25T08:02:57Z",108,90
"2010-09-25T09:02:39Z",109,90
"2010-09-25T12:27:08Z",109,91
"2010-09-27T16:27:43Z",110,91
"2010-09-28T10:48:00Z",111,91
"2010-09-28T16:10:17Z",111,92
"2010-09-28T19:09:32Z",112,92
"2010-09-28T19:59:09Z",112,93
"2010-09-29T12:20:14Z",113,93
"2010-09-29T13:48:14Z",113,94
"2010-09-29T23:16:54Z",114,94
"2010-09-30T07:41:07Z",115,94
"2010-09-30T18:18:03Z",116,94
"2010-09-30T19:43:52Z",116,95
"2010-09-30T22:46:34Z",117,95
"2010-10-01T00:54:19Z",118,95
"2010-10-01T01:32:21Z",118,96
"2010-10-01T06:04:02Z",118,97
"2010-10-04T12:21:31Z",119,97
"2010-10-04T18:42:58Z",120,97
"2010-10-04T20:26:15Z",120,98
"2010-10-05T02:25:32Z",121,98
"2010-10-05T21:58:35Z",121,99
"2010-10-05T21:59:23Z",121,100
"2010-10-05T22:00:40Z",121,101
"2010-10-05T22:00:45Z",121,102
"2010-10-05T22:01:47Z",121,103
"2010-10-06T10:11:33Z",122,103
"2010-10-11T21:07:51Z",123,103
"2010-10-12T07:31:07Z",123,104
"2010-10-13T10:58:59Z",124,104
"2010-10-13T22:15:44Z",125,104
"2010-10-13T22:24:32Z",125,105
"2010-10-13T22:47:28Z",126,105
"2010-10-14T01:00:35Z",127,105
"2010-10-14T01:22:43Z",128,105
"2010-10-14T03:23:00Z",129,105
"2010-10-14T14:10:46Z",130,105
"2010-10-14T17:16:59Z",131,105
"2010-10-14T20:17:02Z",132,105
"2010-10-14T20:23:46Z",132,106
"2010-10-14T20:24:22Z",132,107
"2010-10-14T20:24:43Z",132,108
"2010-10-17T17:19:09Z",133,108
"2010-10-18T05:51:17Z",134,108
"2010-10-19T10:52:46Z",134,109
"2010-10-19T23:32:49Z",135,109
"2010-10-20T09:40:55Z",135,110
"2010-10-21T03:56:28Z",136,110
"2010-10-21T04:29:13Z",136,111
"2010-10-21T14:11:12Z",137,111
"2010-10-21T20:11:04Z",138,111
"2010-10-21T20:37:02Z",138,112
"2010-10-23T04:45:15Z",139,112
"2010-10-23T05:03:02Z",140,112
"2010-10-23T11:27:01Z",141,112
"2010-10-23T11:33:25Z",141,113
"2010-10-23T19:40:45Z",142,113
"2010-10-23T20:19:23Z",142,114
"2010-10-23T20:27:55Z",142,115
"2010-10-23T21:45:26Z",143,115
"2010-10-23T23:31:51Z",143,116
"2010-10-24T04:19:28Z",143,117
"2010-10-24T07:27:06Z",143,118
"2010-10-24T18:17:15Z",143,119
"2010-10-24T20:17:52Z",143,120
"2010-10-24T22:16:22Z",143,121
"2010-10-24T22:17:25Z",143,122
"2010-10-25T01:12:58Z",144,122
"2010-10-25T05:17:53Z",144,123
"2010-10-25T16:21:49Z",144,124
"2010-10-25T17:18:32Z",145,124
"2010-10-25T19:55:20Z",146,124
"2010-10-26T00:42:53Z",146,125
"2010-10-26T06:03:29Z",146,126
"2010-10-26T06:06:25Z",146,127
"2010-10-26T09:53:55Z",147,127
"2010-10-26T16:57:19Z",148,127
"2010-10-26T17:09:00Z",148,128
"2010-10-26T18:24:54Z",149,128
"2010-10-26T20:39:10Z",150,128
"2010-10-26T21:37:42Z",151,128
"2010-10-27T02:15:05Z",152,128
"2010-10-27T02:19:50Z",152,129
"2010-10-27T09:08:38Z",153,129
"2010-10-27T09:16:17Z",154,129
"2010-10-27T11:38:29Z",155,129
"2010-10-27T12:03:12Z",156,129
"2010-10-27T13:27:29Z",157,129
"2010-10-27T13:41:34Z",158,129
"2010-10-27T16:15:12Z",158,130
"2010-10-27T19:39:53Z",159,130
"2010-10-27T19:44:51Z",159,131
"2010-10-27T21:06:50Z",159,132
"2010-10-27T23:57:56Z",160,132
"2010-10-28T03:34:39Z",160,133
"2010-10-28T18:13:59Z",161,133
"2010-10-28T21:57:08Z",162,133
"2010-10-29T01:23:21Z",163,133
"2010-10-29T05:21:56Z",163,134
"2010-10-29T05:22:18Z",163,135
"2010-10-29T05:26:11Z",163,136
"2010-10-29T05:28:19Z",163,137
"2010-10-29T05:28:19Z",163,138
"2010-10-29T05:28:19Z",163,139
"2010-10-29T10:33:20Z",164,139
"2010-10-29T12:19:51Z",164,140
"2010-10-29T17:17:08Z",164,141
"2010-10-29T17:22:32Z",165,141
"2010-10-29T19:08:13Z",166,141
"2010-10-30T15:10:46Z",167,141
"2010-10-31T06:59:41Z",167,142
"2010-10-31T07:12:58Z",167,143
"2010-10-31T10:28:08Z",167,144
"2010-10-31T13:09:09Z",168,144
"2010-10-31T20:24:39Z",169,144
"2010-10-31T21:57:10Z",170,144
"2010-10-31T23:02:40Z",171,144
"2010-10-31T23:15:07Z",172,144
"2010-11-01T04:36:25Z",173,144
"2010-11-01T05:01:03Z",173,145
"2010-11-01T13:44:00Z",174,145
"2010-11-01T13:49:10Z",175,145
"2010-11-01T14:06:12Z",176,145
"2010-11-01T21:58:26Z",176,146
"2010-11-01T22:02:02Z",176,147
"2010-11-02T10:42:56Z",177,147
"2010-11-02T11:37:18Z",178,147
"2010-11-02T14:11:50Z",178,148
"2010-11-02T20:37:01Z",178,149
"2010-11-03T17:51:37Z",179,149
"2010-11-03T18:01:32Z",179,150
"2010-11-03T19:47:47Z",180,150
"2010-11-04T02:51:26Z",180,151
"2010-11-04T15:07:25Z",181,151
"2010-11-06T06:44:51Z",182,151
"2010-11-06T10:58:43Z",183,151
"2010-11-06T14:39:29Z",183,152
"2010-11-06T14:41:50Z",183,153
"2010-11-06T15:45:00Z",184,153
"2010-11-06T16:16:42Z",184,154
"2010-11-06T16:53:49Z",184,155
"2010-11-06T17:08:42Z",184,156
"2010-11-06T17:14:04Z",184,157
"2010-11-06T17:25:48Z",184,158
"2010-11-06T17:28:51Z",184,159
"2010-11-06T17:36:31Z",184,160
"2010-11-06T17:43:17Z",184,161
"2010-11-06T18:00:09Z",184,162
"2010-11-06T23:09:50Z",184,163
"2010-11-06T23:33:21Z",184,164
"2010-11-07T06:20:37Z",185,164
"2010-11-07T18:29:11Z",186,164
"2010-11-07T20:24:20Z",186,165
"2010-11-09T22:32:29Z",187,165
"2010-11-10T06:47:11Z",187,166
"2010-11-10T13:30:04Z",188,166
"2010-11-10T16:23:33Z",188,167
"2010-11-11T09:51:39Z",189,167
"2010-11-11T10:21:34Z",190,167
"2010-11-11T13:31:49Z",190,168
"2010-11-11T15:06:09Z",191,168
"2010-11-11T15:30:39Z",191,169
"2010-11-11T23:19:37Z",191,170
"2010-11-13T15:12:37Z",192,170
"2010-11-15T00:08:38Z",193,170
"2010-11-15T01:38:29Z",193,171
"2010-11-15T17:33:49Z",194,171
"2010-11-15T19:45:49Z",195,171
"2010-11-16T03:01:50Z",196,171
"2010-11-16T09:03:55Z",197,171
"2010-11-16T10:07:04Z",198,171
"2010-11-16T11:33:49Z",198,172
"2010-11-17T11:50:01Z",199,172
"2010-11-17T12:03:22Z",200,172
"2010-11-17T12:25:01Z",201,172
"2010-11-17T18:01:05Z",202,172
"2010-11-18T00:45:59Z",202,173
"2010-11-18T08:32:02Z",202,174
"2010-11-18T16:26:49Z",203,174
"2010-11-18T22:13:34Z",203,175
"2010-11-19T01:16:44Z",204,175
"2010-11-19T04:56:20Z",205,175
"2010-11-19T05:03:41Z",206,175
"2010-11-19T05:43:00Z",207,175
"2010-11-19T07:26:52Z",208,175
"2010-11-19T08:32:04Z",209,175
"2010-11-19T08:38:05Z",209,176
"2010-11-19T08:40:23Z",209,177
"2010-11-19T08:41:45Z",209,178
"2010-11-19T08:43:12Z",209,179
"2010-11-19T08:47:19Z",209,180
"2010-11-19T08:50:47Z",209,181
"2010-11-19T08:55:38Z",210,181
"2010-11-19T08:59:03Z",210,182
"2010-11-19T08:59:58Z",210,183
"2010-11-19T09:05:55Z",210,184
"2010-11-19T09:06:22Z",210,185
"2010-11-19T11:20:57Z",211,185
"2010-11-19T11:41:55Z",212,185
"2010-11-19T15:04:39Z",212,186
"2010-11-19T16:38:06Z",212,187
"2010-11-19T16:56:57Z",212,188
"2010-11-20T00:14:23Z",212,189
"2010-11-20T13:11:06Z",213,189
"2010-11-21T00:48:14Z",213,190
"2010-11-22T21:19:32Z",213,191
"2010-11-23T22:00:13Z",214,191
"2010-11-23T23:03:28Z",214,192
"2010-11-24T17:27:56Z",215,192
"2010-11-24T18:31:31Z",216,192
"2010-11-24T20:19:02Z",217,192
"2010-11-25T17:09:36Z",218,192
"2010-11-25T19:46:58Z",219,192
"2010-11-26T05:30:49Z",219,193
"2010-11-26T22:04:52Z",220,193
"2010-11-27T06:36:31Z",221,193
"2010-11-27T23:07:09Z",222,193
"2010-11-27T23:07:36Z",223,193
"2010-11-28T12:00:10Z",224,193
"2010-11-29T18:23:12Z",224,194
"2010-11-29T18:23:56Z",224,195
"2010-11-30T10:43:26Z",225,195
"2010-11-30T18:54:28Z",226,195
"2010-11-30T19:35:18Z",227,195
"2010-11-30T22:52:50Z",227,196
"2010-12-01T00:10:41Z",227,197
"2010-12-01T04:10:45Z",227,198
"2010-12-01T05:37:49Z",227,199
"2010-12-01T06:39:17Z",227,200
"2010-12-01T09:55:12Z",228,200
"2010-12-01T13:13:23Z",228,201
"2010-12-01T13:59:12Z",229,201
"2010-12-01T16:43:57Z",229,202
"2010-12-01T23:17:16Z",229,203
"2010-12-02T02:23:38Z",230,203
"2010-12-02T12:51:16Z",231,203
"2010-12-02T23:43:47Z",231,204
"2010-12-03T03:46:32Z",231,205
"2010-12-03T09:20:58Z",232,205
"2010-12-05T07:31:05Z",233,205
"2010-12-05T10:46:11Z",234,205
"2010-12-05T15:26:08Z",234,206
"2010-12-05T15:27:42Z",234,207
"2010-12-05T15:35:50Z",234,208
"2010-12-05T15:41:45Z",234,209
"2010-12-05T15:45:26Z",234,210
"2010-12-05T15:49:38Z",234,211
"2010-12-05T18:23:18Z",235,211
"2010-12-05T20:30:46Z",235,212
"2010-12-05T23:52:06Z",235,213
"2010-12-06T00:23:07Z",235,214
"2010-12-06T15:41:43Z",235,215
"2010-12-06T17:02:38Z",236,215
"2010-12-06T21:10:23Z",237,215
"2010-12-07T01:09:38Z",237,216
"2010-12-07T13:01:21Z",238,216
"2010-12-07T15:31:03Z",239,216
"2010-12-07T22:00:09Z",240,216
"2010-12-08T17:32:11Z",241,216
"2010-12-09T01:19:17Z",241,217
"2010-12-09T01:23:22Z",242,217
"2010-12-09T12:46:46Z",242,218
"2010-12-09T22:57:34Z",243,218
"2010-12-10T06:58:56Z",244,218
"2010-12-10T20:25:18Z",245,218
"2010-12-10T20:28:50Z",246,218
"2010-12-10T21:17:12Z",247,218
"2010-12-10T21:22:35Z",248,218
"2010-12-10T21:32:36Z",248,219
"2010-12-11T04:59:30Z",248,220
"2010-12-11T17:29:18Z",249,220
"2010-12-12T02:34:00Z",249,221
"2010-12-12T10:22:42Z",250,221
"2010-12-12T20:13:48Z",251,221
"2010-12-14T14:21:13Z",251,222
"2010-12-15T05:22:24Z",251,223
"2010-12-15T09:43:58Z",251,224
"2010-12-15T13:21:05Z",251,225
"2010-12-15T16:49:01Z",251,226
"2010-12-15T17:37:04Z",252,226
"2010-12-16T02:38:18Z",252,227
"2010-12-16T17:52:57Z",252,228
"2010-12-17T20:46:24Z",253,228
"2010-12-19T02:21:59Z",253,229
"2010-12-20T06:35:02Z",254,229
"2010-12-20T06:39:41Z",254,230
"2010-12-20T08:51:28Z",255,230
"2010-12-21T02:10:13Z",256,230
"2010-12-21T09:26:21Z",257,230
"2010-12-21T13:14:06Z",258,230
"2010-12-21T14:59:28Z",258,231
"2010-12-21T20:28:57Z",258,232
"2010-12-21T20:50:31Z",259,232
"2010-12-21T22:58:28Z",259,233
"2010-12-21T23:16:39Z",260,233
"2010-12-24T21:16:01Z",261,233
"2010-12-30T22:59:42Z",262,233
"2010-12-31T01:59:31Z",262,234
"2010-12-31T10:19:02Z",263,234
"2010-12-31T16:15:34Z",263,235
"2010-12-31T21:20:44Z",263,236
"2011-01-01T00:02:24Z",263,237
"2011-01-01T00:53:59Z",263,238
"2011-01-01T04:43:01Z",263,239
"2011-01-03T20:46:23Z",264,239
"2011-01-03T23:08:42Z",265,239
"2011-01-04T21:48:19Z",266,239
"2011-01-05T01:14:22Z",267,239
"2011-01-06T16:16:15Z",268,239
"2011-01-06T16:29:19Z",269,239
"2011-01-06T16:48:15Z",269,240
"2011-01-07T12:51:43Z",270,240
"2011-01-07T23:41:33Z",271,240
"2011-01-08T00:20:15Z",272,240
"2011-01-08T05:21:36Z",273,240
"2011-01-10T17:43:58Z",274,240
"2011-01-11T02:10:44Z",274,241
"2011-01-11T22:06:05Z",275,241
"2011-01-11T22:30:17Z",275,242
"2011-01-12T06:32:33Z",276,242
"2011-01-12T20:03:45Z",277,242
"2011-01-12T20:27:40Z",278,242
"2011-01-13T01:12:09Z",279,242
"2011-01-13T08:02:51Z",280,242
"2011-01-18T10:18:06Z",281,242
"2011-01-18T14:47:14Z",282,242
"2011-01-18T14:47:18Z",283,242
"2011-01-18T20:24:35Z",283,243
"2011-01-19T02:45:20Z",283,244
"2011-01-19T04:26:23Z",283,245
"2011-01-19T12:59:31Z",284,245
"2011-01-19T14:23:12Z",285,245
"2011-01-19T15:49:08Z",285,246
"2011-01-19T16:08:57Z",285,247
"2011-01-19T16:11:22Z",285,248
"2011-01-19T16:32:50Z",285,249
"2011-01-19T16:49:20Z",286,249
"2011-01-19T16:59:36Z",286,250
"2011-01-19T17:23:21Z",286,251
"2011-01-19T17:24:03Z",286,252
"2011-01-19T19:00:17Z",286,253
"2011-01-20T00:04:12Z",286,254
"2011-01-20T00:15:10Z",286,255
"2011-01-20T00:39:18Z",286,256
"2011-01-20T21:05:43Z",286,257
"2011-01-20T21:15:21Z",286,258
"2011-01-20T21:15:21Z",286,259
"2011-01-22T18:08:36Z",286,260
"2011-01-22T18:12:11Z",286,261
"2011-01-23T01:05:56Z",286,262
"2011-01-23T01:05:56Z",286,263
"2011-01-23T01:06:02Z",286,264
"2011-01-23T01:15:39Z",286,265
"2011-01-23T03:29:13Z",287,265
"2011-01-23T03:48:31Z",287,266
"2011-01-23T08:46:41Z",287,267
"2011-01-23T11:53:22Z",287,268
"2011-01-23T18:28:16Z",288,268
"2011-01-23T18:37:06Z",289,268
"2011-01-24T03:07:55Z",289,269
"2011-01-24T04:22:31Z",290,269
"2011-01-24T05:16:30Z",290,270
"2011-01-24T13:16:27Z",291,270
"2011-01-24T22:02:22Z",292,270
"2011-01-25T09:25:47Z",293,270
"2011-01-25T21:34:15Z",294,270
"2011-01-25T21:51:36Z",294,271
"2011-01-25T22:10:16Z",294,272
"2011-01-26T11:15:26Z",295,272
"2011-01-26T19:39:02Z",296,272
"2011-01-27T11:32:59Z",297,272
"2011-01-27T22:35:17Z",298,272
"2011-01-28T01:43:06Z",299,272
"2011-01-31T09:51:25Z",300,272
"2011-02-01T06:12:36Z",301,272
"2011-02-01T08:05:56Z",302,272
"2011-02-01T21:11:05Z",302,273
"2011-02-05T20:47:46Z",303,273
"2011-02-07T12:45:23Z",304,273
"2011-02-07T13:40:22Z",305,273
"2011-02-07T22:22:09Z",305,274
"2011-02-08T17:04:53Z",306,274
"2011-02-08T17:14:48Z",307,274
"2011-02-08T22:06:03Z",308,274
"2011-02-09T12:48:23Z",309,274
"2011-02-09T12:57:03Z",310,274
"2011-02-10T00:25:55Z",310,275
"2011-02-10T00:27:05Z",310,276
"2011-02-10T13:41:13Z",311,276
"2011-02-10T16:49:11Z",311,277
"2011-02-10T17:25:15Z",312,277
"2011-02-10T22:06:08Z",313,277
"2011-02-11T01:09:06Z",313,278
"2011-02-11T17:17:05Z",314,278
"2011-02-11T21:57:27Z",314,279
"2011-02-11T22:13:12Z",314,280
"2011-02-11T22:13:12Z",314,281
"2011-02-11T23:30:07Z",315,281
"2011-02-12T00:45:36Z",316,281
"2011-02-12T06:13:12Z",316,282
"2011-02-12T10:50:14Z",317,282
"2011-02-12T19:09:52Z",317,283
"2011-02-12T20:19:15Z",318,283
"2011-02-13T00:14:31Z",319,283
"2011-02-13T04:30:09Z",319,284
"2011-02-13T05:24:38Z",319,285
"2011-02-13T13:23:32Z",319,286
"2011-02-14T00:13:20Z",320,286
"2011-02-14T00:35:40Z",320,287
"2011-02-14T15:13:21Z",321,287
"2011-02-15T01:43:55Z",321,288
"2011-02-15T06:21:42Z",322,288
"2011-02-15T08:59:02Z",322,289
"2011-02-15T12:49:44Z",323,289
"2011-02-15T15:35:48Z",324,289
"2011-02-15T17:19:31Z",324,290
"2011-02-16T00:40:22Z",324,291
"2011-02-16T08:50:14Z",325,291
"2011-02-16T08:52:14Z",326,291
"2011-02-16T16:45:24Z",327,291
"2011-02-16T16:59:01Z",327,292
"2011-02-16T17:49:09Z",327,293
"2011-02-17T06:54:18Z",327,294
"2011-02-17T07:09:26Z",328,294
"2011-02-17T15:05:29Z",329,294
"2011-02-17T15:07:33Z",330,294
"2011-02-17T15:21:16Z",331,294
"2011-02-17T20:16:12Z",331,295
"2011-02-18T23:08:38Z",331,296
"2011-02-21T15:19:15Z",332,296
"2011-02-22T00:12:11Z",332,297
"2011-02-22T00:12:12Z",332,298
"2011-02-22T08:11:43Z",332,299
"2011-02-22T17:22:03Z",333,299
"2011-02-23T00:09:53Z",334,299
"2011-02-23T01:22:29Z",335,299
"2011-02-23T11:58:42Z",336,299
"2011-02-23T11:59:05Z",337,299
"2011-02-23T12:24:03Z",338,299
"2011-02-23T17:14:39Z",338,300
"2011-02-24T00:04:17Z",339,300
"2011-02-24T13:10:41Z",340,300
"2011-02-24T21:59:24Z",341,300
"2011-02-25T13:20:15Z",341,301
"2011-02-25T15:23:50Z",342,301
"2011-02-25T17:40:28Z",342,302
"2011-02-25T18:15:52Z",343,302
"2011-02-26T02:30:27Z",343,303
"2011-02-27T09:01:45Z",344,303
"2011-02-27T13:18:47Z",345,303
"2011-02-27T15:00:34Z",346,303
"2011-02-28T05:31:19Z",346,304
"2011-02-28T16:32:31Z",347,304
"2011-03-01T02:27:05Z",347,305
"2011-03-01T04:34:28Z",347,306
"2011-03-01T04:51:09Z",347,307
"2011-03-01T04:53:01Z",347,308
"2011-03-01T04:55:44Z",347,309
"2011-03-01T05:31:55Z",347,310
"2011-03-01T05:32:57Z",347,311
"2011-03-01T05:33:17Z",347,312
"2011-03-01T05:37:15Z",347,313
"2011-03-01T05:38:57Z",347,314
"2011-03-01T05:42:37Z",347,315
"2011-03-01T05:48:24Z",347,316
"2011-03-01T05:53:54Z",347,317
"2011-03-01T06:11:59Z",347,318
"2011-03-01T06:30:26Z",347,319
"2011-03-01T06:33:13Z",347,320
"2011-03-01T12:39:25Z",347,321
"2011-03-01T13:03:11Z",347,322
"2011-03-01T14:19:04Z",347,323
"2011-03-01T16:25:48Z",348,323
"2011-03-01T18:16:44Z",349,323
"2011-03-01T19:10:37Z",349,324
"2011-03-01T19:20:46Z",350,324
"2011-03-02T03:13:56Z",350,325
"2011-03-02T05:28:12Z",350,326
"2011-03-02T15:41:12Z",351,326
"2011-03-02T17:48:15Z",352,326
"2011-03-03T03:20:22Z",353,326
"2011-03-03T13:30:00Z",354,326
"2011-03-03T19:38:59Z",355,326
"2011-03-03T22:24:35Z",356,326
"2011-03-04T04:36:19Z",356,327
"2011-03-04T10:11:06Z",357,327
"2011-03-05T14:58:55Z",358,327
"2011-03-05T22:51:15Z",359,327
"2011-03-06T00:08:23Z",360,327
"2011-03-06T01:31:08Z",360,328
"2011-03-06T02:23:45Z",360,329
"2011-03-06T04:09:06Z",360,330
"2011-03-06T04:09:20Z",360,331
"2011-03-06T04:09:20Z",360,332
"2011-03-06T04:09:21Z",360,333
"2011-03-06T04:35:13Z",360,334
"2011-03-06T04:53:08Z",360,335
"2011-03-06T05:04:14Z",360,336
"2011-03-06T05:16:02Z",360,337
"2011-03-06T06:12:14Z",360,338
"2011-03-06T06:17:38Z",361,338
"2011-03-06T06:18:58Z",362,338
"2011-03-06T06:31:17Z",362,339
"2011-03-06T12:09:20Z",362,340
"2011-03-06T12:40:15Z",362,341
"2011-03-06T13:55:49Z",363,341
"2011-03-06T15:32:02Z",364,341
"2011-03-07T00:16:12Z",364,342
"2011-03-07T03:06:46Z",365,342
"2011-03-07T06:05:47Z",365,343
"2011-03-07T17:40:49Z",366,343
"2011-03-07T20:17:14Z",367,343
"2011-03-08T08:27:22Z",367,344
"2011-03-09T19:22:32Z",368,344
"2011-03-09T23:43:30Z",369,344
"2011-03-10T01:07:39Z",370,344
"2011-03-10T17:42:42Z",371,344
"2011-03-10T19:16:16Z",372,344
"2011-03-11T23:34:29Z",373,344
"2011-03-13T09:46:42Z",374,344
"2011-03-13T13:05:11Z",375,344
"2011-03-13T14:22:09Z",376,344
"2011-03-13T14:35:30Z",376,345
"2011-03-14T17:12:13Z",377,345
"2011-03-15T02:28:56Z",378,345
"2011-03-15T23:45:00Z",378,346
"2011-03-15T23:49:22Z",378,347
"2011-03-15T23:53:17Z",378,348
"2011-03-15T23:58:31Z",378,349
"2011-03-15T23:59:24Z",378,350
"2011-03-16T00:03:54Z",378,351
"2011-03-16T05:06:06Z",378,352
"2011-03-16T05:06:49Z",378,353
"2011-03-16T09:49:12Z",379,353
"2011-03-16T14:29:31Z",380,353
"2011-03-16T17:36:09Z",380,354
"2011-03-17T03:31:05Z",381,354
"2011-03-17T18:14:22Z",381,355
"2011-03-17T18:47:11Z",381,356
"2011-03-19T00:32:25Z",382,356
"2011-03-19T00:56:10Z",382,357
"2011-03-19T02:16:44Z",383,357
"2011-03-19T17:48:58Z",383,358
"2011-03-19T22:32:19Z",384,358
"2011-03-20T01:04:50Z",385,358
"2011-03-20T01:10:25Z",386,358
"2011-03-21T04:14:18Z",386,359
"2011-03-21T04:16:25Z",386,360
"2011-03-21T04:16:56Z",386,361
"2011-03-21T04:17:31Z",386,362
"2011-03-21T13:55:53Z",387,362
"2011-03-21T17:05:21Z",388,362
"2011-03-21T19:32:27Z",388,363
"2011-03-22T10:46:49Z",389,363
"2011-03-22T10:54:57Z",389,364
"2011-03-22T13:01:40Z",390,364
"2011-03-22T13:51:08Z",390,365
"2011-03-22T13:52:51Z",390,366
"2011-03-22T15:27:00Z",391,366
"2011-03-22T16:27:55Z",392,366
"2011-03-22T23:34:18Z",393,366
"2011-03-23T11:06:31Z",394,366
"2011-03-23T11:13:29Z",395,366
"2011-03-23T16:34:03Z",395,367
"2011-03-23T17:08:35Z",396,367
"2011-03-23T22:39:59Z",397,367
"2011-03-24T11:13:15Z",398,367
"2011-03-24T12:20:56Z",398,368
"2011-03-24T21:12:34Z",399,368
"2011-03-24T21:13:37Z",399,369
"2011-03-24T21:25:47Z",399,370
"2011-03-24T23:14:02Z",399,371
"2011-03-26T03:31:30Z",400,371
"2011-03-26T23:54:50Z",400,372
"2011-03-26T23:55:53Z",400,373
"2011-03-27T01:48:00Z",401,373
"2011-03-27T11:25:32Z",402,373
"2011-03-27T17:34:20Z",402,374
"2011-03-27T19:50:27Z",403,374
"2011-03-28T16:18:21Z",404,374
"2011-03-28T17:46:47Z",405,374
"2011-03-28T18:24:31Z",406,374
"2011-03-28T23:03:59Z",407,374
"2011-03-28T23:22:21Z",407,375
"2011-03-28T23:34:26Z",407,376
"2011-03-29T11:46:54Z",408,376
"2011-03-29T14:53:58Z",408,377
"2011-03-29T19:02:34Z",409,377
"2011-03-29T19:14:47Z",409,378
"2011-03-29T19:18:05Z",410,378
"2011-03-29T20:44:17Z",410,379
"2011-03-30T00:58:13Z",411,379
"2011-03-30T15:22:07Z",411,380
"2011-03-30T17:47:20Z",411,381
"2011-03-30T19:03:25Z",412,381
"2011-03-30T19:14:01Z",412,382
"2011-03-30T21:53:54Z",413,382
"2011-03-31T03:10:07Z",414,382
"2011-03-31T14:17:24Z",415,382
"2011-03-31T14:37:35Z",415,383
"2011-04-01T06:03:32Z",416,383
"2011-04-01T06:28:55Z",416,384
"2011-04-01T13:53:27Z",417,384
"2011-04-03T03:31:35Z",418,384
"2011-04-03T17:14:39Z",418,385
"2011-04-03T18:20:50Z",418,386
"2011-04-04T08:26:26Z",419,386
"2011-04-04T13:47:10Z",419,387
"2011-04-05T13:22:14Z",420,387
"2011-04-06T17:54:31Z",421,387
"2011-04-07T19:16:48Z",422,387
"2011-04-07T19:18:26Z",422,388
"2011-04-07T20:29:31Z",423,388
"2011-04-07T20:38:43Z",423,389
"2011-04-08T06:26:30Z",423,390
"2011-04-08T15:11:27Z",424,390
"2011-04-08T18:49:59Z",425,390
"2011-04-08T21:20:34Z",425,391
"2011-04-08T21:24:31Z",426,391
"2011-04-09T09:02:39Z",427,391
"2011-04-09T16:12:13Z",427,392
"2011-04-09T18:29:12Z",427,393
"2011-04-10T20:24:02Z",428,393
"2011-04-11T04:53:22Z",428,394
"2011-04-11T13:35:26Z",429,394
"2011-04-11T14:28:40Z",430,394
"2011-04-11T15:29:26Z",431,394
"2011-04-11T17:35:18Z",432,394
"2011-04-12T07:47:06Z",433,394
"2011-04-12T10:31:06Z",434,394
"2011-04-12T10:37:42Z",435,394
"2011-04-12T10:38:37Z",435,395
"2011-04-12T20:09:07Z",436,395
"2011-04-13T10:20:24Z",437,395
"2011-04-13T22:13:43Z",438,395
"2011-04-13T22:46:27Z",438,396
"2011-04-14T05:38:12Z",438,397
"2011-04-14T16:56:58Z",438,398
"2011-04-14T17:15:09Z",438,399
"2011-04-14T18:54:02Z",439,399
"2011-04-14T19:40:26Z",440,399
"2011-04-14T23:53:14Z",441,399
"2011-04-15T04:33:14Z",441,400
"2011-04-15T20:53:05Z",442,400
"2011-04-15T22:06:37Z",443,400
"2011-04-16T06:55:33Z",443,401
"2011-04-16T16:35:50Z",443,402
"2011-04-17T00:31:02Z",444,402
"2011-04-17T03:52:07Z",445,402
"2011-04-17T16:44:43Z",445,403
"2011-04-17T19:05:12Z",446,403
"2011-04-18T03:43:46Z",447,403
"2011-04-18T15:04:27Z",448,403
"2011-04-18T18:28:43Z",449,403
"2011-04-18T21:40:42Z",450,403
"2011-04-18T21:54:16Z",451,403
"2011-04-19T20:09:10Z",452,403
"2011-04-19T21:14:24Z",453,403
"2011-04-20T12:40:17Z",454,403
"2011-04-20T15:46:24Z",455,403
"2011-04-20T17:02:45Z",455,404
"2011-04-20T17:50:22Z",455,405
"2011-04-21T13:28:18Z",456,405
"2011-04-21T22:10:23Z",457,405
"2011-04-22T14:28:59Z",458,405
"2011-04-23T11:53:06Z",459,405
"2011-04-25T01:36:12Z",460,405
"2011-04-25T01:43:45Z",460,406
"2011-04-25T01:47:02Z",460,407
"2011-04-26T00:15:43Z",461,407
"2011-04-26T00:24:17Z",461,408
"2011-04-26T01:36:59Z",462,408
"2011-04-26T02:44:12Z",463,408
"2011-04-26T04:53:53Z",463,409
"2011-04-26T16:39:17Z",463,410
"2011-04-26T17:18:40Z",464,410
"2011-04-26T19:31:41Z",465,410
"2011-04-26T19:34:07Z",465,411
"2011-04-27T02:21:04Z",466,411
"2011-04-28T17:48:54Z",467,411
"2011-04-28T18:24:32Z",468,411
"2011-04-28T18:49:36Z",468,412
"2011-04-29T08:56:49Z",469,412
"2011-04-29T23:00:57Z",469,413
"2011-04-30T12:18:59Z",470,413
"2011-05-02T00:26:02Z",471,413
"2011-05-03T11:31:49Z",472,413
"2011-05-04T09:15:17Z",473,413
"2011-05-04T15:38:24Z",474,413
"2011-05-04T15:38:59Z",474,414
"2011-05-04T15:42:35Z",475,414
"2011-05-04T19:08:33Z",475,415
"2011-05-04T19:51:33Z",476,415
"2011-05-04T19:52:24Z",476,416
"2011-05-05T02:39:21Z",476,417
"2011-05-05T03:19:27Z",476,418
"2011-05-05T04:05:17Z",476,419
"2011-05-05T04:34:55Z",477,419
"2011-05-05T04:35:04Z",477,420
"2011-05-05T05:59:29Z",477,421
"2011-05-05T07:15:27Z",477,422
"2011-05-05T17:36:25Z",477,423
"2011-05-05T17:46:21Z",477,424
"2011-05-05T19:05:54Z",477,425
"2011-05-05T22:26:51Z",478,425
"2011-05-05T22:32:30Z",478,426
"2011-05-05T22:33:38Z",479,426
"2011-05-05T22:36:59Z",479,427
"2011-05-06T05:11:46Z",480,427
"2011-05-06T16:42:18Z",480,428
"2011-05-06T17:59:25Z",481,428
"2011-05-06T22:16:00Z",482,428
"2011-05-07T16:47:58Z",483,428
"2011-05-07T21:46:29Z",484,428
"2011-05-08T04:10:55Z",485,428
"2011-05-08T06:42:49Z",485,429
"2011-05-08T15:55:42Z",485,430
"2011-05-08T18:28:06Z",485,431
"2011-05-09T00:50:36Z",486,431
"2011-05-09T08:05:20Z",486,432
"2011-05-09T09:46:52Z",487,432
"2011-05-10T16:29:31Z",487,433
"2011-05-10T16:45:21Z",488,433
"2011-05-10T16:54:13Z",488,434
"2011-05-10T16:54:37Z",488,435
"2011-05-11T02:54:24Z",489,435
"2011-05-11T14:13:32Z",489,436
"2011-05-11T14:30:18Z",489,437
"2011-05-12T06:06:57Z",489,438
"2011-05-12T07:53:05Z",490,438
"2011-05-12T16:58:39Z",491,438
"2011-05-12T17:15:16Z",492,438
"2011-05-12T21:52:37Z",493,438
"2011-05-13T11:59:58Z",493,439
"2011-05-13T14:31:52Z",493,440
"2011-05-14T12:57:20Z",494,440
"2011-05-14T23:47:46Z",495,440
"2011-05-15T11:32:25Z",496,440
"2011-05-15T15:30:13Z",497,440
"2011-05-15T17:41:26Z",497,441
"2011-05-15T17:59:42Z",497,442
"2011-05-15T19:43:12Z",497,443
"2011-05-16T17:10:57Z",498,443
"2011-05-16T17:31:40Z",498,444
"2011-05-16T20:39:25Z",499,444
"2011-05-16T21:04:24Z",499,445
"2011-05-17T11:15:44Z",500,445
"2011-05-17T12:26:05Z",500,446
"2011-05-17T16:06:21Z",501,446
"2011-05-17T16:17:44Z",501,447
"2011-05-17T16:21:15Z",502,447
"2011-05-17T16:21:45Z",502,448
"2011-05-18T09:50:20Z",503,448
"2011-05-18T18:56:12Z",504,448
"2011-05-18T19:13:27Z",504,449
"2011-05-19T05:45:32Z",505,449
"2011-05-19T05:53:24Z",505,450
"2011-05-19T06:34:46Z",506,450
"2011-05-19T15:53:41Z",507,450
"2011-05-19T16:04:26Z",508,450
"2011-05-19T16:51:53Z",508,451
"2011-05-19T17:53:23Z",508,452
"2011-05-19T20:49:01Z",509,452
"2011-05-19T21:03:17Z",509,453
"2011-05-20T01:04:29Z",510,453
"2011-05-20T09:45:10Z",511,453
"2011-05-20T11:48:51Z",512,453
"2011-05-20T11:57:22Z",512,454
"2011-05-20T12:49:20Z",512,455
"2011-05-20T13:11:14Z",513,455
"2011-05-20T13:12:04Z",513,456
"2011-05-20T21:13:31Z",513,457
"2011-05-21T07:05:51Z",513,458
"2011-05-21T13:19:52Z",514,458
"2011-05-21T13:24:01Z",514,459
"2011-05-21T18:34:01Z",515,459
"2011-05-22T08:56:24Z",515,460
"2011-05-22T09:32:18Z",516,460
"2011-05-22T11:19:19Z",517,460
"2011-05-24T19:54:15Z",517,461
"2011-05-24T21:14:11Z",518,461
"2011-05-25T18:59:01Z",519,461
"2011-05-25T19:05:08Z",519,462
"2011-05-25T22:10:28Z",519,463
"2011-05-25T22:14:15Z",519,464
"2011-05-25T22:16:00Z",519,465
"2011-05-26T08:47:25Z",520,465
"2011-05-26T08:51:22Z",520,466
"2011-05-26T18:36:59Z",521,466
"2011-05-26T18:41:53Z",521,467
"2011-05-27T01:49:28Z",522,467
"2011-05-27T05:38:59Z",522,468
"2011-05-27T06:00:11Z",522,469
"2011-05-27T06:02:28Z",522,470
"2011-05-27T10:21:37Z",523,470
"2011-05-27T15:56:24Z",523,471
"2011-05-28T05:10:01Z",524,471
"2011-05-28T09:06:08Z",524,472
"2011-05-28T18:12:09Z",525,472
"2011-05-28T20:08:06Z",526,472
"2011-05-29T00:16:39Z",527,472
"2011-05-29T15:12:12Z",528,472
"2011-05-30T00:03:21Z",529,472
"2011-05-30T15:10:32Z",530,472
"2011-05-30T15:46:38Z",530,473
"2011-05-30T21:36:13Z",530,474
"2011-05-30T21:51:14Z",531,474
"2011-05-30T21:55:48Z",532,474
"2011-05-31T09:55:54Z",533,474
"2011-05-31T14:46:55Z",534,474
"2011-05-31T14:59:31Z",534,475
"2011-05-31T23:17:15Z",535,475
"2011-06-01T03:57:33Z",535,476
"2011-06-01T16:46:12Z",535,477
"2011-06-01T18:59:44Z",536,477
"2011-06-02T08:32:49Z",537,477
"2011-06-02T08:39:33Z",537,478
"2011-06-02T10:13:00Z",538,478
"2011-06-02T10:17:24Z",538,479
"2011-06-02T17:50:31Z",538,480
"2011-06-03T08:35:12Z",538,481
"2011-06-03T15:43:21Z",539,481
"2011-06-05T07:23:56Z",540,481
"2011-06-05T07:39:14Z",541,481
"2011-06-05T07:41:28Z",541,482
"2011-06-05T07:42:11Z",541,483
"2011-06-06T17:15:33Z",541,484
"2011-06-06T17:40:44Z",542,484
"2011-06-07T08:14:55Z",543,484
"2011-06-07T08:15:51Z",543,485
"2011-06-07T08:15:56Z",543,486
"2011-06-07T08:16:00Z",543,487
"2011-06-07T12:52:39Z",544,487
"2011-06-07T22:17:18Z",544,488
"2011-06-08T10:34:31Z",545,488
"2011-06-08T11:13:45Z",545,489
"2011-06-08T21:35:38Z",546,489
"2011-06-10T09:13:45Z",547,489
"2011-06-10T13:12:25Z",548,489
"2011-06-11T09:55:51Z",549,489
"2011-06-11T09:57:05Z",549,490
"2011-06-11T16:13:42Z",550,490
"2011-06-11T16:25:59Z",550,491
"2011-06-12T06:34:40Z",551,491
"2011-06-12T10:11:10Z",551,492
"2011-06-13T19:06:21Z",552,492
"2011-06-14T15:27:03Z",553,492
"2011-06-14T15:31:07Z",553,493
"2011-06-14T16:40:06Z",553,494
"2011-06-14T16:55:20Z",554,494
"2011-06-14T17:49:32Z",555,494
"2011-06-14T19:54:49Z",556,494
"2011-06-14T21:10:07Z",556,495
"2011-06-15T08:20:47Z",556,496
"2011-06-15T20:08:58Z",556,497
"2011-06-16T14:02:45Z",557,497
"2011-06-16T14:09:18Z",557,498
"2011-06-17T00:33:21Z",558,498
"2011-06-17T03:20:54Z",559,498
"2011-06-17T04:45:17Z",559,499
"2011-06-17T23:45:09Z",560,499
"2011-06-18T16:00:53Z",560,500
"2011-06-19T12:27:01Z",561,500
"2011-06-20T00:13:01Z",561,501
"2011-06-20T16:53:06Z",562,501
"2011-06-20T16:58:42Z",562,502
"2011-06-20T18:21:45Z",562,503
"2011-06-20T22:38:12Z",562,504
"2011-06-20T23:38:23Z",562,505
"2011-06-20T23:38:23Z",562,506
"2011-06-20T23:38:23Z",562,507
"2011-06-20T23:38:23Z",562,508
"2011-06-20T23:58:43Z",563,508
"2011-06-21T11:00:09Z",563,509
"2011-06-21T13:10:51Z",563,510
"2011-06-22T22:23:48Z",564,510
"2011-06-23T15:07:23Z",564,511
"2011-06-23T15:11:09Z",564,512
"2011-06-23T16:20:49Z",564,513
"2011-06-24T00:23:49Z",565,513
"2011-06-24T00:48:06Z",566,513
"2011-06-24T00:48:31Z",566,514
"2011-06-24T04:09:25Z",566,515
"2011-06-24T04:15:25Z",566,516
"2011-06-24T05:11:59Z",567,516
"2011-06-24T05:17:18Z",567,517
"2011-06-24T05:39:53Z",567,518
"2011-06-24T16:18:35Z",568,518
"2011-06-24T16:30:41Z",568,519
"2011-06-24T16:35:52Z",568,520
"2011-06-24T19:00:32Z",568,521
"2011-06-24T22:40:30Z",569,521
"2011-06-25T00:45:05Z",570,521
"2011-06-25T19:12:36Z",571,521
"2011-06-25T19:28:32Z",571,522
"2011-06-26T04:54:57Z",572,522
"2011-06-26T09:57:48Z",573,522
"2011-06-26T15:52:57Z",574,522
"2011-06-26T16:43:17Z",574,523
"2011-06-26T16:59:29Z",574,524
"2011-06-27T02:57:24Z",575,524
"2011-06-27T02:57:40Z",575,525
"2011-06-27T15:57:11Z",576,525
"2011-06-28T03:01:10Z",576,526
"2011-06-28T13:33:15Z",577,526
"2011-06-28T15:07:01Z",578,526
"2011-06-28T23:40:09Z",579,526
"2011-06-28T23:44:40Z",579,527
"2011-06-29T00:25:47Z",579,528
"2011-06-29T00:25:48Z",579,529
"2011-06-29T03:30:06Z",579,530
"2011-06-29T03:47:51Z",579,531
"2011-06-29T03:55:27Z",579,532
"2011-06-29T05:36:36Z",579,533
"2011-06-29T05:48:07Z",579,534
"2011-06-29T05:49:23Z",579,535
"2011-06-29T05:51:19Z",579,536
"2011-06-29T06:11:12Z",579,537
"2011-06-29T08:14:10Z",579,538
"2011-06-29T11:02:20Z",580,538
"2011-06-29T13:18:31Z",580,539
"2011-06-29T16:51:08Z",581,539
"2011-06-29T17:13:46Z",582,539
"2011-06-29T19:59:42Z",583,539
"2011-06-29T20:03:45Z",583,540
"2011-06-29T20:04:46Z",583,541
"2011-06-29T22:42:41Z",584,541
"2011-06-29T22:56:13Z",584,542
"2011-06-30T10:29:54Z",584,543
"2011-06-30T12:56:42Z",584,544
"2011-06-30T16:19:22Z",585,544
"2011-07-01T16:13:48Z",585,545
"2011-07-03T17:07:59Z",586,545
"2011-07-04T01:36:01Z",586,546
"2011-07-04T01:37:39Z",586,547
"2011-07-04T01:52:37Z",586,548
"2011-07-04T02:04:50Z",586,549
"2011-07-04T02:06:40Z",586,550
"2011-07-04T07:49:55Z",586,551
"2011-07-04T08:42:58Z",586,552
"2011-07-04T08:58:36Z",586,553
"2011-07-04T09:01:11Z",586,554
"2011-07-04T14:07:14Z",587,554
"2011-07-04T14:55:02Z",587,555
"2011-07-04T14:56:26Z",587,556
"2011-07-04T20:56:51Z",587,557
"2011-07-04T23:49:48Z",588,557
"2011-07-05T00:15:27Z",588,558
"2011-07-05T14:28:21Z",588,559
"2011-07-06T06:23:29Z",589,559
"2011-07-06T11:16:38Z",590,559
"2011-07-06T11:17:30Z",590,560
"2011-07-06T13:20:28Z",590,561
"2011-07-06T13:20:29Z",590,562
"2011-07-07T08:12:46Z",591,562
"2011-07-07T09:02:33Z",591,563
"2011-07-07T15:17:48Z",592,563
"2011-07-09T18:56:03Z",593,563
"2011-07-11T18:08:21Z",594,563
"2011-07-11T18:18:53Z",594,564
"2011-07-12T12:02:37Z",594,565
"2011-07-12T16:39:00Z",595,565
"2011-07-12T17:09:10Z",595,566
"2011-07-13T10:57:09Z",596,566
"2011-07-13T11:19:45Z",596,567
"2011-07-13T13:24:58Z",596,568
"2011-07-13T23:11:25Z",597,568
"2011-07-13T23:38:17Z",597,569
"2011-07-14T00:46:31Z",598,569
"2011-07-14T05:55:13Z",598,570
"2011-07-14T12:14:34Z",599,570
"2011-07-14T13:19:05Z",600,570
"2011-07-14T14:13:07Z",600,571
"2011-07-16T10:50:29Z",601,571
"2011-07-16T22:24:08Z",602,571
"2011-07-17T12:52:50Z",603,571
"2011-07-17T17:46:52Z",603,572
"2011-07-19T11:27:56Z",604,572
"2011-07-19T19:55:00Z",605,572
"2011-07-20T06:15:56Z",606,572
"2011-07-20T06:16:46Z",606,573
"2011-07-20T06:58:21Z",607,573
"2011-07-20T09:03:51Z",607,574
"2011-07-20T09:25:14Z",608,574
"2011-07-20T13:27:59Z",608,575
"2011-07-20T22:46:58Z",609,575
"2011-07-21T20:42:58Z",609,576
"2011-07-22T01:53:42Z",610,576
"2011-07-22T04:30:59Z",611,576
"2011-07-22T09:30:51Z",612,576
"2011-07-22T10:10:23Z",612,577
"2011-07-22T17:01:29Z",612,578
"2011-07-22T17:09:59Z",612,579
"2011-07-22T17:29:01Z",613,579
"2011-07-22T17:56:05Z",613,580
"2011-07-23T04:51:31Z",614,580
"2011-07-23T17:07:24Z",615,580
"2011-07-23T21:03:55Z",616,580
"2011-07-23T22:40:37Z",617,580
"2011-07-24T01:13:47Z",618,580
"2011-07-24T01:14:46Z",619,580
"2011-07-24T02:40:55Z",619,581
"2011-07-24T02:44:07Z",619,582
"2011-07-24T05:28:15Z",619,583
"2011-07-24T05:29:32Z",619,584
"2011-07-24T11:18:16Z",620,584
"2011-07-24T13:01:53Z",620,585
"2011-07-24T15:46:56Z",621,585
"2011-07-24T22:31:52Z",621,586
"2011-07-25T00:52:28Z",622,586
"2011-07-26T04:54:39Z",623,586
"2011-07-26T09:39:40Z",624,586
"2011-07-26T09:45:20Z",624,587
"2011-07-26T14:07:03Z",624,588
"2011-07-27T13:51:02Z",625,588
"2011-07-27T14:45:53Z",626,588
"2011-07-27T16:55:41Z",626,589
"2011-07-27T17:26:43Z",627,589
"2011-07-27T17:48:35Z",627,590
"2011-07-28T00:09:11Z",628,590
"2011-07-28T01:29:29Z",628,591
"2011-07-28T11:49:40Z",629,591
"2011-07-28T13:12:29Z",630,591
"2011-07-28T19:53:15Z",631,591
"2011-07-28T19:54:00Z",631,592
"2011-07-29T10:20:26Z",631,593
"2011-07-29T13:37:27Z",631,594
"2011-07-31T00:08:21Z",631,595
"2011-07-31T00:17:29Z",631,596
"2011-07-31T00:19:04Z",631,597
"2011-07-31T00:36:27Z",631,598
"2011-07-31T00:55:17Z",631,599
"2011-07-31T01:00:51Z",631,600
"2011-07-31T01:17:13Z",631,601
"2011-07-31T02:22:59Z",631,602
"2011-07-31T02:41:06Z",631,603
"2011-07-31T03:11:50Z",631,604
"2011-07-31T06:00:16Z",632,604
"2011-07-31T06:03:32Z",633,604
"2011-07-31T09:38:42Z",633,605
"2011-07-31T10:32:33Z",634,605
"2011-07-31T14:28:42Z",635,605
"2011-07-31T15:28:26Z",635,606
"2011-07-31T19:06:34Z",635,607
"2011-07-31T23:53:09Z",636,607
"2011-08-01T01:49:21Z",636,608
"2011-08-01T01:50:31Z",636,609
"2011-08-01T20:53:20Z",637,609
"2011-08-01T21:24:43Z",637,610
"2011-08-01T21:40:18Z",637,611
"2011-08-01T21:41:21Z",638,611
"2011-08-01T22:03:28Z",638,612
"2011-08-02T05:49:26Z",638,613
"2011-08-02T06:23:59Z",639,613
"2011-08-02T18:11:52Z",640,613
"2011-08-03T00:53:46Z",640,614
"2011-08-03T09:48:40Z",640,615
"2011-08-03T15:24:39Z",640,616
"2011-08-03T18:57:14Z",640,617
"2011-08-03T23:15:11Z",641,617
"2011-08-03T23:21:16Z",641,618
"2011-08-04T15:54:56Z",642,618
"2011-08-04T16:24:29Z",643,618
"2011-08-04T20:06:04Z",644,618
"2011-08-05T11:04:19Z",645,618
"2011-08-05T11:49:53Z",646,618
"2011-08-05T15:51:39Z",647,618
"2011-08-05T15:59:18Z",647,619
"2011-08-05T16:20:38Z",647,620
"2011-08-05T16:27:07Z",647,621
"2011-08-05T19:40:36Z",648,621
"2011-08-05T20:16:12Z",648,622
"2011-08-06T23:32:52Z",649,622
"2011-08-07T20:35:14Z",650,622
"2011-08-08T00:11:06Z",651,622
"2011-08-08T00:58:30Z",652,622
"2011-08-08T01:28:58Z",652,623
"2011-08-08T14:47:26Z",653,623
"2011-08-08T15:34:37Z",653,624
"2011-08-09T05:50:02Z",653,625
"2011-08-09T05:52:06Z",653,626
"2011-08-09T06:03:21Z",653,627
"2011-08-09T06:04:25Z",653,628
"2011-08-09T06:04:59Z",653,629
"2011-08-09T06:09:17Z",653,630
"2011-08-09T06:11:20Z",653,631
"2011-08-09T06:12:35Z",653,632
"2011-08-09T06:14:57Z",653,633
"2011-08-09T06:17:57Z",653,634
"2011-08-09T06:20:45Z",653,635
"2011-08-09T06:22:36Z",654,635
"2011-08-09T06:22:40Z",654,636
"2011-08-09T06:31:28Z",654,637
"2011-08-09T06:56:43Z",655,637
"2011-08-09T11:14:28Z",655,638
"2011-08-09T12:42:58Z",656,638
"2011-08-09T12:46:34Z",656,639
"2011-08-09T15:05:16Z",657,639
"2011-08-09T15:24:46Z",657,640
"2011-08-09T17:12:05Z",658,640
"2011-08-09T17:25:25Z",658,641
"2011-08-09T18:06:25Z",658,642
"2011-08-09T18:44:40Z",659,642
"2011-08-09T19:46:16Z",659,643
"2011-08-09T23:49:07Z",659,644
"2011-08-09T23:52:08Z",659,645
"2011-08-09T23:53:22Z",659,646
"2011-08-10T06:25:31Z",659,647
"2011-08-10T08:43:52Z",660,647
"2011-08-10T10:37:57Z",661,647
"2011-08-10T18:32:49Z",662,647
"2011-08-10T19:12:37Z",663,647
"2011-08-10T19:17:32Z",663,648
"2011-08-10T19:22:49Z",664,648
"2011-08-10T19:36:03Z",664,649
"2011-08-10T22:31:48Z",665,649
"2011-08-10T22:32:45Z",665,650
"2011-08-11T00:13:49Z",666,650
"2011-08-11T06:48:47Z",667,650
"2011-08-11T08:10:34Z",668,650
"2011-08-11T08:20:08Z",669,650
"2011-08-11T08:57:10Z",669,651
"2011-08-11T09:16:28Z",670,651
"2011-08-11T09:23:25Z",670,652
"2011-08-11T09:41:42Z",670,653
"2011-08-11T09:42:36Z",670,654
"2011-08-11T09:52:13Z",671,654
"2011-08-11T10:31:25Z",672,654
"2011-08-11T10:35:09Z",672,655
"2011-08-11T12:25:45Z",673,655
"2011-08-12T02:58:21Z",674,655
"2011-08-12T12:21:28Z",674,656
"2011-08-12T15:41:40Z",675,656
"2011-08-12T15:53:05Z",675,657
"2011-08-13T03:21:04Z",675,658
"2011-08-13T14:28:48Z",676,658
"2011-08-13T17:12:25Z",677,658
"2011-08-13T19:10:31Z",678,658
"2011-08-14T08:04:33Z",678,659
"2011-08-14T18:25:49Z",678,660
"2011-08-14T19:21:53Z",679,660
"2011-08-14T20:17:50Z",680,660
"2011-08-14T20:20:59Z",681,660
"2011-08-15T09:05:57Z",682,660
"2011-08-15T09:16:46Z",683,660
"2011-08-15T12:32:43Z",684,660
"2011-08-15T12:55:59Z",684,661
"2011-08-15T14:43:23Z",685,661
"2011-08-15T15:40:07Z",686,661
"2011-08-15T16:42:11Z",686,662
"2011-08-15T17:33:14Z",687,662
"2011-08-15T17:39:30Z",687,663
"2011-08-15T17:41:14Z",687,664
"2011-08-15T17:47:43Z",687,665
"2011-08-15T18:35:19Z",688,665
"2011-08-15T22:03:02Z",689,665
"2011-08-16T12:17:46Z",690,665
"2011-08-16T18:15:11Z",691,665
"2011-08-16T19:22:21Z",691,666
"2011-08-17T08:48:09Z",692,666
"2011-08-17T10:42:29Z",692,667
"2011-08-17T12:09:25Z",693,667
"2011-08-17T13:47:35Z",694,667
"2011-08-17T14:21:39Z",695,667
"2011-08-17T16:27:16Z",695,668
"2011-08-17T16:44:35Z",696,668
"2011-08-17T18:06:12Z",697,668
"2011-08-17T18:13:34Z",697,669
"2011-08-17T21:26:01Z",698,669
"2011-08-17T22:49:23Z",699,669
"2011-08-17T23:16:27Z",699,670
"2011-08-17T23:34:17Z",700,670
"2011-08-17T23:41:58Z",700,671
"2011-08-18T01:48:50Z",700,672
"2011-08-18T15:51:20Z",701,672
"2011-08-18T19:08:07Z",702,672
"2011-08-18T21:29:54Z",703,672
"2011-08-18T22:05:08Z",704,672
"2011-08-19T09:05:40Z",705,672
"2011-08-19T12:17:07Z",705,673
"2011-08-19T13:12:39Z",705,674
"2011-08-19T14:58:01Z",705,675
"2011-08-19T17:38:30Z",706,675
"2011-08-19T20:04:00Z",706,676
"2011-08-21T01:42:46Z",706,677
"2011-08-21T03:02:06Z",706,678
"2011-08-21T03:05:33Z",706,679
"2011-08-21T03:09:06Z",706,680
"2011-08-21T05:03:43Z",706,681
"2011-08-21T05:15:47Z",706,682
"2011-08-21T16:20:49Z",706,683
"2011-08-21T17:26:19Z",706,684
"2011-08-21T17:40:41Z",706,685
"2011-08-21T17:43:11Z",706,686
"2011-08-22T07:11:16Z",707,686
"2011-08-22T18:03:51Z",707,687
"2011-08-22T19:17:59Z",708,687
"2011-08-22T19:25:14Z",709,687
"2011-08-22T20:16:04Z",710,687
"2011-08-22T20:24:38Z",710,688
"2011-08-22T20:31:21Z",710,689
"2011-08-22T23:50:07Z",711,689
"2011-08-23T01:28:46Z",711,690
"2011-08-23T01:32:31Z",712,690
"2011-08-23T16:00:14Z",713,690
"2011-08-24T12:13:11Z",714,690
"2011-08-24T12:31:53Z",715,690
"2011-08-24T12:44:18Z",715,691
"2011-08-24T14:22:30Z",716,691
"2011-08-24T16:32:19Z",716,692
"2011-08-24T22:34:05Z",717,692
"2011-08-24T22:49:45Z",717,693
"2011-08-25T01:09:21Z",718,693
"2011-08-25T03:05:17Z",719,693
"2011-08-25T04:08:06Z",719,694
"2011-08-25T20:52:40Z",720,694
"2011-08-25T20:58:27Z",720,695
"2011-08-26T04:13:09Z",720,696
"2011-08-26T12:10:33Z",721,696
"2011-08-26T15:04:32Z",721,697
"2011-08-27T11:53:33Z",722,697
"2011-08-27T15:11:39Z",723,697
"2011-08-27T16:02:55Z",724,697
"2011-08-28T10:35:39Z",724,698
"2011-08-29T08:52:48Z",725,698
"2011-08-29T20:04:04Z",726,698
"2011-08-29T20:05:23Z",726,699
"2011-08-29T21:04:55Z",726,700
"2011-08-31T05:43:31Z",726,701
"2011-08-31T20:34:00Z",726,702
"2011-08-31T21:48:19Z",727,702
"2011-09-01T05:57:53Z",728,702
"2011-09-01T13:18:52Z",729,702
"2011-09-01T16:14:36Z",729,703
"2011-09-01T20:12:17Z",730,703
"2011-09-01T23:37:39Z",731,703
"2011-09-02T03:47:00Z",731,704
"2011-09-03T11:54:26Z",731,705
"2011-09-03T13:15:15Z",732,705
"2011-09-03T13:46:29Z",732,706
"2011-09-04T22:52:13Z",732,707
"2011-09-05T14:02:04Z",732,708
"2011-09-05T14:02:49Z",732,709
"2011-09-05T14:39:48Z",733,709
"2011-09-06T06:21:07Z",733,710
"2011-09-06T15:04:25Z",734,710
"2011-09-06T15:43:16Z",734,711
"2011-09-06T17:01:44Z",735,711
"2011-09-06T21:05:10Z",735,712
"2011-09-06T21:45:38Z",736,712
"2011-09-06T21:49:44Z",736,713
"2011-09-07T21:46:21Z",737,713
"2011-09-07T21:47:15Z",738,713
"2011-09-07T21:47:49Z",739,713
"2011-09-07T21:52:02Z",739,714
"2011-09-07T22:57:55Z",739,715
"2011-09-09T19:32:14Z",740,715
"2011-09-10T15:00:51Z",741,715
"2011-09-10T21:53:05Z",742,715
"2011-09-10T22:51:34Z",742,716
"2011-09-11T04:41:39Z",743,716
"2011-09-12T08:43:00Z",743,717
"2011-09-12T10:03:18Z",744,717
"2011-09-12T12:23:30Z",745,717
"2011-09-12T17:37:15Z",746,717
"2011-09-13T10:36:10Z",747,717
"2011-09-13T11:04:36Z",747,718
"2011-09-13T11:07:19Z",748,718
"2011-09-13T14:00:32Z",749,718
"2011-09-13T15:09:24Z",750,718
"2011-09-13T16:21:36Z",750,719
"2011-09-13T20:24:31Z",750,720
"2011-09-13T20:38:43Z",750,721
"2011-09-13T20:48:08Z",750,722
"2011-09-13T23:26:01Z",751,722
"2011-09-13T23:32:35Z",751,723
"2011-09-14T08:59:17Z",751,724
"2011-09-14T09:05:34Z",752,724
"2011-09-14T09:17:50Z",753,724
"2011-09-14T11:06:12Z",753,725
"2011-09-14T11:09:04Z",753,726
"2011-09-14T13:45:11Z",753,727
"2011-09-14T16:54:35Z",754,727
"2011-09-15T00:24:10Z",755,727
"2011-09-16T00:35:35Z",755,728
"2011-09-16T00:58:24Z",756,728
"2011-09-16T07:52:55Z",757,728
"2011-09-17T00:39:35Z",757,729
"2011-09-17T00:41:37Z",757,730
"2011-09-17T02:26:19Z",758,730
"2011-09-17T07:36:55Z",759,730
"2011-09-17T07:59:47Z",759,731
"2011-09-17T09:16:37Z",760,731
"2011-09-17T09:17:41Z",760,732
"2011-09-17T14:20:19Z",761,732
"2011-09-18T07:22:28Z",762,732
"2011-09-18T09:47:33Z",763,732
"2011-09-18T11:32:19Z",764,732
"2011-09-18T13:58:17Z",764,733
"2011-09-18T13:59:28Z",764,734
"2011-09-18T14:02:47Z",764,735
"2011-09-18T22:52:43Z",764,736
"2011-09-19T02:21:38Z",765,736
"2011-09-19T06:42:59Z",766,736
"2011-09-19T06:55:33Z",767,736
"2011-09-19T09:27:36Z",767,737
"2011-09-19T09:27:40Z",767,738
"2011-09-19T09:51:56Z",768,738
"2011-09-19T18:38:34Z",769,738
"2011-09-19T20:48:19Z",769,739
"2011-09-19T20:48:59Z",769,740
"2011-09-20T08:10:16Z",769,741
"2011-09-20T09:59:11Z",770,741
"2011-09-20T09:59:53Z",771,741
"2011-09-20T11:50:48Z",771,742
"2011-09-20T21:30:55Z",772,742
"2011-09-21T11:09:13Z",773,742
"2011-09-21T11:17:22Z",773,743
"2011-09-21T14:36:16Z",774,743
"2011-09-21T14:37:54Z",775,743
"2011-09-21T14:38:25Z",775,744
"2011-09-21T16:22:12Z",776,744
"2011-09-21T17:37:29Z",777,744
"2011-09-21T22:03:58Z",777,745
"2011-09-22T04:06:44Z",778,745
"2011-09-22T04:10:10Z",779,745
"2011-09-22T06:13:21Z",779,746
"2011-09-22T06:52:17Z",780,746
"2011-09-22T06:52:47Z",780,747
"2011-09-22T07:08:41Z",780,748
"2011-09-22T19:20:56Z",781,748
"2011-09-23T21:19:28Z",782,748
"2011-09-23T23:12:05Z",782,749
"2011-09-26T09:43:53Z",783,749
"2011-09-26T09:48:18Z",784,749
"2011-09-27T13:44:27Z",784,750
"2011-09-27T16:38:27Z",785,750
"2011-09-29T07:15:55Z",786,750
"2011-09-29T15:22:28Z",786,751
"2011-09-29T20:45:35Z",787,751
"2011-09-30T15:37:21Z",788,751
"2011-10-01T21:26:39Z",789,751
"2011-10-01T22:41:45Z",789,752
"2011-10-05T08:07:59Z",790,752
"2011-10-06T00:19:37Z",791,752
"2011-10-06T12:59:16Z",791,753
"2011-10-06T13:07:54Z",791,754
"2011-10-07T10:23:36Z",792,754
"2011-10-07T16:53:09Z",793,754
"2011-10-07T17:22:41Z",793,755
"2011-10-08T10:54:18Z",794,755
"2011-10-08T15:11:19Z",795,755
"2011-10-08T18:48:47Z",796,755
"2011-10-09T20:40:09Z",796,756
"2011-10-09T22:17:28Z",797,756
"2011-10-09T22:33:07Z",797,757
"2011-10-10T06:37:41Z",797,758
"2011-10-10T06:51:07Z",797,759
"2011-10-10T06:54:53Z",797,760
"2011-10-10T06:56:25Z",797,761
"2011-10-10T07:20:36Z",797,762
"2011-10-10T10:24:54Z",797,763
"2011-10-10T11:21:40Z",797,764
"2011-10-10T17:03:44Z",797,765
"2011-10-10T20:14:31Z",798,765
"2011-10-11T00:43:43Z",799,765
"2011-10-11T04:41:53Z",799,766
"2011-10-11T05:20:39Z",800,766
"2011-10-11T05:25:09Z",800,767
"2011-10-11T17:24:12Z",801,767
"2011-10-11T22:17:05Z",802,767
"2011-10-11T22:24:14Z",803,767
"2011-10-13T05:07:24Z",804,767
"2011-10-13T13:01:37Z",804,768
"2011-10-13T13:22:49Z",805,768
"2011-10-14T01:50:26Z",806,768
"2011-10-14T01:56:16Z",806,769
"2011-10-14T20:12:38Z",807,769
"2011-10-14T20:59:46Z",807,770
"2011-10-15T11:05:00Z",807,771
"2011-10-15T13:54:43Z",807,772
"2011-10-15T18:32:35Z",808,772
"2011-10-17T16:09:09Z",809,772
"2011-10-18T02:22:51Z",810,772
"2011-10-18T18:47:29Z",811,772
"2011-10-18T19:39:58Z",811,773
"2011-10-18T22:38:09Z",812,773
"2011-10-18T22:46:47Z",812,774
"2011-10-19T16:28:16Z",812,775
"2011-10-19T16:34:13Z",812,776
"2011-10-19T16:52:41Z",812,777
"2011-10-19T17:11:37Z",812,778
"2011-10-21T22:30:45Z",813,778
"2011-10-21T22:48:45Z",813,779
"2011-10-22T22:53:30Z",814,779
"2011-10-23T19:22:50Z",814,780
"2011-10-23T19:32:27Z",814,781
"2011-10-23T19:34:04Z",814,782
"2011-10-24T12:15:14Z",815,782
"2011-10-24T12:20:34Z",816,782
"2011-10-24T14:15:19Z",816,783
"2011-10-24T14:36:33Z",816,784
"2011-10-25T05:14:34Z",817,784
"2011-10-25T09:11:53Z",818,784
"2011-10-25T17:59:31Z",819,784
"2011-10-25T19:45:10Z",819,785
"2011-10-27T22:26:55Z",820,785
"2011-10-28T11:14:22Z",821,785
"2011-10-28T11:27:05Z",822,785
"2011-10-28T14:17:34Z",823,785
"2011-10-28T15:46:59Z",823,786
"2011-10-28T16:19:00Z",824,786
"2011-10-29T17:59:17Z",825,786
"2011-10-30T12:22:11Z",826,786
"2011-10-30T17:41:20Z",827,786
"2011-10-30T18:24:23Z",827,787
"2011-10-30T18:24:56Z",827,788
"2011-10-31T21:23:24Z",827,789
"2011-11-01T04:09:52Z",828,789
"2011-11-01T05:18:56Z",828,790
"2011-11-01T06:05:14Z",828,791
"2011-11-01T07:43:49Z",828,792
"2011-11-01T12:40:33Z",829,792
"2011-11-01T15:32:51Z",830,792
"2011-11-01T17:22:56Z",831,792
"2011-11-02T07:51:53Z",831,793
"2011-11-03T10:34:38Z",832,793
"2011-11-04T02:22:59Z",833,793
"2011-11-04T03:15:40Z",834,793
"2011-11-05T01:06:30Z",835,793
"2011-11-05T02:28:32Z",836,793
"2011-11-05T02:43:03Z",836,794
"2011-11-05T18:57:36Z",837,794
"2011-11-06T09:33:55Z",837,795
"2011-11-06T09:34:18Z",837,796
"2011-11-06T11:13:17Z",837,797
"2011-11-06T20:27:29Z",837,798
"2011-11-06T20:29:41Z",838,798
"2011-11-06T22:09:03Z",838,799
"2011-11-06T22:31:49Z",838,800
"2011-11-06T23:55:58Z",838,801
"2011-11-07T06:25:00Z",838,802
"2011-11-07T06:25:05Z",838,803
"2011-11-07T13:25:58Z",839,803
"2011-11-07T14:41:54Z",840,803
"2011-11-07T15:27:07Z",840,804
"2011-11-07T15:44:14Z",840,805
"2011-11-07T19:41:17Z",841,805
"2011-11-08T20:24:49Z",842,805
"2011-11-08T20:50:52Z",842,806
"2011-11-09T15:52:23Z",843,806
"2011-11-10T15:48:42Z",844,806
"2011-11-10T16:23:14Z",844,807
"2011-11-10T20:58:20Z",845,807
"2011-11-10T23:16:59Z",846,807
"2011-11-10T23:20:44Z",846,808
"2011-11-11T13:03:31Z",847,808
"2011-11-11T13:08:16Z",847,809
"2011-11-15T14:29:44Z",847,810
"2011-11-15T17:58:07Z",848,810
"2011-11-15T18:08:29Z",848,811
"2011-11-15T22:30:18Z",849,811
"2011-11-15T23:49:00Z",849,812
"2011-11-17T19:13:39Z",850,812
"2011-11-18T02:27:38Z",851,812
"2011-11-18T14:27:03Z",852,812
"2011-11-18T14:34:07Z",852,813
"2011-11-18T15:24:32Z",853,813
"2011-11-18T15:32:52Z",853,814
"2011-11-18T21:36:08Z",854,814
"2011-11-18T21:51:19Z",854,815
"2011-11-19T18:20:14Z",855,815
"2011-11-20T15:19:14Z",855,816
"2011-11-20T19:55:39Z",856,816
"2011-11-20T20:05:53Z",856,817
"2011-11-21T15:27:15Z",857,817
"2011-11-21T17:44:01Z",857,818
"2011-11-21T18:55:03Z",858,818
"2011-11-21T19:48:50Z",858,819
"2011-11-23T10:47:49Z",859,819
"2011-11-23T12:24:22Z",860,819
"2011-11-23T12:45:00Z",860,820
"2011-11-23T12:46:59Z",861,820
"2011-11-23T19:12:26Z",862,820
"2011-11-23T19:37:57Z",862,821
"2011-11-23T19:51:41Z",863,821
"2011-11-23T19:52:49Z",863,822
"2011-11-27T02:17:03Z",864,822
"2011-11-28T15:41:42Z",864,823
"2011-11-28T23:26:12Z",865,823
"2011-11-29T00:04:50Z",865,824
"2011-11-29T18:18:57Z",866,824
"2011-11-30T16:54:44Z",867,824
"2011-12-03T01:56:45Z",868,824
"2011-12-03T05:42:33Z",869,824
"2011-12-04T06:45:34Z",870,824
"2011-12-05T15:22:17Z",871,824
"2011-12-05T20:11:30Z",872,824
"2011-12-05T23:40:48Z",872,825
"2011-12-06T09:40:16Z",873,825
"2011-12-07T08:57:04Z",874,825
"2011-12-07T14:18:57Z",874,826
"2011-12-07T18:11:38Z",875,826
"2011-12-08T05:45:59Z",876,826
"2011-12-08T11:55:36Z",876,827
"2011-12-08T11:56:50Z",876,828
"2011-12-09T15:15:11Z",877,828
"2011-12-09T20:32:57Z",878,828
"2011-12-10T12:17:55Z",879,828
"2011-12-10T12:21:28Z",879,829
"2011-12-10T16:24:24Z",880,829
"2011-12-11T20:14:19Z",881,829
"2011-12-12T09:43:06Z",882,829
"2011-12-12T11:38:58Z",882,830
"2011-12-12T18:27:41Z",882,831
"2011-12-13T17:28:16Z",883,831
"2011-12-13T17:35:16Z",883,832
"2011-12-13T18:06:03Z",884,832
"2011-12-14T20:00:20Z",885,832
"2011-12-14T22:09:00Z",886,832
"2011-12-15T15:00:29Z",887,832
"2011-12-15T16:49:54Z",887,833
"2011-12-16T17:46:08Z",888,833
"2011-12-16T23:18:34Z",889,833
"2011-12-16T23:19:15Z",889,834
"2011-12-18T19:00:34Z",890,834
"2011-12-20T07:21:39Z",890,835
"2011-12-21T00:07:45Z",891,835
"2011-12-21T21:39:26Z",891,836
"2011-12-24T01:32:48Z",892,836
"2011-12-24T07:56:44Z",892,837
"2011-12-25T04:31:05Z",893,837
"2011-12-25T04:42:55Z",894,837
"2011-12-25T05:11:54Z",895,837
"2011-12-28T00:16:35Z",895,838
"2011-12-28T00:24:49Z",895,839
"2011-12-28T00:30:11Z",895,840
"2011-12-28T00:43:57Z",895,841
"2011-12-28T00:46:03Z",895,842
"2011-12-28T00:54:57Z",895,843
"2011-12-28T01:01:53Z",895,844
"2011-12-28T01:08:29Z",895,845
"2011-12-28T10:45:25Z",895,846
"2011-12-29T11:59:09Z",895,847
"2011-12-29T15:42:01Z",896,847
"2011-12-30T01:53:07Z",897,847
"2011-12-30T01:54:51Z",897,848
"2011-12-30T11:17:56Z",898,848
"2011-12-30T14:29:35Z",898,849
"2011-12-30T14:31:29Z",898,850
"2011-12-30T14:42:00Z",898,851
"2011-12-30T14:52:03Z",898,852
"2011-12-30T14:53:34Z",898,853
"2011-12-30T15:07:21Z",898,854
"2011-12-30T15:12:26Z",898,855
"2011-12-30T15:18:23Z",898,856
"2011-12-30T15:19:28Z",898,857
"2011-12-30T15:48:46Z",898,858
"2011-12-30T15:50:08Z",898,859
"2011-12-30T15:57:15Z",898,860
"2011-12-30T16:15:24Z",898,861
"2011-12-31T01:01:41Z",898,862
"2011-12-31T08:26:37Z",899,862
"2011-12-31T15:18:15Z",899,863
"2011-12-31T15:20:07Z",899,864
"2012-01-01T16:24:38Z",899,865
"2012-01-01T17:57:51Z",899,866
"2012-01-06T00:00:31Z",900,866
"2012-01-06T08:31:06Z",901,866
"2012-01-11T16:04:42Z",902,866
"2012-01-11T16:30:02Z",902,867
"2012-01-11T18:20:32Z",903,867
"2012-01-13T01:50:06Z",904,867
"2012-01-13T06:06:13Z",904,868
"2012-01-13T14:38:05Z",905,868
"2012-01-14T22:37:11Z",906,868
"2012-01-15T15:17:15Z",906,869
"2012-01-15T22:21:54Z",907,869
"2012-01-16T18:22:42Z",908,869
"2012-01-16T20:38:07Z",909,869
"2012-01-17T01:42:10Z",910,869
"2012-01-17T03:07:38Z",910,870
"2012-01-17T11:15:24Z",911,870
"2012-01-17T12:44:04Z",911,871
"2012-01-17T16:47:17Z",911,872
"2012-01-17T16:47:55Z",912,872
"2012-01-17T19:15:35Z",913,872
"2012-01-18T17:03:54Z",914,872
"2012-01-18T17:31:23Z",915,872
"2012-01-19T02:06:06Z",915,873
"2012-01-19T18:45:45Z",916,873
"2012-01-19T19:23:58Z",917,873
"2012-01-19T20:02:52Z",918,873
"2012-01-19T20:30:02Z",918,874
"2012-01-20T05:15:29Z",919,874
"2012-01-20T09:44:34Z",920,874
"2012-01-20T09:45:39Z",920,875
"2012-01-20T15:53:34Z",921,875
"2012-01-20T21:43:00Z",922,875
"2012-01-21T19:50:54Z",923,875
"2012-01-21T19:56:47Z",923,876
"2012-01-22T18:06:29Z",923,877
"2012-01-22T18:17:26Z",923,878
"2012-01-22T18:17:26Z",923,879
"2012-01-22T18:57:17Z",923,880
"2012-01-23T01:58:21Z",923,881
"2012-01-23T22:42:28Z",924,881
"2012-01-23T23:05:26Z",924,882
"2012-01-23T23:52:08Z",925,882
"2012-01-24T01:31:49Z",925,883
"2012-01-24T01:36:24Z",925,884
"2012-01-24T04:33:42Z",925,885
"2012-01-24T11:14:35Z",925,886
"2012-01-24T11:27:28Z",925,887
"2012-01-24T11:27:29Z",925,888
"2012-01-24T11:37:31Z",925,889
"2012-01-24T16:52:05Z",925,890
"2012-01-24T18:37:20Z",926,890
"2012-01-24T18:48:49Z",927,890
"2012-01-24T18:50:53Z",927,891
"2012-01-24T19:31:55Z",927,892
"2012-01-24T19:31:55Z",927,893
"2012-01-24T19:36:13Z",928,893
"2012-01-24T19:44:13Z",929,893
"2012-01-25T01:19:06Z",930,893
"2012-01-25T19:48:39Z",931,893
"2012-01-26T07:25:20Z",931,894
"2012-01-26T10:41:34Z",932,894
"2012-01-26T11:43:54Z",933,894
"2012-01-26T12:32:15Z",934,894
"2012-01-26T12:41:33Z",934,895
"2012-01-26T12:43:25Z",934,896
"2012-01-26T14:11:48Z",935,896
"2012-01-26T14:18:16Z",935,897
"2012-01-26T14:21:38Z",936,897
"2012-01-26T14:38:35Z",936,898
"2012-01-26T15:34:16Z",936,899
"2012-01-26T15:57:09Z",937,899
"2012-01-26T16:08:42Z",937,900
"2012-01-27T01:05:11Z",938,900
"2012-01-27T14:35:51Z",939,900
"2012-01-27T15:48:29Z",940,900
"2012-01-27T15:53:45Z",940,901
"2012-01-29T05:57:59Z",941,901
"2012-01-29T16:19:53Z",941,902
"2012-01-29T16:44:52Z",941,903
"2012-01-29T18:30:57Z",941,904
"2012-01-29T19:21:40Z",941,905
"2012-01-29T21:06:18Z",941,906
"2012-01-29T21:10:20Z",942,906
"2012-01-29T21:10:34Z",942,907
"2012-01-29T21:12:25Z",942,908
"2012-01-29T21:19:25Z",942,909
"2012-01-29T21:27:33Z",942,910
"2012-01-29T21:34:27Z",942,911
"2012-01-29T21:38:44Z",942,912
"2012-01-29T23:07:11Z",942,913
"2012-01-29T23:10:05Z",942,914
"2012-01-29T23:24:22Z",942,915
"2012-01-30T00:05:46Z",942,916
"2012-01-30T03:27:41Z",943,916
"2012-01-30T03:55:50Z",943,917
"2012-01-30T03:55:51Z",943,918
"2012-01-30T04:51:26Z",943,919
"2012-01-31T03:20:59Z",943,920
"2012-01-31T03:21:57Z",943,921
"2012-01-31T16:05:12Z",944,921
"2012-01-31T16:12:55Z",944,922
"2012-01-31T20:25:28Z",945,922
"2012-01-31T20:42:02Z",945,923
"2012-01-31T22:30:20Z",946,923
"2012-02-01T00:52:53Z",947,923
"2012-02-01T01:16:43Z",948,923
"2012-02-01T01:31:13Z",948,924
"2012-02-01T20:06:49Z",949,924
"2012-02-01T20:13:47Z",949,925
"2012-02-01T21:17:30Z",950,925
"2012-02-02T17:26:55Z",951,925
"2012-02-02T18:17:54Z",952,925
"2012-02-03T01:07:37Z",953,925
"2012-02-03T01:49:33Z",953,926
"2012-02-03T11:34:46Z",954,926
"2012-02-03T11:45:37Z",954,927
"2012-02-03T12:46:15Z",955,927
"2012-02-03T12:50:59Z",955,928
"2012-02-03T13:56:33Z",955,929
"2012-02-03T13:59:52Z",955,930
"2012-02-03T14:00:47Z",955,931
"2012-02-03T14:02:22Z",956,931
"2012-02-03T14:02:38Z",956,932
"2012-02-03T14:05:44Z",956,933
"2012-02-03T14:11:24Z",956,934
"2012-02-03T14:13:03Z",956,935
"2012-02-03T14:14:44Z",956,936
"2012-02-03T14:16:20Z",956,937
"2012-02-03T14:17:35Z",956,938
"2012-02-03T14:18:38Z",956,939
"2012-02-03T14:23:45Z",956,940
"2012-02-03T14:30:39Z",956,941
"2012-02-03T15:05:16Z",956,942
"2012-02-03T15:15:39Z",956,943
"2012-02-03T16:26:06Z",957,943
"2012-02-03T16:27:35Z",957,944
"2012-02-03T17:15:50Z",958,944
"2012-02-03T20:59:28Z",958,945
"2012-02-03T23:19:19Z",959,945
"2012-02-04T00:03:58Z",959,946
"2012-02-04T11:39:47Z",960,946
"2012-02-04T11:43:10Z",960,947
"2012-02-04T14:33:06Z",961,947
"2012-02-04T18:14:06Z",962,947
"2012-02-05T12:47:35Z",962,948
"2012-02-05T14:50:12Z",962,949
"2012-02-05T14:51:38Z",962,950
"2012-02-05T19:42:13Z",962,951
"2012-02-06T03:05:07Z",962,952
"2012-02-06T06:25:10Z",962,953
"2012-02-06T17:02:31Z",963,953
"2012-02-06T17:03:20Z",964,953
"2012-02-06T17:05:44Z",964,954
"2012-02-06T17:07:18Z",964,955
"2012-02-06T17:19:52Z",965,955
"2012-02-06T17:20:52Z",965,956
"2012-02-06T19:12:04Z",966,956
"2012-02-06T19:37:59Z",967,956
"2012-02-07T13:23:40Z",967,957
"2012-02-07T13:23:55Z",967,958
"2012-02-07T13:27:02Z",967,959
"2012-02-07T20:06:30Z",968,959
"2012-02-07T20:54:00Z",969,959
"2012-02-08T01:20:31Z",969,960
"2012-02-08T05:01:56Z",970,960
"2012-02-08T16:35:03Z",971,960
"2012-02-08T17:23:51Z",972,960
"2012-02-08T17:38:13Z",972,961
"2012-02-08T18:13:24Z",972,962
"2012-02-08T23:10:00Z",973,962
"2012-02-09T00:33:17Z",973,963
"2012-02-09T16:29:22Z",974,963
"2012-02-09T16:34:02Z",974,964
"2012-02-11T23:35:23Z",975,964
"2012-02-13T21:51:26Z",976,964
"2012-02-15T14:34:46Z",977,964
"2012-02-15T14:39:39Z",977,965
"2012-02-15T14:41:15Z",977,966
"2012-02-15T17:50:44Z",978,966
"2012-02-16T15:26:15Z",979,966
"2012-02-17T11:21:01Z",980,966
"2012-02-17T15:13:50Z",981,966
"2012-02-17T15:21:08Z",982,966
"2012-02-17T16:17:03Z",982,967
"2012-02-18T07:41:21Z",983,967
"2012-02-19T22:46:22Z",984,967
"2012-02-20T15:34:07Z",984,968
"2012-02-21T08:53:51Z",985,968
"2012-02-21T19:00:32Z",986,968
"2012-02-21T19:18:16Z",986,969
"2012-02-21T23:21:04Z",987,969
"2012-02-22T01:58:45Z",987,970
"2012-02-22T02:33:33Z",988,970
"2012-02-22T02:56:06Z",988,971
"2012-02-23T11:40:21Z",988,972
"2012-02-23T11:42:30Z",988,973
"2012-02-23T11:43:50Z",988,974
"2012-02-23T11:44:02Z",988,975
"2012-02-23T11:46:34Z",988,976
"2012-02-23T12:04:42Z",988,977
"2012-02-23T19:35:06Z",989,977
"2012-02-26T01:20:30Z",990,977
"2012-02-26T10:34:04Z",990,978
"2012-02-26T14:29:14Z",991,978
"2012-02-26T19:49:53Z",992,978
"2012-02-26T23:13:15Z",993,978
"2012-02-26T23:48:09Z",993,979
"2012-02-27T16:40:31Z",994,979
"2012-02-27T20:32:55Z",994,980
"2012-02-28T10:21:02Z",995,980
"2012-02-28T12:54:50Z",996,980
"2012-02-28T21:27:35Z",997,980
"2012-02-28T21:35:53Z",997,981
"2012-02-29T19:17:35Z",998,981
"2012-03-01T15:36:55Z",998,982
"2012-03-01T20:45:24Z",999,982
"2012-03-01T23:40:39Z",999,983
"2012-03-01T23:41:53Z",999,984
"2012-03-02T16:45:38Z",1000,984
"2012-03-02T17:28:10Z",1000,985
"2012-03-03T02:00:04Z",1001,985
"2012-03-03T17:18:56Z",1001,986
"2012-03-04T20:43:20Z",1002,986
"2012-03-05T02:56:20Z",1002,987
"2012-03-05T06:01:52Z",1003,987
"2012-03-05T06:06:22Z",1003,988
"2012-03-05T09:45:02Z",1004,988
"2012-03-05T09:46:28Z",1004,989
"2012-03-05T09:47:15Z",1004,990
"2012-03-05T16:10:51Z",1005,990
"2012-03-05T23:59:38Z",1005,991
"2012-03-06T07:45:30Z",1005,992
"2012-03-06T09:58:07Z",1005,993
"2012-03-06T19:16:30Z",1005,994
"2012-03-07T10:55:20Z",1006,994
"2012-03-07T23:51:17Z",1007,994
"2012-03-08T00:10:40Z",1007,995
"2012-03-08T01:27:00Z",1008,995
"2012-03-08T01:36:20Z",1008,996
"2012-03-08T19:39:03Z",1009,996
"2012-03-09T01:28:00Z",1010,996
"2012-03-09T08:40:49Z",1011,996
"2012-03-09T11:17:27Z",1011,997
"2012-03-09T11:17:40Z",1011,998
"2012-03-10T00:53:09Z",1012,998
"2012-03-10T00:57:25Z",1012,999
"2012-03-10T13:34:21Z",1012,1000
"2012-03-12T04:45:58Z",1013,1000
"2012-03-14T19:00:36Z",1014,1000
"2012-03-14T22:02:06Z",1015,1000
"2012-03-15T18:39:17Z",1015,1001
"2012-03-15T18:40:35Z",1015,1002
"2012-03-15T19:29:59Z",1015,1003
"2012-03-16T07:08:32Z",1015,1004
"2012-03-16T15:45:53Z",1015,1005
"2012-03-17T14:28:13Z",1016,1005
"2012-03-18T10:30:05Z",1017,1005
"2012-03-18T10:56:12Z",1017,1006
"2012-03-20T17:51:49Z",1018,1006
"2012-03-21T05:43:56Z",1019,1006
"2012-03-21T07:31:17Z",1019,1007
"2012-03-21T07:51:31Z",1019,1008
"2012-03-21T23:44:31Z",1020,1008
"2012-03-22T15:20:58Z",1021,1008
"2012-03-23T03:59:37Z",1022,1008
"2012-03-23T04:07:40Z",1022,1009
"2012-03-23T06:37:07Z",1023,1009
"2012-03-23T09:08:24Z",1023,1010
"2012-03-25T09:39:09Z",1024,1010
"2012-03-25T11:38:15Z",1024,1011
"2012-03-25T15:22:52Z",1025,1011
"2012-03-28T21:02:00Z",1025,1012
"2012-03-28T21:27:15Z",1026,1012
"2012-03-28T22:51:57Z",1026,1013
"2012-03-28T22:53:06Z",1026,1014
"2012-03-29T17:56:11Z",1027,1014
"2012-03-29T20:54:23Z",1027,1015
"2012-03-30T14:14:26Z",1028,1015
"2012-04-02T03:52:07Z",1029,1015
"2012-04-02T09:42:43Z",1029,1016
"2012-04-03T09:57:06Z",1030,1016
"2012-04-04T20:39:39Z",1030,1017
"2012-04-05T06:55:08Z",1031,1017
"2012-04-05T12:15:40Z",1032,1017
"2012-04-05T14:23:57Z",1032,1018
"2012-04-06T00:48:48Z",1032,1019
"2012-04-06T07:18:53Z",1033,1019
"2012-04-06T10:43:37Z",1033,1020
"2012-04-06T13:27:24Z",1034,1020
"2012-04-06T14:24:36Z",1034,1021
"2012-04-06T14:34:47Z",1035,1021
"2012-04-06T14:40:11Z",1035,1022
"2012-04-06T22:52:38Z",1035,1023
"2012-04-06T23:41:27Z",1036,1023
"2012-04-06T23:55:09Z",1036,1024
"2012-04-06T23:56:14Z",1036,1025
"2012-04-07T01:05:26Z",1036,1026
"2012-04-08T13:23:28Z",1037,1026
"2012-04-08T14:46:51Z",1037,1027
"2012-04-08T19:23:13Z",1038,1027
"2012-04-08T19:44:52Z",1038,1028
"2012-04-09T16:43:35Z",1039,1028
"2012-04-09T16:51:59Z",1040,1028
"2012-04-09T17:04:45Z",1040,1029
"2012-04-10T17:09:13Z",1040,1030
"2012-04-10T23:19:50Z",1040,1031
"2012-04-10T23:28:42Z",1040,1032
"2012-04-10T23:40:56Z",1040,1033
"2012-04-10T23:40:56Z",1040,1034
"2012-04-10T23:42:58Z",1040,1035
"2012-04-11T02:03:26Z",1040,1036
"2012-04-11T15:32:39Z",1041,1036
"2012-04-12T05:19:14Z",1042,1036
"2012-04-12T11:39:35Z",1042,1037
"2012-04-13T05:19:44Z",1043,1037
"2012-04-13T08:25:44Z",1043,1038
"2012-04-14T00:11:38Z",1044,1038
"2012-04-14T13:08:25Z",1045,1038
"2012-04-14T14:10:37Z",1045,1039
"2012-04-15T22:18:13Z",1046,1039
"2012-04-15T23:36:16Z",1046,1040
"2012-04-18T15:13:34Z",1047,1040
"2012-04-18T18:53:53Z",1048,1040
"2012-04-18T19:03:15Z",1048,1041
"2012-04-19T01:45:06Z",1049,1041
"2012-04-19T08:45:15Z",1050,1041
"2012-04-19T08:45:39Z",1050,1042
"2012-04-19T19:44:26Z",1051,1042
"2012-04-19T21:00:21Z",1051,1043
"2012-04-19T21:06:27Z",1052,1043
"2012-04-19T21:53:41Z",1052,1044
"2012-04-20T09:30:01Z",1053,1044
"2012-04-20T18:08:12Z",1053,1045
"2012-04-20T18:20:19Z",1054,1045
"2012-04-21T14:19:58Z",1055,1045
"2012-04-21T14:38:53Z",1055,1046
"2012-04-22T15:17:46Z",1056,1046
"2012-04-22T15:55:09Z",1057,1046
"2012-04-22T16:00:12Z",1058,1046
"2012-04-22T17:59:37Z",1058,1047
"2012-04-22T20:34:10Z",1059,1047
"2012-04-23T14:15:01Z",1060,1047
"2012-04-23T14:16:55Z",1060,1048
"2012-04-23T14:33:12Z",1061,1048
"2012-04-23T16:25:59Z",1062,1048
"2012-04-23T21:35:37Z",1062,1049
"2012-04-23T21:51:55Z",1063,1049
"2012-04-23T22:12:27Z",1063,1050
"2012-04-24T12:20:58Z",1064,1050
"2012-04-24T20:21:26Z",1065,1050
"2012-04-24T22:18:54Z",1065,1051
"2012-04-25T00:18:18Z",1065,1052
"2012-04-25T05:37:30Z",1066,1052
"2012-04-25T06:52:59Z",1067,1052
"2012-04-25T06:58:15Z",1067,1053
"2012-04-25T07:28:27Z",1067,1054
"2012-04-25T09:27:36Z",1067,1055
"2012-04-25T09:54:08Z",1067,1056
"2012-04-25T15:12:51Z",1068,1056
"2012-04-25T15:14:17Z",1068,1057
"2012-04-25T16:54:05Z",1068,1058
"2012-04-25T16:54:07Z",1068,1059
"2012-04-26T14:14:38Z",1069,1059
"2012-04-26T14:33:18Z",1069,1060
"2012-04-30T20:36:30Z",1070,1060
"2012-05-01T04:11:03Z",1071,1060
"2012-05-01T08:00:30Z",1072,1060
"2012-05-01T08:43:14Z",1073,1060
"2012-05-01T10:22:51Z",1073,1061
"2012-05-01T12:40:42Z",1074,1061
"2012-05-01T12:48:49Z",1074,1062
"2012-05-01T13:41:15Z",1074,1063
"2012-05-02T15:37:34Z",1075,1063
"2012-05-04T18:04:07Z",1076,1063
"2012-05-04T22:16:25Z",1077,1063
"2012-05-07T21:01:44Z",1078,1063
"2012-05-07T21:09:18Z",1078,1064
"2012-05-07T21:54:23Z",1079,1064
"2012-05-09T10:39:02Z",1080,1064
"2012-05-09T12:28:08Z",1081,1064
"2012-05-09T17:20:40Z",1081,1065
"2012-05-10T20:03:29Z",1082,1065
"2012-05-11T10:08:32Z",1083,1065
"2012-05-11T16:07:53Z",1083,1066
"2012-05-11T16:11:44Z",1083,1067
"2012-05-11T16:17:31Z",1083,1068
"2012-05-11T16:21:43Z",1083,1069
"2012-05-12T13:40:29Z",1084,1069
"2012-05-12T17:31:58Z",1085,1069
"2012-05-12T18:00:20Z",1085,1070
"2012-05-14T08:44:59Z",1085,1071
"2012-05-14T16:37:21Z",1086,1071
"2012-05-14T18:34:55Z",1086,1072
"2012-05-15T12:25:15Z",1087,1072
"2012-05-15T12:34:21Z",1087,1073
"2012-05-15T13:46:08Z",1088,1073
"2012-05-15T13:51:36Z",1088,1074
"2012-05-18T20:35:55Z",1089,1074
"2012-05-18T20:40:12Z",1090,1074
"2012-05-20T10:55:55Z",1091,1074
"2012-05-21T06:03:03Z",1091,1075
"2012-05-22T08:38:26Z",1092,1075
"2012-05-24T06:49:58Z",1093,1075
"2012-05-24T20:17:30Z",1094,1075
"2012-05-25T00:33:52Z",1095,1075
"2012-05-25T00:33:52Z",1096,1075
"2012-05-25T00:34:07Z",1096,1076
"2012-05-25T14:46:12Z",1097,1076
"2012-05-26T22:05:53Z",1097,1077
"2012-05-28T07:26:41Z",1098,1077
"2012-05-28T07:28:12Z",1099,1077
"2012-05-28T07:55:30Z",1099,1078
"2012-05-28T09:00:59Z",1099,1079
"2012-05-28T14:44:41Z",1099,1080
"2012-05-28T14:52:20Z",1099,1081
"2012-05-29T15:03:45Z",1100,1081
"2012-05-29T15:39:09Z",1100,1082
"2012-05-29T17:09:49Z",1100,1083
"2012-05-29T17:12:31Z",1100,1084
"2012-05-29T19:13:24Z",1101,1084
"2012-05-31T16:30:44Z",1102,1084
"2012-06-01T09:44:22Z",1103,1084
"2012-06-01T10:26:40Z",1103,1085
"2012-06-01T20:54:24Z",1104,1085
"2012-06-01T21:20:51Z",1105,1085
"2012-06-01T22:30:49Z",1105,1086
"2012-06-01T22:44:39Z",1106,1086
"2012-06-02T10:52:29Z",1106,1087
"2012-06-02T10:53:01Z",1106,1088
"2012-06-02T11:07:36Z",1106,1089
"2012-06-04T02:28:12Z",1106,1090
"2012-06-04T06:47:12Z",1107,1090
"2012-06-04T09:58:38Z",1107,1091
"2012-06-04T16:13:36Z",1108,1091
"2012-06-05T15:35:54Z",1109,1091
"2012-06-06T17:52:39Z",1110,1091
"2012-06-07T16:35:09Z",1111,1091
"2012-06-07T16:41:00Z",1111,1092
"2012-06-09T09:35:08Z",1111,1093
"2012-06-09T10:49:15Z",1112,1093
"2012-06-09T11:33:53Z",1112,1094
"2012-06-09T11:33:53Z",1112,1095
"2012-06-09T17:15:34Z",1112,1096
"2012-06-10T07:12:30Z",1113,1096
"2012-06-10T12:08:39Z",1113,1097
"2012-06-10T12:51:21Z",1114,1097
"2012-06-11T08:27:12Z",1114,1098
"2012-06-11T08:27:12Z",1114,1099
"2012-06-12T07:21:03Z",1115,1099
"2012-06-14T07:06:36Z",1116,1099
"2012-06-14T07:17:11Z",1116,1100
"2012-06-14T19:19:11Z",1117,1100
"2012-06-15T02:13:53Z",1118,1100
"2012-06-16T06:08:13Z",1119,1100
"2012-06-19T09:31:00Z",1120,1100
"2012-06-19T09:50:39Z",1120,1101
"2012-06-19T16:56:38Z",1121,1101
"2012-06-20T20:42:46Z",1122,1101
"2012-06-20T20:48:28Z",1122,1102
"2012-06-24T08:20:49Z",1123,1102
"2012-06-24T09:47:09Z",1123,1103
"2012-06-25T20:44:49Z",1124,1103
"2012-06-26T09:26:03Z",1125,1103
"2012-06-26T09:32:33Z",1125,1104
"2012-06-29T08:01:06Z",1126,1104
"2012-06-29T12:44:43Z",1127,1104
"2012-06-29T16:38:59Z",1127,1105
"2012-06-30T08:19:33Z",1127,1106
"2012-07-01T15:10:42Z",1128,1106
"2012-07-01T15:37:59Z",1128,1107
"2012-07-04T09:24:53Z",1129,1107
"2012-07-04T09:26:08Z",1129,1108
"2012-07-04T11:39:04Z",1130,1108
"2012-07-05T08:24:56Z",1131,1108
"2012-07-05T09:17:18Z",1131,1109
"2012-07-06T16:36:17Z",1132,1109
"2012-07-07T12:18:09Z",1133,1109
"2012-07-07T20:50:20Z",1134,1109
"2012-07-08T08:42:30Z",1135,1109
"2012-07-08T15:20:46Z",1135,1110
"2012-07-08T15:24:11Z",1135,1111
"2012-07-08T16:58:23Z",1135,1112
"2012-07-08T19:22:37Z",1135,1113
"2012-07-08T19:24:28Z",1135,1114
"2012-07-09T18:01:43Z",1136,1114
"2012-07-10T07:58:46Z",1136,1115
"2012-07-10T14:13:33Z",1137,1115
"2012-07-15T13:21:54Z",1137,1116
"2012-07-17T10:32:43Z",1138,1116
"2012-07-18T14:58:03Z",1139,1116
"2012-07-19T13:16:55Z",1140,1116
"2012-07-19T13:17:31Z",1140,1117
"2012-07-21T10:19:13Z",1141,1117
"2012-07-28T13:23:23Z",1142,1117
"2012-07-29T11:15:08Z",1142,1118
"2012-07-29T11:17:05Z",1142,1119
"2012-07-29T11:17:18Z",1142,1120
"2012-07-29T11:18:04Z",1142,1121
"2012-07-29T11:22:13Z",1142,1122
"2012-07-29T11:25:55Z",1143,1122
"2012-07-29T11:27:37Z",1143,1123
"2012-07-29T11:27:47Z",1143,1124
"2012-07-29T13:56:07Z",1144,1124
"2012-07-29T17:55:40Z",1145,1124
"2012-07-30T07:00:58Z",1146,1124
"2012-07-30T07:31:11Z",1146,1125
"2012-07-31T10:17:41Z",1147,1125
"2012-07-31T22:35:58Z",1148,1125
"2012-07-31T22:37:30Z",1148,1126
"2012-07-31T22:40:58Z",1148,1127
"2012-08-01T23:02:07Z",1148,1128
"2012-08-01T23:08:24Z",1148,1129
"2012-08-02T08:52:48Z",1149,1129
"2012-08-02T09:12:51Z",1149,1130
"2012-08-02T13:02:41Z",1149,1131
"2012-08-02T14:01:05Z",1150,1131
"2012-08-04T22:14:14Z",1151,1131
"2012-08-04T22:23:07Z",1151,1132
"2012-08-05T10:24:52Z",1151,1133
"2012-08-05T10:35:19Z",1151,1134
"2012-08-05T20:50:40Z",1152,1134
"2012-08-05T21:24:12Z",1152,1135
"2012-08-06T13:51:01Z",1153,1135
"2012-08-06T14:01:59Z",1153,1136
"2012-08-06T14:16:50Z",1154,1136
"2012-08-08T22:55:19Z",1154,1137
"2012-08-08T22:58:17Z",1154,1138
"2012-08-09T20:51:42Z",1154,1139
"2012-08-09T20:52:24Z",1154,1140
"2012-08-10T07:40:39Z",1155,1140
"2012-08-10T07:45:56Z",1155,1141
"2012-08-10T09:39:39Z",1155,1142
"2012-08-11T12:32:12Z",1155,1143
"2012-08-12T04:26:27Z",1156,1143
"2012-08-12T10:00:05Z",1156,1144
"2012-08-13T17:42:04Z",1157,1144
"2012-08-13T19:01:41Z",1157,1145
"2012-08-14T13:09:52Z",1158,1145
"2012-08-14T13:15:34Z",1158,1146
"2012-08-14T23:42:48Z",1159,1146
"2012-08-15T10:47:51Z",1160,1146
"2012-08-15T10:52:49Z",1160,1147
"2012-08-15T22:02:04Z",1160,1148
"2012-08-15T22:02:04Z",1160,1149
"2012-08-16T09:45:58Z",1161,1149
"2012-08-16T09:49:23Z",1161,1150
"2012-08-16T21:10:33Z",1162,1150
"2012-08-16T21:19:51Z",1162,1151
"2012-08-17T19:50:55Z",1163,1151
"2012-08-18T11:50:30Z",1164,1151
"2012-08-18T18:09:24Z",1164,1152
"2012-08-20T21:29:24Z",1165,1152
"2012-08-20T21:31:30Z",1165,1153
"2012-08-21T22:37:54Z",1165,1154
"2012-08-22T06:50:50Z",1166,1154
"2012-08-22T06:51:46Z",1166,1155
"2012-08-22T21:31:34Z",1167,1155
"2012-08-22T23:01:17Z",1167,1156
"2012-08-22T23:01:41Z",1167,1157
"2012-08-22T23:02:47Z",1167,1158
"2012-08-23T08:28:18Z",1168,1158
"2012-08-23T09:51:30Z",1168,1159
"2012-08-26T12:45:50Z",1169,1159
"2012-08-26T13:30:36Z",1169,1160
"2012-08-26T16:59:14Z",1170,1160
"2012-08-26T19:33:11Z",1170,1161
"2012-08-27T07:34:13Z",1171,1161
"2012-08-27T09:16:58Z",1171,1162
"2012-08-27T14:11:14Z",1172,1162
"2012-08-27T14:13:58Z",1172,1163
"2012-08-27T16:38:31Z",1173,1163
"2012-08-27T17:22:16Z",1173,1164
"2012-08-27T18:14:09Z",1173,1165
"2012-08-28T16:34:14Z",1174,1165
"2012-08-29T13:19:05Z",1175,1165
"2012-08-29T13:38:36Z",1176,1165
"2012-08-29T13:51:53Z",1176,1166
"2012-08-29T13:53:13Z",1176,1167
"2012-08-29T21:24:02Z",1177,1167
"2012-08-29T21:34:38Z",1178,1167
"2012-08-29T21:50:31Z",1178,1168
"2012-08-29T21:51:34Z",1178,1169
"2012-08-29T22:29:43Z",1179,1169
"2012-08-29T22:49:23Z",1179,1170
"2012-08-30T06:34:37Z",1180,1170
"2012-08-30T06:38:24Z",1180,1171
"2012-08-30T07:26:47Z",1180,1172
"2012-08-30T17:26:36Z",1181,1172
"2012-08-30T20:54:35Z",1182,1172
"2012-08-30T21:03:20Z",1182,1173
"2012-08-31T05:17:56Z",1183,1173
"2012-08-31T07:24:40Z",1183,1174
"2012-08-31T12:55:21Z",1184,1174
"2012-08-31T14:39:54Z",1185,1174
"2012-08-31T15:41:15Z",1185,1175
"2012-09-01T13:19:11Z",1186,1175
"2012-09-01T13:29:54Z",1186,1176
"2012-09-01T14:25:27Z",1187,1176
"2012-09-01T19:44:37Z",1188,1176
"2012-09-01T21:22:52Z",1189,1176
"2012-09-01T21:57:50Z",1189,1177
"2012-09-01T21:58:41Z",1189,1178
"2012-09-02T09:55:48Z",1190,1178
"2012-09-02T10:10:29Z",1190,1179
"2012-09-02T10:41:31Z",1191,1179
"2012-09-02T10:48:46Z",1191,1180
"2012-09-03T14:35:04Z",1192,1180
"2012-09-03T14:49:01Z",1192,1181
"2012-09-04T16:18:12Z",1193,1181
"2012-09-04T16:26:26Z",1193,1182
"2012-09-04T18:29:02Z",1194,1182
"2012-09-04T22:26:37Z",1194,1183
"2012-09-11T09:59:12Z",1195,1183
"2012-09-11T10:03:53Z",1196,1183
"2012-09-11T10:43:45Z",1196,1184
"2012-09-12T15:12:56Z",1197,1184
"2012-09-12T16:39:44Z",1197,1185
"2012-09-12T18:36:56Z",1198,1185
"2012-09-12T18:39:13Z",1198,1186
"2012-09-13T17:29:13Z",1199,1186
"2012-09-14T05:22:06Z",1200,1186
"2012-09-14T05:35:51Z",1200,1187
"2012-09-16T06:56:03Z",1201,1187
"2012-09-16T08:14:02Z",1201,1188
"2012-09-16T08:15:29Z",1201,1189
"2012-09-16T11:07:50Z",1201,1190
"2012-09-16T11:09:21Z",1201,1191
"2012-09-17T08:40:44Z",1202,1191
"2012-09-17T08:43:41Z",1202,1192
"2012-09-18T11:00:37Z",1203,1192
"2012-09-18T11:13:40Z",1203,1193
"2012-09-18T16:54:40Z",1204,1193
"2012-09-18T20:18:17Z",1205,1193
"2012-09-18T20:24:14Z",1205,1194
"2012-09-18T21:02:48Z",1206,1194
"2012-09-18T21:40:24Z",1206,1195
"2012-09-19T10:02:23Z",1207,1195
"2012-09-19T19:52:56Z",1208,1195
"2012-09-19T20:07:41Z",1208,1196
"2012-09-19T20:15:01Z",1209,1196
"2012-09-19T20:16:49Z",1209,1197
"2012-09-19T22:00:42Z",1210,1197
"2012-09-19T22:26:58Z",1210,1198
"2012-09-19T22:27:13Z",1210,1199
"2012-09-19T22:29:48Z",1210,1200
"2012-09-20T18:14:07Z",1211,1200
"2012-09-20T19:38:53Z",1212,1200
"2012-09-21T09:29:31Z",1213,1200
"2012-09-21T16:00:38Z",1214,1200
"2012-09-21T18:12:23Z",1215,1200
"2012-09-21T20:42:34Z",1215,1201
"2012-09-21T22:35:07Z",1215,1202
"2012-09-22T09:57:55Z",1215,1203
"2012-09-22T09:58:52Z",1215,1204
"2012-09-22T10:09:18Z",1215,1205
"2012-09-22T10:09:18Z",1215,1206
"2012-09-26T10:00:19Z",1216,1206
"2012-09-26T17:43:54Z",1216,1207
"2012-09-28T06:03:29Z",1217,1207
"2012-09-28T06:18:01Z",1217,1208
"2012-09-29T11:57:43Z",1218,1208
"2012-09-29T15:37:37Z",1218,1209
"2012-09-30T13:04:43Z",1219,1209
"2012-10-01T14:01:30Z",1220,1209
"2012-10-01T21:23:48Z",1221,1209
"2012-10-01T21:26:44Z",1221,1210
"2012-10-03T21:18:02Z",1222,1210
"2012-10-04T19:40:09Z",1223,1210
"2012-10-07T18:28:26Z",1224,1210
"2012-10-07T18:44:06Z",1224,1211
"2012-10-07T22:06:53Z",1225,1211
"2012-10-07T22:49:30Z",1225,1212
"2012-10-08T05:20:52Z",1226,1212
"2012-10-08T05:59:07Z",1226,1213
"2012-10-08T13:16:22Z",1226,1214
"2012-10-10T10:33:58Z",1227,1214
"2012-10-10T12:21:05Z",1228,1214
"2012-10-10T12:35:50Z",1229,1214
"2012-10-10T13:01:06Z",1229,1215
"2012-10-13T16:19:09Z",1229,1216
"2012-10-15T10:52:27Z",1230,1216
"2012-10-15T11:00:38Z",1230,1217
"2012-10-19T05:00:41Z",1230,1218
"2012-10-21T15:59:12Z",1231,1218
"2012-10-21T18:09:12Z",1231,1219
"2012-10-22T15:38:39Z",1231,1220
"2012-10-22T21:36:12Z",1232,1220
"2012-10-23T19:54:15Z",1232,1221
"2012-10-24T08:33:13Z",1233,1221
"2012-10-24T10:33:59Z",1234,1221
"2012-10-24T11:38:06Z",1234,1222
"2012-10-24T11:43:06Z",1234,1223
"2012-10-25T12:34:53Z",1235,1223
"2012-10-27T16:12:22Z",1236,1223
"2012-10-29T06:27:03Z",1237,1223
"2012-10-29T07:27:33Z",1238,1223
"2012-10-29T12:53:08Z",1239,1223
"2012-10-29T13:18:34Z",1239,1224
"2012-10-29T13:46:43Z",1240,1224
"2012-10-29T20:52:10Z",1240,1225
"2012-10-29T21:13:10Z",1240,1226
"2012-10-30T11:31:24Z",1240,1227
"2012-10-31T06:35:48Z",1240,1228
"2012-11-01T00:34:49Z",1240,1229
"2012-11-01T16:56:36Z",1240,1230
"2012-11-03T15:58:56Z",1241,1230
"2012-11-03T15:59:42Z",1241,1231
"2012-11-09T12:49:51Z",1242,1231
"2012-11-11T10:19:19Z",1243,1231
"2012-11-13T21:19:22Z",1244,1231
"2012-11-14T02:07:34Z",1245,1231
"2012-11-14T03:15:03Z",1245,1232
"2012-11-14T09:08:27Z",1246,1232
"2012-11-14T09:38:34Z",1246,1233
"2012-11-14T12:27:39Z",1246,1234
"2012-11-14T12:44:30Z",1246,1235
"2012-11-14T19:47:42Z",1247,1235
"2012-11-14T19:51:04Z",1247,1236
"2012-11-15T03:23:33Z",1248,1236
"2012-11-15T06:36:40Z",1248,1237
"2012-11-15T14:05:02Z",1249,1237
"2012-11-15T15:13:35Z",1249,1238
"2012-11-16T07:03:54Z",1250,1238
"2012-11-16T20:47:27Z",1251,1238
"2012-11-18T20:59:30Z",1251,1239
"2012-11-18T22:38:43Z",1252,1239
"2012-11-18T23:00:43Z",1252,1240
"2012-11-19T22:20:46Z",1253,1240
"2012-11-19T22:31:53Z",1253,1241
"2012-11-20T13:51:27Z",1254,1241
"2012-11-23T02:26:52Z",1255,1241
"2012-11-23T18:02:32Z",1255,1242
"2012-11-26T02:27:33Z",1256,1242
"2012-11-26T03:10:49Z",1256,1243
"2012-11-26T05:15:43Z",1257,1243
"2012-11-26T05:26:50Z",1257,1244
"2012-11-26T09:07:06Z",1258,1244
"2012-11-26T09:14:19Z",1259,1244
"2012-11-26T11:17:14Z",1259,1245
"2012-11-27T09:10:07Z",1260,1245
"2012-11-27T13:00:00Z",1261,1245
"2012-11-27T13:14:35Z",1261,1246
"2012-11-27T13:57:43Z",1262,1246
"2012-11-27T17:12:15Z",1262,1247
"2012-11-27T17:13:08Z",1262,1248
"2012-11-27T17:14:32Z",1262,1249
"2012-11-27T17:14:53Z",1262,1250
"2012-11-27T17:55:12Z",1263,1250
"2012-11-29T08:57:13Z",1263,1251
"2012-11-29T21:42:10Z",1263,1252
"2012-11-30T19:50:55Z",1263,1253
"2012-11-30T20:25:25Z",1263,1254
"2012-12-05T16:22:38Z",1264,1254
"2012-12-11T05:25:21Z",1264,1255
"2012-12-12T14:16:17Z",1265,1255
"2012-12-12T14:20:24Z",1265,1256
"2012-12-19T13:44:41Z",1266,1256
"2012-12-19T23:15:59Z",1266,1257
"2012-12-20T01:59:18Z",1267,1257
"2012-12-20T02:18:11Z",1267,1258
"2012-12-21T10:53:00Z",1268,1258
"2012-12-23T12:41:57Z",1269,1258
"2012-12-24T05:13:59Z",1270,1258
"2012-12-24T10:40:54Z",1270,1259
"2012-12-25T01:02:14Z",1271,1259
"2012-12-28T07:38:53Z",1272,1259
"2012-12-28T07:41:42Z",1273,1259
"2012-12-28T12:17:53Z",1273,1260
"2012-12-28T12:42:45Z",1273,1261
"2012-12-28T12:59:15Z",1273,1262
"2012-12-28T12:59:49Z",1273,1263
"2012-12-28T13:00:32Z",1273,1264
"2012-12-28T13:02:58Z",1273,1265
"2012-12-28T13:19:50Z",1273,1266
"2012-12-28T14:03:44Z",1273,1267
"2012-12-30T12:28:42Z",1273,1268
"2013-01-04T07:08:52Z",1274,1268
"2013-01-04T08:37:49Z",1274,1269
"2013-01-04T19:43:37Z",1275,1269
"2013-01-04T20:09:37Z",1275,1270
"2013-01-07T11:22:55Z",1276,1270
"2013-01-07T11:25:21Z",1276,1271
"2013-01-08T11:02:29Z",1277,1271
"2013-01-08T13:53:28Z",1277,1272
"2013-01-09T16:11:38Z",1278,1272
"2013-01-09T20:03:46Z",1279,1272
"2013-01-10T00:58:18Z",1279,1273
"2013-01-10T01:15:30Z",1279,1274
"2013-01-12T00:34:27Z",1280,1274
"2013-01-12T02:31:27Z",1280,1275
"2013-01-13T01:02:38Z",1281,1275
"2013-01-13T11:35:00Z",1281,1276
"2013-01-13T16:21:00Z",1282,1276
"2013-01-13T18:26:23Z",1282,1277
"2013-01-13T18:45:22Z",1283,1277
"2013-01-15T09:29:27Z",1284,1277
"2013-01-15T10:23:38Z",1284,1278
"2013-01-17T10:42:56Z",1285,1278
"2013-01-17T16:45:29Z",1285,1279
"2013-01-20T16:50:31Z",1286,1279
"2013-01-20T17:02:50Z",1286,1280
"2013-01-21T17:44:39Z",1287,1280
"2013-01-21T17:54:13Z",1287,1281
"2013-01-30T21:17:29Z",1288,1281
"2013-01-30T21:30:32Z",1288,1282
"2013-01-31T00:08:47Z",1289,1282
"2013-01-31T03:30:13Z",1289,1283
"2013-01-31T10:56:29Z",1290,1283
"2013-01-31T11:27:11Z",1290,1284
"2013-02-04T20:30:05Z",1291,1284
"2013-02-04T20:59:28Z",1291,1285
"2013-02-04T22:36:32Z",1292,1285
"2013-02-04T22:40:28Z",1292,1286
"2013-02-05T08:18:07Z",1293,1286
"2013-02-06T11:47:29Z",1294,1286
"2013-02-06T12:59:06Z",1294,1287
"2013-02-06T17:32:57Z",1295,1287
"2013-02-06T17:40:38Z",1295,1288
"2013-02-06T19:36:11Z",1296,1288
"2013-02-06T20:25:28Z",1297,1288
"2013-02-07T10:25:58Z",1298,1288
"2013-02-07T22:37:20Z",1298,1289
"2013-02-08T07:37:38Z",1298,1290
"2013-02-09T00:57:49Z",1299,1290
"2013-02-09T10:14:47Z",1299,1291
"2013-02-09T10:35:27Z",1299,1292
"2013-02-10T03:02:11Z",1300,1292
"2013-02-10T03:29:09Z",1300,1293
"2013-02-11T01:21:23Z",1301,1293
"2013-02-11T01:58:38Z",1301,1294
"2013-02-11T17:24:48Z",1302,1294
"2013-02-11T18:12:19Z",1302,1295
"2013-02-11T20:48:46Z",1303,1295
"2013-02-11T21:23:35Z",1303,1296
"2013-02-11T22:58:58Z",1304,1296
"2013-02-11T23:29:26Z",1304,1297
"2013-02-13T00:15:17Z",1305,1297
"2013-02-13T09:24:43Z",1305,1298
"2013-02-13T19:32:21Z",1305,1299
"2013-02-16T01:58:52Z",1306,1299
"2013-02-16T05:27:49Z",1306,1300
"2013-02-17T14:52:38Z",1307,1300
"2013-02-17T16:08:52Z",1307,1301
"2013-02-20T20:54:42Z",1308,1301
"2013-02-21T02:40:27Z",1308,1302
"2013-02-21T17:28:23Z",1308,1303
"2013-02-22T16:58:31Z",1309,1303
"2013-02-22T17:12:53Z",1309,1304
"2013-02-22T19:39:16Z",1310,1304
"2013-02-22T20:35:43Z",1310,1305
"2013-02-24T20:55:08Z",1311,1305
"2013-02-24T21:44:40Z",1311,1306
"2013-02-26T13:26:17Z",1312,1306
"2013-02-27T01:28:18Z",1313,1306
"2013-02-27T05:27:44Z",1313,1307
"2013-03-01T14:37:01Z",1314,1307
"2013-03-01T16:49:39Z",1314,1308
"2013-03-04T03:51:05Z",1315,1308
"2013-03-04T03:59:25Z",1315,1309
"2013-03-04T04:19:35Z",1316,1309
"2013-03-04T06:43:06Z",1317,1309
"2013-03-04T06:48:07Z",1317,1310
"2013-03-04T12:25:18Z",1318,1310
"2013-03-04T16:38:35Z",1319,1310
"2013-03-04T17:03:21Z",1319,1311
"2013-03-06T22:56:01Z",1320,1311
"2013-03-08T13:36:40Z",1321,1311
"2013-03-08T13:57:08Z",1321,1312
"2013-03-11T09:49:08Z",1322,1312
"2013-03-11T12:39:02Z",1322,1313
"2013-03-12T11:40:08Z",1323,1313
"2013-03-12T12:20:00Z",1324,1313
"2013-03-12T12:37:25Z",1324,1314
"2013-03-12T13:09:07Z",1324,1315
"2013-03-13T12:46:27Z",1325,1315
"2013-03-13T16:00:10Z",1325,1316
"2013-03-14T18:27:17Z",1326,1316
"2013-03-14T19:04:15Z",1326,1317
"2013-03-15T15:24:46Z",1327,1317
"2013-03-15T18:10:35Z",1327,1318
"2013-03-16T16:56:11Z",1328,1318
"2013-03-17T08:04:10Z",1328,1319
"2013-03-17T12:36:43Z",1329,1319
"2013-03-17T12:39:41Z",1329,1320
"2013-03-20T14:16:00Z",1330,1320
"2013-03-20T14:54:01Z",1330,1321
"2013-03-20T22:58:53Z",1331,1321
"2013-03-21T00:27:04Z",1331,1322
"2013-03-21T19:27:08Z",1332,1322
"2013-03-22T08:00:17Z",1333,1322
"2013-03-22T09:09:29Z",1333,1323
"2013-03-26T04:57:04Z",1334,1323
"2013-03-26T05:16:03Z",1334,1324
"2013-03-26T05:16:18Z",1334,1325
"2013-03-27T12:34:08Z",1335,1325
"2013-03-27T12:47:08Z",1335,1326
"2013-03-28T21:54:24Z",1336,1326
"2013-03-28T22:02:33Z",1336,1327
"2013-03-31T00:48:56Z",1337,1327
"2013-04-01T10:22:13Z",1337,1328
"2013-04-01T17:28:32Z",1338,1328
"2013-04-01T23:40:27Z",1338,1329
"2013-04-04T23:24:15Z",1338,1330
"2013-04-06T11:55:18Z",1339,1330
"2013-04-06T11:57:47Z",1339,1331
"2013-04-08T02:36:07Z",1339,1332
"2013-04-08T16:58:42Z",1340,1332
"2013-04-10T14:08:26Z",1341,1332
"2013-04-12T06:53:35Z",1342,1332
"2013-04-12T08:30:05Z",1342,1333
"2013-04-12T15:58:08Z",1342,1334
"2013-04-17T23:03:29Z",1343,1334
"2013-04-17T23:39:22Z",1343,1335
"2013-04-21T15:06:40Z",1344,1335
"2013-04-21T15:11:21Z",1344,1336
"2013-04-23T10:55:57Z",1345,1336
"2013-04-23T18:39:52Z",1346,1336
"2013-04-24T01:12:55Z",1346,1337
"2013-04-27T02:51:36Z",1347,1337
"2013-04-27T06:47:38Z",1347,1338
"2013-04-29T13:28:07Z",1348,1338
"2013-04-29T13:49:34Z",1348,1339
"2013-04-30T19:58:24Z",1349,1339
"2013-04-30T21:04:34Z",1349,1340
"2013-05-09T14:17:50Z",1350,1340
"2013-05-10T08:48:44Z",1350,1341
"2013-05-10T08:56:17Z",1350,1342
"2013-05-11T20:29:35Z",1351,1342
"2013-05-11T20:32:42Z",1351,1343
"2013-05-12T00:12:18Z",1352,1343
"2013-05-12T22:54:51Z",1352,1344
"2013-05-14T16:00:43Z",1353,1344
"2013-05-14T16:18:39Z",1353,1345
"2013-05-20T17:41:01Z",1354,1345
"2013-05-21T02:05:08Z",1354,1346
"2013-05-24T22:10:13Z",1355,1346
"2013-05-25T06:01:27Z",1356,1346
"2013-05-25T06:02:43Z",1356,1347
"2013-05-25T23:04:53Z",1357,1347
"2013-05-25T23:30:44Z",1357,1348
"2013-05-29T10:08:31Z",1358,1348
"2013-05-29T10:16:10Z",1358,1349
"2013-05-29T23:04:13Z",1359,1349
"2013-05-29T23:13:34Z",1359,1350
"2013-05-30T13:55:36Z",1359,1351
"2013-05-30T16:04:25Z",1360,1351
"2013-05-31T19:42:30Z",1361,1351
"2013-05-31T19:52:58Z",1361,1352
"2013-06-01T06:10:14Z",1362,1352
"2013-06-02T11:15:15Z",1363,1352
"2013-06-02T15:24:57Z",1363,1353
"2013-06-03T11:43:23Z",1364,1353
"2013-06-03T11:51:30Z",1364,1354
"2013-06-03T13:05:58Z",1365,1354
"2013-06-03T13:35:51Z",1365,1355
"2013-06-03T17:30:21Z",1365,1356
"2013-06-03T17:30:57Z",1365,1357
"2013-06-07T00:53:48Z",1366,1357
"2013-06-07T01:01:29Z",1366,1358
"2013-06-07T08:27:03Z",1367,1358
"2013-06-07T21:04:35Z",1368,1358
"2013-06-07T21:12:01Z",1368,1359
"2013-06-10T05:00:41Z",1369,1359
"2013-06-10T06:00:26Z",1369,1360
"2013-06-11T16:44:36Z",1370,1360
"2013-06-11T17:47:03Z",1370,1361
"2013-06-12T17:17:37Z",1371,1361
"2013-06-12T17:32:12Z",1371,1362
"2013-06-13T18:24:06Z",1372,1362
"2013-06-13T19:38:39Z",1373,1362
"2013-06-13T23:28:29Z",1374,1362
"2013-06-13T23:45:32Z",1375,1362
"2013-06-13T23:46:32Z",1375,1363
"2013-06-13T23:55:32Z",1375,1364
"2013-06-14T00:49:43Z",1376,1364
"2013-06-14T00:50:48Z",1377,1364
"2013-06-14T01:01:59Z",1378,1364
"2013-06-14T01:08:02Z",1378,1365
"2013-06-14T01:10:17Z",1378,1366
"2013-06-14T01:10:20Z",1378,1367
"2013-06-14T08:40:42Z",1379,1367
"2013-06-14T09:06:24Z",1379,1368
"2013-06-19T07:14:56Z",1380,1368
"2013-06-19T07:38:16Z",1381,1368
"2013-06-19T08:05:09Z",1382,1368
"2013-06-19T08:14:07Z",1382,1369
"2013-06-19T08:32:41Z",1382,1370
"2013-06-19T09:19:12Z",1382,1371
"2013-06-21T20:59:17Z",1383,1371
"2013-06-22T06:18:39Z",1384,1371
"2013-06-24T03:58:40Z",1385,1371
"2013-06-24T04:07:59Z",1385,1372
"2013-06-24T20:26:59Z",1385,1373
"2013-06-24T20:30:31Z",1385,1374
"2013-06-25T05:37:15Z",1386,1374
"2013-06-25T06:27:00Z",1387,1374
"2013-06-25T07:11:02Z",1388,1374
"2013-06-25T08:28:05Z",1388,1375
"2013-06-25T10:53:41Z",1388,1376
"2013-06-25T18:14:06Z",1388,1377
"2013-06-25T20:01:06Z",1388,1378
"2013-06-25T20:26:32Z",1389,1378
"2013-06-25T20:54:46Z",1389,1379
"2013-06-26T10:34:34Z",1389,1380
"2013-06-27T13:57:41Z",1390,1380
"2013-06-27T14:02:57Z",1390,1381
"2013-06-27T19:44:33Z",1390,1382
"2013-06-30T15:41:40Z",1391,1382
"2013-06-30T20:46:07Z",1391,1383
"2013-06-30T20:46:24Z",1391,1384
"2013-07-01T12:07:59Z",1392,1384
"2013-07-03T11:43:13Z",1393,1384
"2013-07-03T11:55:25Z",1393,1385
"2013-07-03T17:41:57Z",1394,1385
"2013-07-03T18:18:00Z",1394,1386
"2013-07-09T11:51:33Z",1394,1387
"2013-07-10T03:08:01Z",1395,1387
"2013-07-10T05:44:34Z",1395,1388
"2013-07-10T15:16:10Z",1396,1388
"2013-07-12T22:27:59Z",1397,1388
"2013-07-13T00:31:14Z",1397,1389
"2013-07-19T14:04:29Z",1398,1389
"2013-07-19T14:07:31Z",1398,1390
"2013-07-21T12:52:11Z",1399,1390
"2013-07-21T18:38:15Z",1399,1391
"2013-07-25T22:45:12Z",1400,1391
"2013-07-26T06:40:05Z",1400,1392
"2013-07-29T04:51:54Z",1401,1392
"2013-07-31T20:37:18Z",1402,1392
"2013-08-01T06:36:17Z",1402,1393
"2013-08-01T19:42:18Z",1403,1393
"2013-08-01T19:48:06Z",1403,1394
"2013-08-02T22:47:00Z",1404,1394
"2013-08-07T15:05:50Z",1405,1394
"2013-08-07T15:11:15Z",1405,1395
"2013-08-11T19:48:00Z",1406,1395
"2013-08-11T19:50:05Z",1406,1396
"2013-08-14T08:44:27Z",1407,1396
"2013-08-14T08:47:42Z",1407,1397
"2013-08-14T21:32:35Z",1408,1397
"2013-08-14T22:35:54Z",1409,1397
"2013-08-14T22:57:32Z",1409,1398
"2013-08-15T06:18:47Z",1409,1399
"2013-08-15T09:56:27Z",1410,1399
"2013-08-15T10:22:40Z",1410,1400
"2013-08-16T09:16:04Z",1411,1400
"2013-08-16T09:20:59Z",1411,1401
"2013-08-21T03:08:50Z",1412,1401
"2013-08-21T03:29:17Z",1412,1402
"2013-08-21T10:23:33Z",1413,1402
"2013-08-21T10:45:58Z",1413,1403
"2013-08-23T23:07:59Z",1414,1403
"2013-08-24T00:57:24Z",1414,1404
"2013-08-26T06:59:01Z",1414,1405
"2013-08-27T02:21:11Z",1415,1405
"2013-08-27T02:23:26Z",1415,1406
"2013-08-29T14:11:17Z",1416,1406
"2013-08-29T15:45:33Z",1417,1406
"2013-08-29T16:05:02Z",1417,1407
"2013-08-30T13:34:08Z",1418,1407
"2013-09-04T12:10:23Z",1418,1408
"2013-09-04T12:10:23Z",1418,1409
"2013-09-06T06:21:00Z",1419,1409
"2013-09-06T06:23:32Z",1419,1410
"2013-09-07T18:44:59Z",1420,1410
"2013-09-07T19:16:45Z",1420,1411
"2013-09-08T10:47:16Z",1420,1412
"2013-09-10T14:47:43Z",1421,1412
"2013-09-10T15:43:16Z",1421,1413
"2013-09-10T17:25:20Z",1421,1414
"2013-09-11T13:56:17Z",1422,1414
"2013-09-11T18:43:04Z",1423,1414
"2013-09-11T21:28:36Z",1423,1415
"2013-09-13T21:52:00Z",1424,1415
"2013-09-13T22:51:29Z",1424,1416
"2013-09-14T11:05:07Z",1424,1417
"2013-09-17T17:58:50Z",1425,1417
"2013-09-17T18:04:56Z",1425,1418
"2013-09-18T15:54:02Z",1426,1418
"2013-09-18T16:07:39Z",1427,1418
"2013-09-19T14:24:03Z",1427,1419
"2013-09-23T07:50:00Z",1428,1419
"2013-09-23T11:11:25Z",1428,1420
"2013-09-23T19:23:43Z",1429,1420
"2013-09-24T00:28:10Z",1430,1420
"2013-09-24T00:39:06Z",1430,1421
"2013-09-24T16:14:24Z",1430,1422
"2013-09-24T16:25:40Z",1430,1423
"2013-09-27T08:28:43Z",1431,1423
"2013-09-27T09:44:24Z",1431,1424
"2013-09-30T17:24:14Z",1432,1424
"2013-09-30T18:35:42Z",1432,1425
"2013-10-01T09:08:56Z",1433,1425
"2013-10-03T18:22:49Z",1433,1426
"2013-10-03T22:19:43Z",1434,1426
"2013-10-04T14:43:12Z",1435,1426
"2013-10-04T14:51:32Z",1435,1427
"2013-10-05T22:03:18Z",1436,1427
"2013-10-07T16:47:15Z",1437,1427
"2013-10-08T13:36:46Z",1438,1427
"2013-10-08T17:53:44Z",1438,1428
"2013-10-08T18:06:28Z",1439,1428
"2013-10-09T07:27:52Z",1440,1428
"2013-10-09T15:58:48Z",1441,1428
"2013-10-10T18:08:35Z",1442,1428
"2013-10-10T18:27:06Z",1442,1429
"2013-10-11T07:06:54Z",1443,1429
"2013-10-11T08:32:28Z",1443,1430
"2013-10-11T21:16:26Z",1444,1430
"2013-10-11T22:58:38Z",1444,1431
"2013-10-12T19:56:22Z",1444,1432
"2013-10-14T08:50:18Z",1444,1433
"2013-10-15T06:50:36Z",1445,1433
"2013-10-15T06:51:33Z",1445,1434
"2013-10-15T14:51:03Z",1446,1434
"2013-10-15T21:14:51Z",1446,1435
"2013-10-16T15:40:51Z",1447,1435
"2013-10-17T15:20:55Z",1447,1436
"2013-10-17T19:23:21Z",1448,1436
"2013-10-17T19:28:25Z",1448,1437
"2013-10-21T12:04:58Z",1449,1437
"2013-10-21T12:06:22Z",1449,1438
"2013-10-21T18:40:04Z",1449,1439
"2013-10-21T18:40:04Z",1449,1440
"2013-10-21T18:40:28Z",1449,1441
"2013-10-22T04:34:05Z",1450,1441
"2013-10-22T11:58:55Z",1450,1442
"2013-10-22T15:23:38Z",1451,1442
"2013-10-22T15:34:01Z",1451,1443
"2013-10-26T18:44:15Z",1452,1443
"2013-10-26T19:08:28Z",1452,1444
"2013-10-26T20:07:45Z",1453,1444
"2013-10-27T10:26:07Z",1454,1444
"2013-10-27T10:40:22Z",1454,1445
"2013-10-27T11:46:02Z",1455,1445
"2013-10-27T16:51:26Z",1455,1446
"2013-10-29T01:09:34Z",1455,1447
"2013-10-29T10:26:32Z",1456,1447
"2013-10-29T10:32:21Z",1456,1448
"2013-11-01T21:18:57Z",1457,1448
"2013-11-01T21:24:21Z",1457,1449
"2013-11-03T21:29:53Z",1458,1449
"2013-11-04T00:14:00Z",1458,1450
"2013-11-04T00:15:22Z",1458,1451
"2013-11-06T08:52:32Z",1459,1451
"2013-11-06T09:24:49Z",1459,1452
"2013-11-06T13:38:44Z",1460,1452
"2013-11-06T13:40:58Z",1460,1453
"2013-11-07T23:41:08Z",1461,1453
"2013-11-07T23:48:28Z",1461,1454
"2013-11-08T04:27:40Z",1462,1454
"2013-11-08T06:57:09Z",1462,1455
"2013-11-11T16:33:32Z",1463,1455
"2013-11-11T16:35:51Z",1463,1456
"2013-11-12T13:28:56Z",1464,1456
"2013-11-12T13:33:51Z",1464,1457
"2013-11-12T15:23:29Z",1465,1457
"2013-11-12T16:11:52Z",1466,1457
"2013-11-13T11:53:32Z",1467,1457
"2013-11-13T21:49:30Z",1468,1457
"2013-11-14T04:57:27Z",1468,1458
"2013-11-18T08:02:30Z",1468,1459
"2013-11-18T08:13:52Z",1468,1460
"2013-11-18T22:39:37Z",1468,1461
"2013-11-19T11:24:01Z",1469,1461
"2013-11-19T11:28:45Z",1469,1462
"2013-11-21T08:21:00Z",1470,1462
"2013-11-27T17:57:45Z",1471,1462
"2013-11-27T18:30:08Z",1471,1463
"2013-12-03T17:41:52Z",1472,1463
"2013-12-03T19:02:37Z",1472,1464
"2013-12-11T19:15:29Z",1473,1464
"2013-12-11T22:02:27Z",1473,1465
"2013-12-12T23:15:26Z",1474,1465
"2013-12-14T08:37:16Z",1475,1465
"2013-12-14T09:48:32Z",1475,1466
"2013-12-15T14:17:23Z",1476,1466
"2013-12-15T20:41:19Z",1477,1466
"2013-12-15T21:01:08Z",1477,1467
"2013-12-16T18:55:21Z",1478,1467
"2013-12-19T09:33:29Z",1479,1467
"2013-12-19T21:49:38Z",1479,1468
"2013-12-20T10:08:59Z",1479,1469
"2013-12-20T11:21:04Z",1479,1470
"2013-12-24T17:28:17Z",1479,1471
"2013-12-25T00:12:24Z",1479,1472
"2013-12-26T12:42:44Z",1479,1473
"2013-12-29T19:19:38Z",1479,1474
"2014-01-05T08:46:22Z",1480,1474
"2014-01-06T01:27:38Z",1481,1474
"2014-01-07T10:35:40Z",1482,1474
"2014-01-07T10:39:40Z",1482,1475
"2014-01-09T21:26:14Z",1483,1475
"2014-01-10T18:44:21Z",1483,1476
"2014-01-14T21:10:59Z",1484,1476
"2014-01-14T21:25:48Z",1484,1477
"2014-01-14T21:34:00Z",1485,1477
"2014-01-14T21:38:59Z",1485,1478
"2014-01-15T20:18:40Z",1485,1479
"2014-01-17T18:05:36Z",1486,1479
"2014-01-17T18:09:15Z",1486,1480
"2014-01-19T22:57:50Z",1486,1481
"2014-01-21T15:49:37Z",1487,1481
"2014-01-21T16:06:09Z",1487,1482
"2014-01-22T09:34:39Z",1488,1482
"2014-01-22T09:40:43Z",1488,1483
"2014-01-22T20:55:09Z",1489,1483
"2014-01-22T21:20:29Z",1489,1484
"2014-01-23T19:18:14Z",1490,1484
"2014-01-23T19:22:59Z",1490,1485
"2014-01-23T20:08:08Z",1491,1485
"2014-01-24T17:05:20Z",1492,1485
"2014-01-26T11:58:00Z",1493,1485
"2014-01-26T18:24:59Z",1493,1486
"2014-01-28T02:29:01Z",1494,1486
"2014-01-28T05:03:13Z",1494,1487
"2014-01-29T20:51:23Z",1494,1488
"2014-01-30T05:58:23Z",1495,1488
"2014-01-30T17:13:41Z",1496,1488
"2014-01-30T17:27:28Z",1496,1489
"2014-01-30T17:34:45Z",1497,1489
"2014-02-01T02:34:09Z",1498,1489
"2014-02-01T07:12:15Z",1498,1490
"2014-02-01T07:42:56Z",1498,1491
"2014-02-01T10:19:02Z",1498,1492
"2014-02-03T16:41:35Z",1499,1492
"2014-02-03T16:43:27Z",1499,1493
"2014-02-12T09:25:36Z",1500,1493
"2014-02-12T09:26:57Z",1500,1494
"2014-02-15T22:55:20Z",1501,1494
"2014-02-16T06:53:27Z",1501,1495
"2014-02-18T22:14:12Z",1501,1496
"2014-02-20T13:58:05Z",1502,1496
"2014-02-20T14:42:24Z",1502,1497
"2014-02-23T11:46:08Z",1503,1497
"2014-02-23T11:50:18Z",1503,1498
"2014-02-24T01:35:18Z",1504,1498
"2014-02-24T02:56:00Z",1505,1498
"2014-02-24T04:16:12Z",1506,1498
"2014-02-24T05:33:12Z",1506,1499
"2014-02-24T05:33:39Z",1506,1500
"2014-02-24T21:42:52Z",1506,1501
"2014-02-24T21:47:51Z",1507,1501
"2014-02-25T08:42:53Z",1507,1502
"2014-03-01T20:32:53Z",1508,1502
"2014-03-01T22:20:35Z",1508,1503
"2014-03-02T07:45:43Z",1508,1504
"2014-03-03T18:21:41Z",1509,1504
"2014-03-03T18:22:31Z",1509,1505
"2014-03-13T16:55:59Z",1510,1505
"2014-03-13T17:56:12Z",1510,1506
"2014-03-14T17:43:33Z",1511,1506
"2014-03-14T17:46:59Z",1511,1507
"2014-03-17T19:37:54Z",1512,1507
"2014-03-17T19:39:54Z",1512,1508
"2014-03-19T13:51:00Z",1513,1508
"2014-03-19T13:56:26Z",1513,1509
"2014-03-22T21:32:38Z",1514,1509
"2014-03-22T21:51:27Z",1515,1509
"2014-03-24T15:39:42Z",1515,1510
"2014-03-25T17:22:48Z",1516,1510
"2014-03-25T17:23:41Z",1516,1511
"2014-03-26T13:07:13Z",1517,1511
"2014-03-28T12:01:49Z",1518,1511
"2014-03-28T12:18:29Z",1518,1512
"2014-04-02T09:38:29Z",1518,1513
"2014-04-02T13:34:06Z",1519,1513
"2014-04-02T16:39:46Z",1519,1514
"2014-04-03T15:31:13Z",1520,1514
"2014-04-07T12:06:09Z",1521,1514
"2014-04-07T13:52:16Z",1521,1515
"2014-04-10T11:23:32Z",1522,1515
"2014-04-10T12:04:11Z",1522,1516
"2014-04-11T14:04:37Z",1523,1516
"2014-04-11T15:00:55Z",1523,1517
"2014-04-12T14:10:31Z",1524,1517
"2014-04-12T14:33:27Z",1524,1518
"2014-04-18T08:11:49Z",1525,1518
"2014-04-18T08:45:29Z",1525,1519
"2014-04-30T14:46:24Z",1526,1519
"2014-04-30T15:01:55Z",1526,1520
"2014-05-01T13:05:26Z",1527,1520
"2014-05-01T13:13:07Z",1527,1521
"2014-05-02T08:43:55Z",1528,1521
"2014-05-02T22:19:13Z",1529,1521
"2014-05-03T05:48:34Z",1529,1522
"2014-05-03T14:12:28Z",1530,1522
"2014-05-03T14:17:21Z",1530,1523
"2014-05-03T16:01:37Z",1531,1523
"2014-05-03T16:18:33Z",1531,1524
"2014-05-05T15:49:09Z",1532,1524
"2014-05-05T16:02:16Z",1532,1525
"2014-05-07T03:44:18Z",1533,1525
"2014-05-07T05:39:42Z",1533,1526
"2014-05-08T22:01:43Z",1534,1526
"2014-05-09T05:08:24Z",1534,1527
"2014-05-10T11:45:19Z",1535,1527
"2014-05-13T05:26:59Z",1535,1528
"2014-05-13T20:06:37Z",1535,1529
"2014-05-24T00:42:48Z",1536,1529
"2014-05-24T05:24:54Z",1536,1530
"2014-05-28T02:02:57Z",1537,1530
"2014-05-28T06:47:40Z",1537,1531
"2014-05-28T19:14:46Z",1538,1531
"2014-05-28T19:51:12Z",1538,1532
"2014-05-31T22:38:56Z",1539,1532
"2014-05-31T22:41:32Z",1539,1533
"2014-06-11T11:01:12Z",1540,1533
"2014-06-11T12:10:50Z",1540,1534
"2014-06-12T20:40:46Z",1541,1534
"2014-06-12T22:18:01Z",1541,1535
"2014-06-17T20:06:41Z",1542,1535
"2014-06-17T20:14:50Z",1542,1536
"2014-06-24T22:24:54Z",1543,1536
"2014-06-26T08:33:19Z",1544,1536
"2014-06-26T09:13:38Z",1544,1537
